Chapter,Error_Original,Error_Modified
000.txt,"[coherence] Amanda sees a boy with blond hair in the doorway, but when she calls out 'Josh?' she immediately says 'With a shock, I realized it wasn't Josh. For one thing, the boy had blond hair.' However, Josh is described earlier as having 'curly brown hair like Dad's' - so the 'shock' of realization based on hair color is contradicted by the fact that she should have immediately known it wasn't Josh based on hair color alone without needing a 'shock' of realization. More importantly, the narrative states 'For one thing, the boy had blond hair' as if this is a distinguishing feature from Josh, but this is actually consistent with what we know (Josh has brown hair), making the 'shock' and the phrasing 'For one thing' slightly odd - it should have been immediately obvious. However, the actual inconsistency is: Amanda calls out 'Josh?' but then realizes it wasn't Josh because of blond hair - yet she should have known instantly from behind that a blond-haired boy wasn't Josh. The 'For one thing' phrasing suggests there were other differences, but only hair color is mentioned, and this was visible from behind.","[coherence] The narrator states that Josh and Amanda 'both groaned loudly' when looking at the house, but immediately after, Mr. Dawes asks 'Everything okay?' and Dad explains 'Josh and Amanda aren't happy about moving.' However, Josh then says 'This house is gross' and Mr. Dawes responds as if hearing this for the first time. The 'groaned loudly' should have already indicated their displeasure to Mr. Dawes, making his surprise question and Dad's explanatory response somewhat redundant or oddly timed."
000.txt,,"[coherence] Amanda sees a boy with blond hair in the doorway of her room who then disappears down the hall. She calls out 'Josh?' initially, then realizes it wasn't Josh because the boy had blond hair. However, she then runs into the hallway and calls 'Who's here?' but never checks any of the closed doors in the hallway, despite the boy having just disappeared there seconds before. The doors are all closed, suggesting no one could have entered or exited rooms, yet she doesn't find this suspicious or investigate further, and simply accepts the hall is 'empty.'"
000.txt,,"[causality] Petey's sudden aggressive behavior toward Mr. Dawes is explained by Mr. Dawes suggesting 'He probably smells something on me. Another dog, maybe.' However, this explanation is never substantiated or followed up on, and Petey's unusual behavior—barking, howling, growling menacingly at Mr. Dawes specifically when he is normally well-behaved and friendly—suggests something more significant. The narrative sets up this anomaly but provides a weak, unverified explanation that doesn't account for why Petey was also desperately trying to get out of the car before even encountering Mr. Dawes."
001.txt,"[coherence] The narrator states Josh 'doesn't walk, he runs' as a known trait, yet earlier in the chapter Josh was described as having 'wandered off' multiple times by both the narrator and Dad. If Josh exclusively runs and never walks, 'wandered off' is inconsistent with his established behavior, and Dad's suggestion that Josh 'wandered off' contradicts his own later statement.","[cross_chapter] In Chapter 1, Josh was described as refusing to enter the house and staying outside with Petey. However, in this chapter, the narrator (Amanda) first calls for Josh and Petey, then looks in the car for them, implying they were expected to be nearby or had been in the car. More significantly, Dad suggests 'Maybe he wants us to think he's run away from home' and 'You know your brother when he doesn't get his way,' referencing Josh not getting his way about something. But in Chapter 1, Josh's refusal was about not entering the house—he was already outside, not deprived of something. The family acts as if Josh was with them and then disappeared, rather than having been left outside the entire time. There's no acknowledgment that Josh had been outside from the start and was never inside the house with them."
001.txt,"[cross_chapter] In Chapter 1, Josh refused to enter the house and stayed outside with Petey because he was upset about moving. In this chapter, Dad suggests Josh 'wants us to think he's run away from home' and 'when he doesn't get his way.' However, Chapter 1 established Josh was already outside and had not been inside to have a conflict about 'getting his way' regarding the house. There's no indication in Chapter 1 of an active argument or Josh not getting his way—he simply refused to enter. The motivation attributed to Josh here doesn't match the prior chapter's events.",
002.txt,"[cross_chapter] Chapter 2 summary states Amanda realizes 'with terror that something is chasing him through the gravestones,' but in this chapter Amanda explicitly realizes the opposite: 'Josh wasn't being chased. Josh was chasing. He was chasing after Petey.' The previous chapter's summary suggests she saw something threatening, but she actually misread the situation and quickly corrected herself.","[cross_chapter] Chapter 2 summary states Amanda 'realizes something is chasing him through the gravestones,' but in this chapter Amanda explicitly realizes the opposite: Josh was chasing Petey, not being chased. The previous chapter summary contradicts what actually happens in this chapter."
002.txt,"[cross_chapter] The previous chapter summary states they 'eventually spot Josh running wildly through a sunny cemetery,' but in this chapter Amanda is already in the cemetery with Josh when she realizes the truth about the chase. The summary implies they spotted him from the car, but the narrative shows Amanda was already walking toward him and had time to observe his movements closely before understanding what was happening.","[cross_chapter] In Chapter 1 summary, Petey shows 'uncharacteristic aggression toward real estate agent Mr. Dawes,' but in this chapter Mr. Dawes is helpful and concerned, with no mention of any prior aggression from Petey. More significantly, Mr. Dawes gives them a ride back to his office and seems friendly, with no tension from the supposed earlier aggression."
002.txt,"[coherence] Petey is described as running away from home, through streets and all the way to a cemetery, yet when caught and returned to the car, he immediately curls up and falls asleep. This seems unusually calm behavior for a dog that was supposedly so frantic he couldn't be stopped by calling, and who was 'sniffing each' gravestone 'then running to the next' just moments before. The sudden complete calmness contradicts the described frantic energy.","[coherence] At the end of the chapter, Amanda sees 'the same boy' in the window, implying she recognizes him from a previous encounter. However, the only previous mention of a boy was in Chapter 1 summary where Amanda 'briefly sees a mysterious blond boy in the hallway who vanishes.' This chapter treats the boy as someone she has seen before and recognizes, but the description doesn't match—she now sees him in a window at the new house, and there's no clear indication this is the same person or why she would be certain of it. The narrative assumes recognition without sufficient establishment."
003.txt,"[cross_chapter] In Chapter 3, Amanda spots the blond boy in the window when they arrive at the new house on moving day. However, in this chapter, she claims to see 'a boy upstairs' and describes it as a new discovery, yet her mother and Josh act as if this is the first time she's mentioned it. The narrative treats this as a fresh incident rather than Amanda recognizing the same boy from before. More significantly, Amanda's insistence that she saw 'his face' and her mother's dismissal of it as 'a reflection of a tree' contradicts the established fact that Amanda has already seen this boy twice before (once in the hallway in Chapter 1, once in the window in Chapter 3) and should recognize him.","[coherence] Amanda claims she saw the boy's face in the window upstairs, but she only saw him from outside the house looking up at a window. She could not have seen his face clearly enough to identify it as a boy, nor did she previously describe seeing his face—only that she saw 'someone' or 'a boy.'"
003.txt,"[coherence] Amanda sees the boy in an upstairs window from outside, then enters the house, wipes her feet, and goes upstairs to find him. However, when she reaches the second floor and checks rooms, she acts surprised to find bay windows in both the guest bedroom and 'her' room, and wonders 'Was the boy I saw staring down at me in my room?' This is incoherent because if she saw him in a window from outside, she should know which window/room he was in, or at least have a general idea of the window's location. The narrative treats her search as exploratory rather than directed toward a specific known location.","[cross_chapter] Amanda claims this is the same boy she saw earlier, but in Chapter 1 she saw a mysterious blond boy in the hallway inside the house, not in a window. In Chapter 3, she spots 'a mysterious boy in an upstairs window' on moving day. However, this chapter treats the window sighting as the same as the hallway sighting from Chapter 1, which is inconsistent—the first sighting was inside on the ground floor, not in an upstairs window."
003.txt,"[coherence] Amanda describes the doorknob as 'warm' and 'damp' when she grabs it, which is presented as ominous and unusual. However, she has already established that 'It was so hot up here, hot and damp' due to the weather and recent painting. A warm, damp doorknob would be expected under these conditions, not mysterious. The narrative treats this physical sensation as sinister foreshadowing while simultaneously providing mundane environmental explanations for exactly those conditions.",
004.txt,"[cross_chapter] In Chapter 4 summary, Amanda approaches her room and 'someone grab[s] her shoulder from behind'—this chapter begins with Josh grabbing her, but the previous chapter summary frames it as an unresolved cliffhanger. However, the bigger issue is that Chapter 3 summary states Amanda 'spots the same blond boy in an upstairs window staring down at her' on moving day, but in this chapter Amanda sees no such boy when she actually enters the house and goes upstairs. More critically, the Chapter 4 summary says Amanda was exploring 'the dark, hot, paint-smelling second floor' and 'After checking an empty guest bedroom, she approaches what will be her own room'—but this chapter begins with her already in the hallway outside her room with no transition from the guest bedroom, and Josh is already there to grab her despite having been left outside in Chapter 1 and only just arriving at the house in Chapter 4.","[cross_chapter] In Chapter 4 summary, Amanda is grabbed from behind by 'the boy' (the mysterious blond boy), but in this chapter she is grabbed by Josh as a prank. This contradicts the cliffhanger ending of Chapter 4 which implied the mysterious boy had caught her."
004.txt,"[coherence] Amanda lays down on the floor with 'my head and shoulders hidden inside the closet' to scare Josh, but then Petey licks her face. For Petey to lick her face, her face would need to be accessible, but she specifically positioned herself with her head hidden inside the closet. The physical positioning doesn't work—if her head is inside the closet, Petey would need to be in the closet to lick her face, but there's no indication Petey enters the closet.","[coherence] Amanda describes Josh having 'sheer terror' and backing away from her bedroom door, motioning for her to follow him away from the room. However, just minutes earlier Josh was the one playing a cruel prank on her and laughing at her fear. His sudden complete terror reversal is jarring and unexplained—he goes from confident prankster to terrified child with no transition, even before any actual scary event occurs (the door movement has a mundane explanation he doesn't yet know)."
005.txt,"[cross_chapter] Chapter 5 summary states Petey licked Amanda's face frantically at the end of that chapter, but this chapter begins with Amanda going to bed with no mention of Petey being present in the house. The dog is completely absent from this chapter despite being described as frantic and present at the end of Chapter 5.","[cross_chapter] In Chapter 5, Amanda's prank on Josh involved her pretending to be unconscious on her floor, causing Josh to run downstairs screaming for their parents. However, in this chapter, Amanda recalls how angry Josh was that she'd 'fooled him' and how her parents forced them to call a truce. The summary of Chapter 5 states Josh ran downstairs screaming for parents, but this chapter describes the aftermath as if both parents were present to witness the situation and force a truce, when in fact Josh was the one who went to get them. More significantly, the chapter states 'Of course, Mom and Dad didn't think it was funny. They were both nervous and upset because the moving van had just arrived, an hour late.' This creates a timing issue—if Josh had to run downstairs screaming to get the parents, the parents weren't immediately present to witness the prank, yet they somehow immediately forced a truce. The chapter also mentions the moving van arriving 'an hour late' as the reason for their mood, but this seems to conflate or misrepresent the immediate cause of the parental intervention."
005.txt,"[temporal] The narrator states she was 'wide awake at two-twenty' while trying to fall asleep, but later says she only slept 'an hour or two at the most' before being woken by whispers. However, she then describes it becoming morning with 'blue of the sky outside' after this brief sleep period. If she fell asleep after 2:20 AM and only slept an hour or two, it would be around 3-4 AM, not morning with blue sky. The timeline doesn't align properly.",
006.txt,"[cross_chapter] In Chapter 6, Amanda's nightmare involved her family as faceless corpses eating bones while her friend Kathy pounded on the door. However, in this chapter, Amanda recalls the nightmare as only 'the big platter of bones on the table' with no mention of the faceless corpses or Kathy pounding on the door, which were described as central terrifying elements of the dream. The summary of her nightmare is incomplete and inconsistent with what was established.","[cross_chapter] In Chapter 6, Amanda's nightmare featured her family as faceless corpses eating bones while Kathy pounded on the door. In this chapter, Amanda recalls only 'the big platter of bones on the table' with no mention of the faceless corpses or Kathy pounding on the door, which were central horror elements of the nightmare described previously."
006.txt,"[coherence] Josh is described as needing to know every detail of the day's plan 'so he could argue about it,' and he indeed argues extensively about walking versus biking. However, after all this resistance and needing to be threatened, he immediately agrees to 'a short walk' with no further protest, and then continues arguing with Dad about his basketball instead. This is somewhat inconsistent with his established stubbornness about the walk, though minor.","[coherence] Amanda says she will be dressed in five minutes and calls this out to Josh, but she is heading upstairs to get dressed while still wearing her bathrobe. However, she had just been doing dishes and wiping her hands on her robe, indicating she was already in a robe. The timing is slightly odd—she says she'll be dressed in five minutes but hasn't yet gone upstairs to change, yet a strange girl is already standing on the landing. This creates a minor spatial/temporal confusion about whether the girl appeared before Amanda could change or if Amanda was already upstairs."
007.txt,"[cross_chapter] In Chapter 7, Amanda sees a girl with 'short black hair' on the landing, but in this chapter Amanda describes seeing 'a girl' without specifying hair color, and the pile of clothes is just 'my clothes' with no mention of black hair or any feature that could be mistaken for it. More significantly, Dad says 'It's just clothes' and Amanda wonders 'Was it possible that I thought a pile of clothes was a smiling girl?' but the previous chapter explicitly described the girl as having 'short black hair' and 'a cold, frightening smile'—features that couldn't plausibly be mistaken for a pile of clothes, making Amanda's self-doubt and the 'clothes' explanation incoherent with what she actually witnessed.","[cross_chapter] Amanda sees a girl with short black hair on the landing, but when her father points out it's just clothes, Amanda describes 'a pile of my clothes' without any mention of the black hair that was supposedly so distinctive in Chapter 7. The clothes described (faded jeans and pale blue sleeveless T-shirt laid out on her bed later) don't match a 'pile of clothes' that could resemble a girl with short black hair."
007.txt,"[cross_chapter] In Chapter 6, Amanda experienced curtains billowing 'despite a closed window' and woke to find 'the curtains billowing again with the window still closed.' However, in this chapter, when Amanda enters her room, she sees 'the curtains billowing in front of the bay window' and notes 'This time, the window was open'—implying the previous billowing was also due to an open window. This contradicts the explicit supernatural detail from Chapter 6 that the window was closed during the billowing. Amanda's thought 'Not again' and 'This time, the window was open' falsely reframes the prior supernatural event as having a mundane cause.","[emotional] Amanda's emotional reaction to Josh contradicts her established protective, concerned relationship with him. After Josh shares a creepy dream that mirrors her own supernatural experiences (two boys laughing/giggling, matching her own nightmare and sightings), Amanda suddenly rolls her eyes and thinks he's 'bothering her with something so stupid'—despite having just been terrified herself and seeking his validation about the house being creepy. This is inconsistent with her earlier relief that Josh also felt unsettled by the house ('Huh? You, too?')."
007.txt,"[causality] Amanda hears 'whispering and hushed giggling behind the closet door,' storms over and finds no one, then wonders 'Had I heard the mice that Dad was talking about?' But mice do not produce sounds that could be mistaken for human whispering and giggling, making this explanation causally implausible. Amanda's immediate leap to 'mice' as an explanation doesn't logically follow from the auditory evidence she describes.","[coherence] Amanda hears 'whispering and hushed giggling behind the closet door' and storms over to investigate, finding no one. Yet immediately after, she concludes 'There was a logical explanation for everything' and calms herself down. However, she never actually finds any logical explanation for the whispering and giggling—she doesn't discover mice, a vent, or any other cause. This is a logical gap where she asserts a conclusion without supporting evidence."
008.txt,"[cross_chapter] Amanda recognizes Ray as 'the boy in the window' she saw in Chapter 3 and 4, but in those chapters she described seeing a blond boy in the upstairs window of her house. However, Ray reveals he 'used to live in your house' and 'I haven't been in your house in a long time.' If Ray hasn't been in the house in a long time, he cannot be the boy Amanda saw in the window just days ago during moving day. This creates a contradiction: Amanda is certain Ray is the boy she saw in her room/window, but Ray denies being there recently and claims he used to live there long ago.","[cross_chapter] Amanda recognizes Ray as 'the boy in the window' she saw in her room, but in Chapter 3 she saw a mysterious boy in an upstairs window from outside, and in Chapter 4 she saw a boy in an upstairs window that her mother dismissed as a reflection. In Chapter 7, she saw a mysterious girl with short black hair on the landing, not a boy. The blond boy she first saw in Chapter 1 was in the hallway inside the house, not in a window. There is no clear previous incident of a boy being 'in her room' or 'in the window' that matches her accusation here—she saw a boy in the hallway in Chapter 1, and saw a figure in the window from outside in Chapters 3-4, but never clearly saw a boy inside her room at a window."
008.txt,"[coherence] The narrative states that Josh pulls the leash from his shorts pocket and attaches it to Petey's collar, but earlier in the same scene, Josh is described as wearing shorts with pockets capable of holding a leash. However, the more significant issue is that after Petey is leashed, the text states 'The leash seemed to confuse Petey. He tugged against it, pulling Josh across the street. But at least he stopped barking.' Yet shortly after, when the gang of kids appears, 'Petey was pulling at his leash and barking his head off.' This is inconsistent—Petey had stopped barking when leashed, but then resumes barking 'his head off' without explanation for why the leash stopped working to control his barking.","[coherence] Josh pulls a leash from his pocket after Petey starts barking again, implying they had a leash with them all along. However, earlier when Petey was barking aggressively at Ray, Josh had to grab and pick up the dog manually, and Amanda had to hold the growling dog while Josh attached the leash. If they had the leash the whole time, it makes no sense they wouldn't have used it immediately when Petey first became uncontrollable around Ray, especially given how dangerous the situation seemed with Petey snarling and the boy looking frightened."
009.txt,"[cross_chapter] Mr. Dawes says 'Good morning' when greeting Amanda and Josh, but the narrative later states it was only 11:30 when the softball game ended. Combined with the dark, threatening sky described at the start and the fact that they had time to play two full innings of softball before 11:30, this suggests it was actually morning. However, in Chapter 9, Amanda and Josh went for a walk after breakfast and household chores, which would typically place such activities in late morning. The 'Good morning' greeting seems slightly off if it's approaching noon, but more importantly, the timeline is compressed—breakfast, chores, extended argument, getting dressed, walking, meeting Ray, being threatened, Mr. Dawes intervening, playing two innings, and all this before 11:30 strains credibility.","[cross_chapter] Mr. Dawes claims Petey 'still' doesn't like him, but in Chapter 1, Petey showed aggression toward Mr. Dawes during their very first meeting. However, in Chapter 3, the family went to Mr. Dawes's office where Dad completed paperwork, and Petey was present. The 'still' implies multiple negative interactions, but there's no evidence of any prior direct interaction between Mr. Dawes and Petey beyond the initial meeting where Petey was aggressive. More importantly, Mr. Dawes says 'Your dog still doesn't like me' as if this is an established, ongoing pattern, but the narrative treats this as a continuation of their very first encounter."
009.txt,"[coherence] Karen Somerset is described as wearing 'braces on all her teeth, up and down' which is physically anomalous—braces are typically on the outside surfaces of teeth, not 'up and down' all teeth. This description suggests a dental impossibility or at minimum a highly unusual and unclear description.","[coherence] Karen Somerset's statement that she 'used to live in your house' is treated by Amanda as impossible to have heard correctly, yet this directly parallels Ray Thurston's claim from the previous chapter that he 'used to live in their house.' Amanda should find this suspicious or meaningful given the recent identical claim from Ray, but instead she dismisses it as something that 'couldn't have been what she said.' This creates a coherence issue where Amanda fails to connect two nearly identical strange statements from different neighborhood kids about her house, especially after the threatening behavior of the kids just moments before."
009.txt,"[cross_chapter] Karen tells Amanda 'I used to live in your house,' which directly echoes Ray Thurston's situation (he used to live in their house per Chapter 9). This repetition suggests a pattern among Dark Falls children, but Amanda immediately dismisses it as impossible without reflecting on the identical claim from Ray. Given that Ray's claim was central to Chapter 9 and deeply unsettling, Amanda's failure to connect these identical statements represents a coherence gap in her characterization—she should at minimum note the parallel.",
010.txt,"[cross_chapter] In Chapter 8, Amanda finds clothes laid out on her bed and wonders why her neat-freak mother didn't put them away. In this chapter, she again finds clothes strewn on her bed and has the exact same thought about Mom being a neat freak, with no acknowledgment that this has happened before. She even uses the same reasoning (Mom too busy, planning to come back) rather than recognizing this as a repeat occurrence that should alarm her given the supernatural context.","[cross_chapter] Amanda sees a girl in white at the end of the upstairs hall, but when she investigates, it's 'just a pile of dirty sheets and other bedclothes against the wall.' However, in Chapter 8, her father convinced her that a mysterious girl on the landing was 'just a pile of clothes.' Now Amanda is independently seeing the same pile of clothes as a girl again, but this time it's described as 'dirty sheets and other bedclothes' rather than clothes. More significantly, in Chapter 8, Amanda had already accepted her father's explanation and even found clothes laid out on her bed afterward. The recurrence of this exact same visual confusion—seeing a girl that turns out to be fabric—suggests either Amanda is repeatedly hallucinating the same specific thing, or there's an inconsistency in how these encounters are presented. The chapter treats this as a new event rather than a pattern Amanda would recognize."
010.txt,,"[cross_chapter] Josh claims Petey ran to the cemetery 'when we first came to Dark Falls' and that 'he was looking for something there that day.' However, in Chapter 2, Josh was the one running through the cemetery being chased (or so it appeared), and Petey had simply run away from the house. In Chapter 3, it was revealed that Josh was chasing Petey through the cemetery, not that Petey was 'looking for something.' Josh's characterization of Petey's behavior as intentionally seeking something in the cemetery contradicts the earlier established events where Petey was simply running away and Josh was frantically chasing him."
010.txt,,"[coherence] Amanda describes her room making 'the usual sounds' of whispering and quiet footsteps, stating she 'wasn't at all scared of them or surprised by them anymore.' However, just moments later, when she enters her room and finds clothes strewn on her bed, she thinks 'That's strange' and is puzzled by her mother's uncharacteristic messiness. If the whispering and footsteps have become 'usual' enough that she's no longer scared, why is she still puzzled by related phenomena (the clothes)? More importantly, she then lies awake for an extended period, still wide awake and anxious, which contradicts her claimed nonchalance about the room's sounds. Her emotional response is inconsistent—she claims the sounds don't bother her, yet her behavior suggests ongoing unease."
011.txt,"[cross_chapter] Ray claims to have trouble sleeping and that his parents don't know he's out, but in Chapter 9 he was introduced as a neighborhood kid who used to live in Amanda's house, and in Chapter 10 he was with the other kids during the day. If Ray is dead (as revealed by his gravestone showing he died in 1988), his claim about parents and sleeping is a lie, but more importantly, the narrative treats his presence as normal until the gravestone reveal, creating a contradiction with his ability to interact during daytime in previous chapters when other dead kids also appeared during day.","[cross_chapter] In Chapter 9, Petey showed uncharacteristic aggression toward Ray Thurston, growling and barking at him. In this chapter, when they find Petey in the cemetery, the dog doesn't recognize them and acts hostile. However, there's no explanation for why Petey would be in the cemetery or how he got there from when he ran away at the playground. More importantly, the narrative treats Petey's strange behavior as a new mystery, but Petey's aggression toward Ray was already established as unusual—yet no connection is made between these two instances of Petey's odd behavior toward the dead children."
011.txt,"[coherence] Ray initially acts menacing and threatening, telling them they can't go to the cemetery with a low, threatening voice, but then his behavior is explained as fear of the cemetery. However, his earlier menacing behavior (wicked smile, threatening tone) doesn't match simple fear, and the narrative's attempt to explain it away as Amanda imagining things is undermined by the actual text showing genuinely threatening behavior.","[coherence] Ray is established as being dead (gravestone shows 1977-1988), yet he physically interacts with Amanda and Josh throughout the chapter—grabbing at Amanda's arm (missing), running side by side with them, standing close beside them, and speaking to them. While this is likely intentional supernatural elements, the narrative treats his physical presence as completely normal until the gravestone reveal, with no hints that he might be ghostly (other than being pale). However, the bigger inconsistency is that Ray physically tried to grab Amanda's arm to stop her from approaching the theater: 'He grabbed at my arm, but I hurried away, and he grabbed only air.' If Ray is a ghost with physical presence enough to run and speak, why would he grab only air? This suggests either selective intangibility that isn't explained, or a narrative inconsistency in how physical Ray is."
011.txt,"[coherence] Petey's behavior is inconsistent within the chapter. He is described as not recognizing Josh and Amanda, glaring with red eyes, smelling like a dead rat, and walking away from them. Yet earlier in the story, Petey was established as a normal, affectionate dog. The sudden hostility without any preceding indication of what changed him (other than being in the cemetery) creates a causal gap—especially since the gravestone reveal suggests the dead children are ghosts, but Petey is a living dog who somehow became 'wrong' without explanation.",
011.txt,"[cross_chapter] In Chapter 9, Ray was described as a 'pale blond boy' who used to live in the house. In this chapter, Amanda recognizes him as the boy from the playground and her window. However, in Chapter 10, Karen Somerset was the one who made the cryptic comment about having lived in Amanda's house, not Ray. The narrative seems to conflate which ghost children lived in the house versus just being neighborhood kids.",
011.txt,"[coherence] The amphitheater's existence at the edge of the cemetery is extremely odd and never properly explained. Ray calls it a 'meeting place' and 'town hall' for town meetings, but this makes no logical sense for a cemetery location, and the narrative treats it as merely weird rather than impossible. The leaning tree and the entire structure's existence in a cemetery lacks any causal explanation.",
012.txt,"[cross_chapter] Ray says he was supposed to watch Amanda 'for another few weeks' and that she 'wasn't supposed to find out yet,' but in Chapter 12, Ray had already revealed he was dead with glowing eyes beside his own gravestone. The secret was already fully exposed in the previous chapter, making this 'gradual revelation' timeline nonsensical.","[cross_chapter] Ray claims he 'used to live in your house' and was 'supposed to watch' Amanda, but in Chapter 12, Ray's gravestone showed he died in 1988, and the neighborhood children (including Karen) all used to live in Amanda's house. However, in this chapter, Ray says 'I used to live in your house' as if it were unique to him, when in fact all the dead children seem to have lived there. More significantly, Ray says 'You weren't supposed to know. Not for another few weeks, anyway,' implying a planned timeline for revealing the truth to Amanda, but this contradicts the established pattern where new families are lured to the house and killed for 'fresh blood'—there's no logical reason to delay revealing the truth to a victim who is meant to be killed."
012.txt,"[cross_chapter] Amanda acts shocked to learn Petey is dead, but in Chapter 12, Petey already 'smelled of death' and didn't recognize them, with both siblings observing his bizarre, corpse-like behavior. The extreme shock here contradicts their prior experience with the obviously wrong dog.","[cross_chapter] Ray states 'They kill the dogs first' and 'Dogs always recognize the living dead. That's why they have to go first.' However, in Chapter 11, Petey simply disappeared after escaping his leash at the playground—there was no indication of any 'they' killing him or any dog-killing protocol. The sudden assertion that dogs are systematically killed first contradicts the earlier mysterious disappearance of Petey, which appeared to be a natural escape rather than a targeted killing. Additionally, if dogs are always killed first because they recognize the dead, this raises questions about why Petey was allowed to live through multiple encounters with Ray and other dead children (at the house, on the walk, at the playground) before being 'killed first.'"
012.txt,"[location] Josh's flashlight location becomes inconsistent. Amanda sees Josh's light 'several rows away, almost to the street,' then sees him 'moving closer, heading our way,' but then when she needs to scream to him, 'couldn't see his light.' The rapid, unexplained disappearance of the light—after he was approaching—creates a location inconsistency, especially since Ray is actively threatening her and no explanation is given for Josh's reversed movement or extinguished light.",
013.txt,"[cross_chapter] In Chapter 12, Amanda discovered Karen Somerset died in 1988 or earlier. However, in this chapter, Karen says 'We used to live in your house' and Jerry says 'Now we're dead in your house!' This implies they all died in the house, but the timeline is unclear—if they died in 1988 or earlier, and the house was inherited from Great-Uncle Charles who presumably lived there until recently, there's a contradiction about who was living in the house and when.",
013.txt,"[cross_chapter] In Chapter 12, Amanda used her flashlight to discover the gravestones showing the children died in 1988 or earlier. However, in this chapter, it is Josh who holds the flashlight on Ray, causing him to melt. This contradicts the established pattern where Amanda had the flashlight and was the one making discoveries about the dead children.",
013.txt,"[coherence] Ray's voice is described as both 'a shrill whisper' and 'screeched' simultaneously, which are contradictory vocal qualities. A whisper is quiet and breathy, while a screech is loud and piercing. These two descriptions cannot logically coexist for the same utterance.",
013.txt,"[cross_chapter] In Chapter 13, Ray revealed that Petey was dead and that dogs are killed first because they recognize the living dead. However, in this chapter, Amanda and Josh are still trying to find their parents to leave Dark Falls, with no mention of Petey's confirmed death or any reaction to this devastating revelation. The emotional impact and narrative consequence of Petey's death is completely absent.",
013.txt,"[temporal] The chapter states it is 'nearly two in the morning' when Amanda and Josh return home. However, in Chapter 11, their parents left for 'a neighbor's party' and in this chapter Josh remembers 'The potluck party.' A potluck party lasting until nearly 2 AM is unusual for parents of young children, and there's no explanation for why they would be so late without leaving a note or contact information, especially given the established danger in Dark Falls.",
013.txt,"[coherence] Ray's physical destruction is inconsistent. His face sags and falls off, his skin melts away, his eyeballs roll out, and yet he is still able to take a step toward Amanda before falling. A being with no eyes, no face, and melting skin would not be able to coordinate movement or maintain structural integrity to walk.",
013.txt,"[cross_chapter] In Chapter 12, Ray explicitly stated that 'the dark' is their element and that light doesn't affect them normally ('We don't mind the dark. The dark is our element'). Yet in this chapter, ordinary halogen light causes Ray to melt and die permanently. This directly contradicts Ray's earlier statement about light not harming them.",
014.txt,"[cross_chapter] Mr. Dawes claims he was at the party with Amanda and Josh's parents and that all three of them escaped together, but in Chapter 14 the parents were simply missing from the house with no indication they had gone to a party with Mr. Dawes. Additionally, Mr. Dawes says he left the parents at the amphitheater, but in Chapter 12, Amanda and Josh already knew about the amphitheater's location from their own exploration, making Mr. Dawes's description of it as a hidden place suspicious and contradictory to what the kids already observed themselves.","[cross_chapter] Mr. Dawes claims he was at a party with Amanda and Josh's parents and that they escaped together, but in Chapter 11 the parents left for a party alone without mentioning Mr. Dawes would be there. There's no prior indication Mr. Dawes was invited to or attending their parents' party."
014.txt,"[cross_chapter] In Chapter 12, Amanda already discovered that Petey was dead and smelled of death, and Ray confirmed this. However, in this chapter, Josh still acts completely surprised and desperate to chase Petey in the cemetery, as if he doesn't know Petey is dead. Amanda even has to shout ""Petey is dead!"" to stop him, suggesting Josh was never told this crucial information despite being present in the cemetery with Amanda in Chapter 12-13 when Ray revealed it.","[coherence] Mr. Dawes says he left the parents at an outdoor theater and drove to rescue the kids, but then claims the parents are 'safe for now' and he'll show the kids where they are. If he just came from there, he should know their exact status rather than expressing uncertainty about how long they'll be safe."
014.txt,"[coherence] Mr. Dawes's story contains multiple logical inconsistencies that the characters fail to adequately question: he claims to have escaped with the parents but then left them hiding alone while he came to get the kids; he describes the amphitheater as hidden and unknown when Amanda and Josh already found it easily; and most critically, he claims the undead formed a circle around him and the parents at a party, yet the undead children are consistently described as needing to avoid light and being destroyed by it, making a nighttime party scenario with living adults inexplicable. The characters' hesitation about trusting him is minimal given these glaring issues.","[temporal] The chapter describes 'a low, orange sun began to show over the green treetops' and later 'The sun was a dark orange balloon just barely poking over the trees,' yet also states 'The sky was still dark, streaked with violet now.' These descriptions create contradictory timing—the sun is simultaneously rising and the sky is still dark as if night, which is physically inconsistent for the same moment."
015.txt,"[cross_chapter] Mr. Dawes states that 'most of us worked in the plastics factory on the outskirts of town' and that 'something escaped from the factory. A yellow gas.' However, in Chapter 15's summary, Mr. Dawes's gravestone reads 'COMPTON DAWES R.I.P. 1950-1980', meaning he died in 1980. The gas accident that killed everyone supposedly happened in or before 1988 (when the children died per Chapter 12), but Mr. Dawes died in 1980—eight years before the 1988 deaths. This creates a contradiction: Mr. Dawes could not have been killed by the 1988 gas accident if he died in 1980, yet he claims to have been a normal person working at the factory who was killed by the gas along with everyone else.","[cross_chapter] In Chapter 15 summary, Josh trips over Mr. Dawes' gravestone revealing his death (1950-1980), which exposes Mr. Dawes as dead. However, in this chapter, Amanda is surprised to learn Mr. Dawes is dead when he reveals it himself. The narrative treats this as a new revelation to Amanda, but she and Josh already discovered his gravestone in the previous chapter. Amanda even says 'Mr. Dawes—you, too!' suggesting she just realized it, but she should have already known from the gravestone."
015.txt,,"[coherence] Mr. Dawes is described as having 'sour breath' that Amanda can smell up close. However, as an established member of the 'living dead' who has been dead and buried since 1980, having functioning lungs and biological processes to produce breath (let alone sour breath) is logically inconsistent with being a corpse. This contradicts the established nature of the undead in this story."
016.txt,"[cross_chapter] The flashlight is described as hitting Mr. Dawes in the head and splitting his forehead, but in Chapter 16 it was established that Josh's flashlight was already broken from hitting a gravestone earlier. This chapter contradicts that by having a functional flashlight that successfully strikes Mr. Dawes.","[coherence] The narrator claims to reach for a baseball bat from the trunk of a car, but there is no car present in the cemetery scene. The siblings arrived on foot, and no car has been mentioned in this or previous chapters as being in the cemetery."
016.txt,"[coherence] The narrator states that Mr. Dawes has to stay in the shade because the sun is too bright for him, yet Mr. Dawes was just outside in the brightening sky moments earlier without any apparent difficulty. The sun was already 'raising itself over the treetops' when he first appeared, and he only now seems affected by it after being injured.","[coherence] The narrator states that Mr. Dawes was hit in the center of his forehead with a sickening crack, splitting a large hole where gray skull poked through. Yet moments later, he is walking and heading back toward the amphitheater with only a scowl, showing no significant impairment from what should be a devastating head injury. The physical damage described is inconsistent with his continued mobility and coherent behavior."
016.txt,,"[cross_chapter] In Chapter 16, Josh's flashlight broke when it hit a gravestone, which is why it failed to destroy Mr. Dawes. However, in this chapter, Josh successfully uses the same flashlight to hit Mr. Dawes in the head, and it apparently works fine—hitting with a sickening crack and splitting his forehead. This contradicts the previous chapter's explanation that the flashlight was broken and therefore ineffective against Mr. Dawes."
017.txt,"[cross_chapter] In Chapter 16, Josh's flashlight was explicitly stated to be broken from hitting a gravestone earlier, leaving the siblings helpless. In this chapter, Amanda tells Josh to 'Push!' repeatedly to move the tree, and there is no mention of the flashlight being used or functional. However, the tree eventually falls due to cracking/rotting, not from sunlight exposure via flashlight. The narrative never explains how the flashlight issue was resolved or if they had another light source, creating a gap in the causal chain of how they expected to save their parents without a working flashlight.","[cross_chapter] In Chapter 16, Josh's flashlight broke when it hit the gravestone, making it useless. However, in this chapter, Josh hits Mr. Dawes with a flashlight that somehow works again: 'Josh hits him with a flashlight, revealing his undead nature.' This contradicts the previous chapter where the flashlight was explicitly stated to be broken and non-functional."
017.txt,"[causality] The tree's sudden cracking and falling is causally unexplained. Amanda and Josh were pushing with all their effort and failed completely—the tree 'gave a little, but bounced right back.' Then Amanda merely slumps onto the tree trunk in defeat, and suddenly it begins cracking loudly and falls on its own. There is no established cause for why the tree would suddenly break after their failed pushing attempt, especially since Amanda's weight slumping on it would be negligible compared to their combined shoulder pushes. The tree's structural failure appears magically timed rather than causally motivated.","[coherence] The chapter describes the tree as initially not moving despite Amanda and Josh's desperate pushing ('Was the tree moving? No. It gave a little, but bounced right back'). However, moments later, the tree falls due to a 'soft cracking sound' that grows into a roar, with no additional force applied by the characters. The tree falls on its own without explanation for what caused the structural failure after their pushing failed. Amanda even slumps onto the tree in defeat before it mysteriously begins cracking. The cause of the tree actually falling is unexplained and appears to be a convenient coincidence rather than a result of their efforts."
017.txt,"[cross_chapter] In Chapter 15, Mr. Dawes claimed to have rescued Amanda and Josh's parents from a party and hidden them at the cemetery amphitheater. In Chapter 16, Mr. Dawes said their parents were 'safe and sound.' However, in this chapter, the parents are found tied back-to-back in the amphitheater, not rescued or safe. This contradicts Mr. Dawes's claims, but more importantly, there is a missing causal explanation for how the parents went from being 'at a party' (Chapter 15) to being captured and tied up. The narrative never shows or explains the parents' actual capture, creating a gap between Mr. Dawes's deception and the revealed reality.",
019.txt,"[cross_chapter] This chapter introduces characters named Margaret, Casey, Diane, and Dr. Brewer/Mrs. Brewer, which completely contradicts the previous chapters that feature Amanda, Josh, Petey, Mr. Dawes, and the town of Dark Falls. The previous chapters are from 'Welcome to Dead House' (Goosebumps #1), while this chapter is clearly from 'Stay Out of the Basement' (Goosebumps #2) with entirely different characters, setting, and plot. There is no narrative connection between the Brewer family and the Benson family from Dark Falls.","[cross_chapter] The previous chapter summaries describe a completely different story (Amanda and Josh in Dark Falls with ghostly children) while this chapter features entirely different characters (Margaret, Casey, Diane, and Dr. Brewer) in a different plot (father's basement experiments). The character names, setting, and narrative continuity from previous chapters do not match this chapter at all."
019.txt,"[cross_chapter] The setting has inexplicably changed from Dark Falls (a creepy, shady town with a cemetery and inherited house) to an unspecified location where the Brewer family lives, with a basement where Dr. Brewer conducts experiments. This is a completely different story with no transition or explanation from the previous 18 chapters about Amanda and Josh in Dark Falls.","[cross_chapter] The previous summaries establish Amanda (12) and Josh (11) as siblings moving to Dark Falls with their parents and dog Petey, encountering supernatural events with undead townspeople. This chapter introduces Margaret, Casey, Diane, Mrs. Brewer, Dr. Brewer, and Aunt Eleanor with no connection to the previous narrative. The setting has changed from Dark Falls to an unspecified location with a basement laboratory."
019.txt,,"[cross_chapter] The narrative arc from previous chapters (moving to haunted house, discovering undead townspeople, escaping Dark Falls) has been completely abandoned. This chapter appears to be from a different book entirely, with no logical continuation of the Amanda/Josh story or resolution of the cliffhangers from previous chapters (particularly Chapter 19 which was unavailable)."
020.txt,"[cross_chapter] The previous chapter summaries establish that Dr. Brewer has forbidden the children from entering the basement and has been working there secretly for two weeks. However, this chapter describes the basement as having a fully developed 'jungle' of plants with enormous fruits, and the children seem surprised by everything they see despite apparently having been in the house while their father worked. More critically, the chapter treats the basement exploration as happening in Chapter 20 (per previous summary), but the content here shows Casey getting shocked by electrical equipment—yet previous Chapter 20 summary only mentions them descending into the basement with no mention of this incident. The summaries suggest this is from a completely different book series (Goosebumps 'Stay Out of the Basement' with Margaret, Casey, and Dr. Brewer) that has been incorrectly mixed with the 'Welcome to Dead House' summaries (Amanda, Josh, Dark Falls). The character names, setting, and plot are entirely inconsistent with the established narrative.","[cross_chapter] Previous chapter summaries establish this is from 'Goosebumps: Stay Out of the Basement' with characters Margaret, Casey, and Diane. However, the first 19 chapter summaries describe a completely different story ('Goosebumps: Welcome to Dead House') with characters Amanda, Josh, Petey, and Mr. Dawes in Dark Falls. The narrative abruptly switches to an entirely different book with different characters, locations, and plot without any transition or explanation."
020.txt,"[cross_chapter] This chapter features characters Margaret, Casey, Diane, and Dr. Brewer in a basement with plant experiments, which directly contradicts all previous chapters that feature Amanda, Josh, Petey, Mr. Dawes, and the town of Dark Falls. This appears to be a chapter from a completely different book (Goosebumps #2: Stay Out of the Basement) that has been erroneously included in the sequence. There is no narrative continuity whatsoever between the Dark Falls zombie story and this plant-experiment basement story.","[coherence] The chapter contains a significant spelling inconsistency where Margaret exclaims 'It's like a sabana!' which appears to be a misspelling of 'savanna.' This creates confusion about what she is actually trying to say, as 'sabana' is not a standard English word for an environment type."
020.txt,,"[coherence] The narrative describes enormous red tomatoes on a 'slender, yellow stalk' which botanically contradicts how tomatoes grow. Tomatoes grow on vines, not on tree-like or slender yellow stalks in the manner described. This is inconsistent with the jungle/rain forest plant theme established."
020.txt,,"[causality] The breathing plant is established as producing 'steady, rhythmic' breathing sounds that both Margaret and Casey can clearly hear. However, when Diane moves closer to listen, the sound has inexplicably stopped with no cause given—no one touched the plant, no environmental change occurred, and the plant was not shown to have any mechanism to stop. The abrupt cessation with no explanation violates causal consistency."
021.txt,"[cross_chapter] Previous chapter summaries establish this is a completely different story (Dark Falls/Amanda and Josh zombie story), but this chapter features Margaret, Casey, Diane, and Dr. Brewer from a plant horror narrative. The characters, setting, and plot have abruptly changed without transition, indicating this is likely from a different book entirely (Goosebumps: Stay Out of the Basement) mixed into the wrong sequence.","[cross_chapter] The previous chapter summary (Chapter 21) states that Casey 'receives a violent electrical shock that causes his body to shake uncontrollably,' implying a genuine dangerous incident. However, this chapter reveals Casey's shaking was entirely a prank ('Gotcha!'). The previous summary's description of a 'violent electrical shock' contradicts the revelation that Casey was faking the entire reaction. The chapter itself also contains a minor inconsistency where Margaret 'lunged at Casey, and reached out to try to pull him away from the glass' but there's no glass mentioned in the immediate scene—though this may refer to the 'mysterious glass booth' from the previous chapter."
021.txt,"[cross_chapter] The previous chapter (21) already noted this was 'from a different narrative than the previous Dark Falls storyline,' yet the sequence continues with this same wrong narrative instead of returning to the Amanda/Josh Dark Falls story. The summaries show chapters 1-18 follow Amanda and Josh, then chapter 19 is missing, and chapters 20-21+ abruptly switch to Margaret/Casey/Dr. Brewer with no explanation.",
021.txt,"[coherence] Casey fakes a severe electrical shock so convincingly that both girls believe he's in mortal danger, yet there's no explanation for how he produced the physical effects (shaking, jerking, wild eyes, inability to stop when they attack him) without actual electricity. The narrative treats this as a simple prank, but the physical description exceeds what a person could realistically fake voluntarily.",
022.txt,,"[cross_chapter] In Chapter 22, Casey left his T-shirt behind in the basement during their forbidden exploration. However, in this chapter, Margaret thinks 'It doesn't take this long to pick your T-shirt up from the floor and run up the stairs,' implying Casey went back to retrieve a T-shirt he already left behind. But the urgency and Casey's actual mission in the basement is to get the T-shirt he left there—this is actually consistent. The real error is that Margaret refers to 'your T-shirt' as if Casey owns it and it's his to retrieve, but there's a subtle contradiction in how the T-shirt's location is described: in Chapter 22, Casey 'left his T-shirt behind,' while here Margaret thinks of it as 'pick your T-shirt up from the floor,' suggesting it was removed and dropped there rather than simply left behind. More significantly, Margaret's thought 'It doesn't take this long to pick your T-shirt up from the floor' contradicts the established danger and suspense—she's minimizing the task when she should know the basement is forbidden and dangerous."
023.txt,"[cross_chapter] Previous chapter summaries establish that Margaret, Casey, and Diane explored the basement together in Chapter 22, with Casey faking a shock and leaving his T-shirt behind. However, this chapter shows Casey going down alone to retrieve his shirt, with Margaret only calling from the top of the stairs. Diane is completely absent despite being present in the previous basement exploration. The summary states 'they flee upstairs' together, but this chapter depicts Casey going alone with Margaret staying upstairs.","[coherence] The plant's tendrils are described as both 'hanging down, loosely coiled on the soil around its trunk' and then as 'taut. Ready.' in a way that suggests a sudden change, but when they grab Casey they are described as 'warm and wet against his bare skin' despite Casey wearing a T-shirt that he was retrieving—he had taken it off earlier but the text doesn't clearly establish he was shirtless when grabbed, and the tendrils wrapped around his waist where a T-shirt would typically cover."
023.txt,"[cross_chapter] The previous chapter summary states Casey 'fakes a severe electrical shock as a prank' and that 'they flee upstairs just as their father returns home.' However, this chapter shows Casey genuinely terrified and going alone to retrieve his shirt, with no mention of the father having returned home or of the prank shock. The timeline and circumstances of retrieving the shirt don't match—previously they fled because the father was coming home, but here Casey is sneaking down while Margaret calls from upstairs with no father present.","[cross_chapter] In Chapter 22, Casey left his T-shirt behind in the basement after the prank and the children fled when they heard moaning. In this chapter, Casey goes to retrieve the T-shirt and finds it 'lying crumpled on the floor.' However, in Chapter 22, the moaning came from the plants and caused them to flee in panic. Here, Casey hears breathing, moaning from a supply closet, and plant sounds before being grabbed. The inconsistency is that in Chapter 22, the moaning was clearly from the plants and prompted immediate flight, but in this chapter, Casey hears multiple threatening sounds (including a 'human' moan from the closet) yet continues advancing toward the shirt rather than fleeing, contradicting the established danger level that made all three children flee previously."
023.txt,"[coherence] Casey experiences the plant tendrils wrapping around him and is paralyzed with fear, unable to call for Margaret despite trying twice. However, Margaret suddenly appears beside him 'He hadn't heard her come down the stairs. He hadn't seen her enter the room.' This is implausible given Casey was facing the room, struggling with the plant, and Margaret would have had to come down the same stairs and through the same entrance he was facing. His complete failure to notice her arrival strains credibility, especially since he was actively looking around and listening.",
023.txt,"[coherence] Margaret effortlessly pulls the tendril off Casey 'with all her strength' and it 'went slack' immediately, allowing Casey to easily escape. This contradicts Casey's own extensive struggling where he used 'all his strength' multiple times including trying to roll away, with the tendrils holding firm. The sudden ease of Margaret's rescue is inconsistent with the established threat level of the plant.",
024.txt,"[cross_chapter] The previous chapter (Chapter 24) ended with Margaret and Casey at the top of the stairs finding their father glaring down at them with anger. This chapter begins with Margaret crying 'Dad—the plants!' and the father already staring down at them, but there's a missing transition explaining how they got from the bottom of the stairs to a position where they're looking up at him. More significantly, the previous chapter explicitly stated 'they found their father standing at the top glaring down at them with anger,' but this chapter has him asking 'You're okay?' and being 'cool but not angry'—a direct contradiction of his emotional state.","[cross_chapter] Margaret's friend Diane was present in the previous two chapters (20-21) when they snuck into the basement together, but she is completely absent from this chapter with no explanation. Margaret and Casey act as if they went to the basement alone, and Diane is never mentioned despite having been part of the group."
024.txt,"[coherence] Margaret internally notes that her father 'always yelled at us the last time we started into the basement,' but Casey immediately contradicts this by saying 'He sure yelled at us the last time we started into the basement.' Margaret then responds 'That's not Dad's style,' which directly contradicts both her own observation and Casey's statement. This creates a logical inconsistency about whether yelling is or isn't typical behavior for Dr. Brewer.","[cross_chapter] In Chapter 22, Casey deliberately faked an electric shock as a prank, and all three children (Margaret, Casey, and Diane) were present when they heard moaning and fled. In this chapter, Casey says ""We didn't touch anything"" and their father is disappointed, but there's no mention of Diane's presence or her parents being notified, which would be expected if a friend's child was involved in a dangerous incident."
024.txt,"[coherence] Dr. Brewer is described as having 'cold and angry, unblinking' eyes and a 'hard expression,' then later his expression is 'totally flat, almost robot-like, revealing no emotion at all.' These two descriptions are contradictory—he cannot be simultaneously displaying cold anger and revealing no emotion whatsoever. The narrative shifts between these states without explanation.","[coherence] Margaret internally notes that their father 'always yelled at us the last time we started into the basement' and that he's 'always a very direct person' who expresses anger openly, yet she also says 'That wasn't like him. Not at all.' These observations are contradictory—if he always yelled before and is always direct, then being cold and silent is indeed unlike him, but the 'last time' reference suggests he has been consistently angry/yelling about the basement, making this behavior actually precedented rather than completely unprecedented."
024.txt,"[cross_chapter] In Chapter 20, Mrs. Brewer had already left for Tucson, and in Chapter 22, Margaret mentions 'Mom got off okay?' and the father responds 'I guess.' However, in this chapter, Margaret asks again 'Mom got off okay?' as if this is new information being discussed for the first time, and the father again responds 'I guess.' This repetition suggests a narrative reset or editing error where the same conversation is being replayed as if it hadn't happened before.",
025.txt,"[cross_chapter] The previous chapter summaries establish that Margaret already saw her father eating plant food in Chapter 25 ('Margaret discovers her father secretly eating plant food from a bag in the kitchen'), yet in this chapter she reacts with shock and horror as if witnessing this for the first time. She describes the realization as new ('She suddenly realized she was squeezing,' 'How could her dad eat mud?'), and later tells Casey 'I told you what I had seen' as if this is a fresh revelation. The narrative treats this as her first time witnessing the plant food consumption, contradicting the previous chapter where she already discovered this behavior.","[cross_chapter] In Chapter 25 summary, Margaret discovers her father eating plant food in the kitchen. This current chapter shows Margaret discovering this for the first time with the same level of shock and horror, suggesting this is the initial discovery rather than a continuation. The chapter treats the plant food eating as a new revelation Margaret is processing, yet the previous chapter summary indicated she already witnessed this. The narrative appears to be retreading the same discovery rather than advancing from it."
026.txt,"[cross_chapter] The previous chapter summary (Chapter 26) states that Margaret 'reacts with horror upon (re)discovering her father Dr. Brewer eating plant food' and that Casey accidentally knocks off the Dodgers cap revealing green leaves. However, in this chapter, Margaret thinks 'But she couldn't ask that one. She couldn't let her dad know she'd been spying on him' and treats the plant food discovery as a secret she hasn't revealed. The previous chapter summary suggests she already confided in Casey about this, creating a contradiction about whether she's keeping it secret or already revealed it.","[cross_chapter] The previous chapter summary (Chapter 26) states that Margaret learns her father was fired from PolyTech, but earlier in the previous summaries, Chapter 20 states he was 'laid off.' Being 'fired for refusing to stop dangerous experiments' contradicts being 'laid off,' which typically implies a workforce reduction rather than termination for cause. This chapter does not resolve this inconsistency and continues with the narrative as if both characterizations are compatible."
026.txt,"[coherence] Margaret observes her father's hand 'still bleeding' with 'bright green' liquid, which she identifies as not blood. However, Dr. Brewer had earlier explained the leaves on his head as 'just a side effect' that would go away. The green liquid from his wound suggests a more fundamental plant-like transformation of his biology, which contradicts his casual dismissal of the leaves as temporary and superficial. If his blood has turned green, this is not a minor side effect but a major physiological transformation.","[coherence] Dr. Brewer claims the leaves on his head are 'just a side effect' and 'only temporary' with no real explanation, but the narrative treats this as an evasion rather than a genuine explanation. While this is intentional characterization showing Dr. Brewer hiding information, the repeated insistence that 'there's nothing to explain' when there clearly is something highly unusual to explain creates a logical tension in the scene's dialogue—Margaret and Casey accept this non-explanation too readily given their established fear and suspicion."
026.txt,"[temporal] Margaret hears her father's footsteps at 2:30 AM and goes to the bathroom. However, earlier in the chapter, Dr. Brewer said 'I spoke to your mom on the phone this morning' and the children had dinner, phone calls, homework, TV, and went to bed before this late night scene. The timeline is compressed but plausible; however, the more significant issue is that Margaret describes 'late that night' activities including going to bed, yet is still awake at 2:30 AM without explanation for why she remained awake so long after her normal routine, and her father is also awake and active at this hour without prior establishment of his unusual sleep patterns.","[coherence] Margaret observes her father's hand bleeding bright green liquid and immediately concludes 'It couldn't be blood—could it?' with certainty, yet the narrative later states she thinks 'He saw me—and now he's coming after me.' If she were truly certain it wasn't blood and understood the full horror of what green blood implies (that he may not be fully human or may be transforming), her fear response of hiding in bed seems disproportionately mild. The narrative shifts from scientific horror realization to childlike fear without clear emotional logic."
027.txt,"[coherence] Margaret decides to go downstairs for water because her mouth is dry, but after being scared by Casey and mopping up water, she goes back to bed without ever getting a drink. Then she notes 'Her mouth was still achingly dry, she realized. She had never managed to get a drink.' This is internally consistent, but the narrative presents her going all the way downstairs, opening the refrigerator, and reaching for the bottle—she was literally about to drink when Casey scared her. The repetition of her still being thirsty after this elaborate sequence feels like a narrative stutter, but more importantly, she never thinks to simply get another drink after the spill is cleaned up. She just closes the refrigerator and leaves.","[cross_chapter] The previous chapter summaries establish the characters as Amanda and Josh in the 'Dark Falls' story (Goosebumps: Welcome to Dead House), but this chapter suddenly features Margaret, Casey, and Dr. Brewer from a completely different Goosebumps book ('Stay Out of the Basement'). The previous chapter (27) ended with Margaret fleeing her father in terror, but the chapter summaries before that all describe Amanda and Josh's story in Dark Falls. This appears to be a book/chapter mix-up where chapters from two different books have been interleaved incorrectly."
027.txt,"[cross_chapter] In Chapter 27, Margaret spies on her father at 2:30 AM and sees green liquid dripping from his bandaged hand. In this chapter, she thinks about how 'He had leaves growing out of his head, he was eating dirt, and his blood was green.' However, she never actually saw his blood was green—she saw a green liquid dripping from a bandaged hand, which could have been various things. More significantly, she thinks 'his blood was green' as established fact, but the previous chapter only showed her seeing green liquid from a bandaged hand, not explicitly green blood. This is a subtle overreach in her internal reasoning, though arguably she could be inferring this.","[cross_chapter] The previous chapter summary (Chapter 27) describes Margaret spying on her father in the bathroom and discovering his hand bleeds bright green liquid, then fleeing back to her room. This chapter begins with Margaret already in bed, trembling and listening to water in the bathroom sink, which matches the timeline. However, the previous chapter summaries 1-19 describe an entirely different story (Amanda and Josh in Dark Falls), while chapters 20-27 describe Margaret and Casey. The numbering suggests these are all from one continuous narrative, but they are actually two separate books with incompatible plots, characters, and settings."
027.txt,"[coherence] Margaret notes that 'It is tomorrow' when thinking about school, but then her alarm goes off at 7:30 and she remembers there's no school for two days. However, when she first woke up trembling in bed, the clock showed 2:43, and she thought about calling her mother but decided not to because it was too late. After the basement moan incident and going back to sleep, she wakes to the alarm. The phrase 'It is tomorrow' appears in her thoughts when she's downstairs getting water, but this is actually still the middle of the night (after 2:43 AM). The alarm at 7:30 would indeed be 'tomorrow' from the 2:43 perspective, but her thought 'It is tomorrow' while at the refrigerator seems temporally confused—it's the same night/early morning, not a new day yet.","[coherence] Margaret thinks 'If only Mom were home' and considers calling her mother to 'wake her up,' but then notes the time is 2:43 and remembers her mother is in Tucson. However, if her mother is in Tucson (a different city), calling to 'wake her up' implies she would be sleeping at home, but then Margaret remembers she's in Tucson caring for her sister. The phrasing 'wake her up' suggests calling her at home, but she's not at home—she's in another city. This creates a slight logical inconsistency in Margaret's thought process about where exactly her mother would be when called."
027.txt,,"[coherence] Margaret notes that 'It is tomorrow' when thinking about school, but then her alarm goes off at 7:30 and she remembers there's no school for the next two days. If it's already 'tomorrow' when she's in the kitchen at 2:43 AM, then when her alarm goes off at 7:30, it would be later that same day (which is 'tomorrow' from the night before). However, she thinks about school and then remembers there's no school, implying she had forgotten this fact. The phrase 'It is tomorrow' is odd—she seems to mean that the night has passed and morning has come, but she uses it while still in the kitchen at night, creating a confusing temporal reference that doesn't quite align with her later alarm scene."
028.txt,"[cross_chapter] The chapter states that Margaret told Diane about their father's condition and that Diane suggested calling the police, but in Chapter 26, Diane was present when Casey's Frisbee revealed Dr. Brewer's green leaves, and in Chapter 20-22, Diane was involved in the basement exploration. However, the phone conversation described here suggests Diane doesn't know the full extent of the transformation (green blood, insect-filled dirt), which contradicts her having witnessed the leaf-hair incident and participated in the basement exploration. More significantly, Margaret says 'I told some of it to Diane' implying Diane only knows partial information, but Diane was directly involved in multiple bizarre discoveries and even provided information about Dr. Brewer being fired from PolyTech.","[cross_chapter] The previous chapter summary states Margaret discovered her father's bed filled with crawling insects and earthworms, but in this chapter, she tells Casey about 'insect-filled dirt in his bed.' This is a slight inconsistency—'insect-filled dirt' versus 'crawling insects and earthworms'—though the core idea is similar enough that it could be considered a minor variation rather than a major contradiction."
028.txt,"[coherence] Dr. Brewer claims their mother called 'just a short while ago' and that the children were outside and didn't hear the phone, but Margaret had been in the house earlier that morning (making breakfast, talking on the phone with Diane, pacing in the living room, banging on the basement door). If the mother called while Margaret was inside the house, Margaret would have heard the phone ring. The timeline doesn't work—Margaret was only outside with Casey after he came downstairs at 10:30, and their father came up 'a few hours later' for lunch. A morning phone call would likely have occurred when Margaret was still inside.","[coherence] Margaret is described as 'desperate to talk to her dad' and bangs on the basement door, yet when her father finally comes upstairs and offers to interact with them, she and Casey are surprised and race to see him. This creates a slight emotional inconsistency—if she was desperate to talk to him earlier, why is she surprised he came upstairs? However, this could be explained by the passage of time and her giving up hope."
029.txt,"[cross_chapter] Dr. Brewer locks the basement door in Chapter 25, but in this chapter Mr. Martinez simply pulls open the basement door without any mention of it being locked or Dr. Brewer unlocking it. This contradicts the established fact that the basement was secured with a lock.","[cross_chapter] The previous chapter summaries establish that Dr. Brewer installed a lock on the basement door in Chapter 25, and Margaret and Casey were caught sneaking down in Chapter 24. However, in this chapter, Mr. Martinez simply 'pulled open the main door' to the basement with no mention of Dr. Brewer unlocking it, and the children are able to freely 'creep into the hall' to observe. The basement door being locked was a major plot point, yet it's treated as accessible without any unlocking action shown."
029.txt,"[coherence] Margaret and Casey dump the green food into the garbage and then place the empty bowls back on the table beside the spoons. When Dr. Brewer asks if they finished their lunch, Casey says 'Yeah, it was pretty good'—but the bowls would be visibly empty, making this lie easily detectable. Dr. Brewer is pleased by this answer and doesn't notice the empty bowls, which is inconsistent with his earlier frantic, obsessive behavior about them eating the food.","[coherence] Dr. Brewer is described as 'carefully closing and locking the door behind him' when he and Martinez enter the basement, yet Margaret and Casey are apparently still able to observe them from the hall and then freely discuss going back to the basement later. If the door is locked, this creates a logical issue with how they plan to return, and also raises questions about how they observed the handshake and entrance if the door was immediately closed and locked."
029.txt,,"[cross_chapter] In Chapter 28, Margaret discovered her father's bed filled with 'crawling insects and earthworms,' confirming his inhuman transformation. However, in this chapter, Dr. Brewer is wearing 'a Dodgers cap' which he adjusts. This is inconsistent with Chapter 26's revelation that 'Dr. Brewer has lost all his hair and now has bright green leaves sprouting from his scalp.' A baseball cap would not fit or sit normally on a head with leaves sprouting from the scalp, and more importantly, the cap would be completely inadequate to hide such a dramatic transformation from Mr. Martinez during a face-to-face professional interaction."
030.txt,"[cross_chapter] In Chapter 25, Dr. Brewer installed a lock on the basement door after catching the children. In this chapter, Margaret tries the door and finds it 'Locked, as usual,' and Casey picks it with a paper clip. However, in Chapter 30, Casey proposed they sneak into the basement, but there is no indication they actually did so until this chapter. More importantly, the lock was installed by Dr. Brewer specifically to keep them out, yet the narrative treats this as the first time they're picking it, which is consistent, but the 'as usual' phrasing suggests this is routine when the lock was only recently installed.","[cross_chapter] The previous chapter summaries establish that Dr. Brewer installed a lock on the basement door in Chapter 25, and the lock is mentioned again in Chapter 28 as 'the locked basement.' However, in this chapter, Margaret tries the door and finds it 'Locked, as usual,' but then Casey easily picks it open with a paper clip. This contradicts the established fact that the door was locked by their father—if he wanted to keep them out, a simple paper clip lock pick would make the lock ineffective, yet there's no indication the lock was weak or that Dr. Brewer was careless. More importantly, the narrative treats the lock as a meaningful barrier when a paper clip can defeat it in seconds, undermining the father's security measure established in previous chapters."
030.txt,"[cross_chapter] In Chapter 30, Mr. Martinez arrived and went to the basement with Dr. Brewer. The chapter ended with Casey proposing they sneak into the basement, but this chapter begins with them waiting for their father to leave to help Mr. Henry next door. There is no mention of Mr. Martinez's visit being resolved or what happened with that storyline. The narrative jumps from Casey proposing to sneak down to a completely new opportunity (father helping Mr. Henry), leaving the Mr. Martinez plot thread unresolved and unmentioned.","[emotional] Margaret pulls Casey close and 'letting a warmth linger that didn't belong' is a strangely inappropriate physical and emotional description between siblings, especially given the context of danger and their established sibling relationship. This moment of physical intimacy with 'warmth that didn't belong' suggests an emotional or physical closeness that contradicts their typical sibling dynamic established in previous chapters, where they tease each other and show normal familial concern but nothing bordering on romantic or inappropriate physical intimacy."
030.txt,"[coherence] The chapter describes the basement as having 'steamy, hot air' with air 'so wet, so thick, that droplets immediately clung to her skin,' yet also mentions 'squinting against the sudden bright light.' The combination of steamy/humid air with extremely bright light is physically inconsistent—steam and high humidity typically diffuse and scatter light rather than creating a 'sudden bright light' that causes squinting. The lighting conditions described contradict the atmospheric conditions.","[cross_chapter] In Chapter 24, Casey was grabbed by snakelike tendrils from a tall tree and had to be rescued by Margaret. In Chapter 28, they heard mournful moaning from the locked basement. Despite these direct, terrifying experiences, Casey in this chapter shows no fear or hesitation about returning to the basement, instead grinning mischievously and treating it as an adventure. While some bravado fits his character, his complete lack of trauma response or memory of nearly being captured by plants contradicts the severity of their previous experiences. Margaret also seems to have forgotten the moaning and danger, only vaguely referencing 'last time' without the urgent terror established in Chapter 24's ending."
031.txt,"[cross_chapter] The chapter introduces Margaret and Casey finding Mr. Martinez's jacket and tie hidden under a worktable, implying he may not have left the house as believed. However, in Chapter 30, Mr. Martinez arrived at the door, insisted on seeing the basement, and went down with Dr. Brewer. There is no previous mention of Mr. Martinez removing his jacket and tie, nor any scene showing him leaving or being harmed. The discovery of his clothing hidden under the table contradicts the expected continuity—if he went to the basement with Dr. Brewer, his jacket should not be hidden under a worktable unless something happened to him there, which was not depicted.","[cross_chapter] In Chapter 24, Margaret rescues Casey from plant tendrils and they flee together toward the stairs where their father blocks them. However, in this chapter, Margaret and Casey are exploring the basement together when Casey is grabbed by a tendril, which contradicts the previous account where Margaret had already rescued him and they were fleeing together. The scenario in this chapter treats the tendril grab as a new event rather than a continuation of their previous escape."
031.txt,"[coherence] Margaret states they have 'no idea what to look for' and 'can't tell if Dad is telling the truth or not,' yet in previous chapters (particularly Chapter 27), Dr. Brewer already explained his experiments to Margaret and Casey, showing them the DNA transfer between glass booths. They have significant information about what he's doing and have already observed his physical transformation (green leaves on scalp, green blood, eating plant food, insect-filled bed). Their claim of having 'no idea' what to look for contradicts their extensive knowledge from prior investigation and spying.","[coherence] Margaret and Casey are searching the basement to discover what their father is really doing, yet Margaret already knows extensive details about his experiments from previous chapters (DNA transfer between glass booths, plant-animal hybrids, his green blood, leaves growing from his scalp, insect-filled bed, eating plant food). Their stated motivation of 'we have no idea what to look for' contradicts established knowledge they already possess."
031.txt,"[coherence] Casey claims Mr. Martinez 'told Dad he got a lift,' but in Chapter 30, Mr. Martinez arrived unexpectedly at the door and there was no mention of him discussing transportation with Dr. Brewer in front of the children. The children were not present for any such conversation between the adults, and Mr. Martinez's arrival was portrayed as a surprise. Casey has no apparent source for this information about Mr. Martinez getting a lift.",
032.txt,"[coherence] Margaret thinks 'That squirrel turned out to be a friend' and 'It showed us the only escape route,' but the squirrel was merely chased out the window in the previous chapter and did not intentionally show them anything. The squirrel's exit was incidental, not a deliberate act of assistance, making Margaret's attribution of friendship and purposeful guidance illogical.","[coherence] Margaret thinks 'That squirrel turned out to be a friend' and 'It showed us the only escape route,' but the squirrel was merely a false alarm in the previous chapter (Chapter 32) and did not show them any escape route. The escape route through the window was discovered by Margaret and Casey themselves while hiding from footsteps on the stairs."
032.txt,,"[cross_chapter] In Chapter 32, Mr. Martinez's 'suit jacket and tie' were found hidden under a worktable, but in this chapter Margaret refers to them as 'Mr. Martinez's jacket and tie' without the 'suit' descriptor. More significantly, in Chapter 32 they found the items under a worktable while hiding, but here Margaret presents this discovery to her father as if they just found it during this basement visit, when in fact they had already discovered it in the previous chapter."
032.txt,,"[coherence] Dr. Brewer claims he 'called Martinez this morning' and is going to return his things, but if Martinez had actually visited and left his jacket and tie due to heat (as Brewer claims), Martinez would presumably know where his belongings were and wouldn't need Brewer to call him or return them. The explanation is suspiciously convenient, but more importantly, Margaret and Casey found the items hidden under a worktable in Chapter 32, not casually left on top of it as Brewer claims."
033.txt,"[cross_chapter] Mr. Martinez's blue suit trousers and black shoes are found hidden behind shelves in the basement, but in Chapter 32, Margaret and Casey found his 'blue suit jacket and red-striped necktie hidden under a worktable.' The clothing items are inconsistent—Chapter 32 mentions jacket and tie, while this chapter finds trousers and shoes. Additionally, if Casey 'unfurled the trousers and held them up,' this suggests the trousers were folded/bundled, but the jacket and tie from Chapter 32 were found separately under a worktable, not behind shelves with trousers and shoes.","[coherence] Margaret takes a book from the attic and goes to sit under a tree, but then immediately turns and pulls open the kitchen door with no transition or explanation of why she went to the kitchen instead of the tree. The narrative jumps from yard to kitchen without logical connection."
033.txt,,"[cross_chapter] In Chapter 32, Margaret and Casey found Mr. Martinez's suit jacket and tie hidden under a worktable in the basement. In this chapter, Casey finds Mr. Martinez's shoes and trousers behind shelves in the basement. However, the previous discovery of the jacket and tie is never mentioned or referenced by either sibling, despite it being highly relevant to their current discovery. They act as if finding the trousers and shoes is their first clue about Martinez, contradicting their established knowledge from the previous chapter."
034.txt,"[coherence] The plant groaning and tendrils moving is described as if the children are surprised by it, but they have already experienced the plants moaning, sighing, moving toward them, and attacking with tendrils in previous chapters. Their reaction of being 'startled' by a plant groan is inconsistent with their established knowledge of the plants' behavior.",
034.txt,"[cross_chapter] In Chapter 32, Margaret and Casey discovered Mr. Martinez's blue suit jacket and red-striped necktie hidden under a worktable. In this chapter, Casey finds Mr. Martinez's 'pants and shoes on the floor' and his wallet. However, in Chapter 34, the previous chapter summary states that Casey discovered 'Mr. Martinez's blue trousers, black shoes, and wallet hidden behind shelves.' The location of the discovery has changed from 'behind shelves' (Chapter 34) to simply 'on the floor' (this chapter), and the jacket and tie discovered in Chapter 32 are not mentioned here despite being significant evidence. This creates a contradiction in where and how the clothing was found.",
034.txt,"[coherence] The closet door is described as having 'a two-by-four had been nailed over it' and being locked. Yet after prying off the two-by-four, the children then struggle with the lock and eventually pry the entire door off its hinges. If the door was already secured with a two-by-four nailed over it, this suggests someone went to extreme lengths to secure it, but the narrative treats the additional lock as a separate obstacle. More importantly, the description of prying 'the door off the way we pulled off the two-by-four' is confusing—they pulled off a board nailed across the door, not the door itself. The physical description of the door's construction and how they're trying to open it becomes muddled.",
036.txt,"[coherence] There are two Dr. Brewers present (one with axe, one with Dodgers cap), but the chapter later states 'All four of them turned to the doorway'—Margaret, Casey, axe-wielding Dr. Brewer, and cap-wearing Dr. Brewer. However, Mrs. Brewer then 'appeared at his side,' making five people, yet the text never accounts for her arrival in the count. More critically, the cap-wearing Dr. Brewer is described as entering through the doorway, but then Mrs. Brewer appears 'at his side' without any indication of her entering, creating confusion about how she arrived in the basement.","[coherence] The chapter presents two Dr. Brewers in the basement, but the narrative never establishes how the 'real' Dr. Brewer got into the basement or where he came from. The previous chapter ended with the plant-duplicate Dr. Brewer tied up, and Margaret and Casey in the basement. The sudden appearance of a second Dr. Brewer entering from the stairs with Mrs. Brewer lacks any explanation for how he got there, why he's with Mrs. Brewer, or where he's been."
036.txt,"[cross_chapter] In Chapter 32, Margaret and Casey discovered Mr. Martinez's blue suit jacket and red-striped necktie hidden under a worktable. In Chapter 34, Casey discovered Mr. Martinez's blue trousers, black shoes, and wallet hidden behind shelves. These discoveries strongly implied Mr. Martinez was killed or harmed by Dr. Brewer. However, this chapter (which appears to be Chapter 36 or 37 based on sequence) shows Mrs. Brewer returning home and the family confronting a plant duplicate of Dr. Brewer, with no mention of Mr. Martinez's disappearance, the hidden clothing items, or any resolution to that major plot thread. The Martinez subplot appears to be completely dropped without explanation.","[cross_chapter] The previous chapter summaries establish that Dr. Brewer (the plant duplicate) was tied up by Margaret and Casey in Chapter 35/36, and that the children were in the basement. However, this chapter opens with the tied-up Dr. Brewer already free and holding an axe, with no explanation of how he escaped his bonds. The narrative gap between being tied up and being free with an axe is unexplained."
036.txt,"[coherence] The cap-wearing Dr. Brewer says 'Here's your mother' as if Mrs. Brewer was with him when he entered, but the narrative describes him entering alone ('to see an alarmed-looking Dr. Brewer enter') and then Mrs. Brewer 'appeared at his side.' This creates inconsistency about whether Mrs. Brewer entered with him or appeared separately, and the timing of her arrival is unclear.",
037.txt,"[cross_chapter] In Chapter 37, Mrs. Brewer arrives at the basement with the Dodgers cap Dr. Brewer. However, in this chapter, Mrs. Brewer is present during the confrontation between the two Dr. Brewers but her location is inconsistent. The chapter states Mrs. Brewer is at the doorway ('still too frightened to move from the doorway'), but there's no clear indication of how she got there or when she entered, and her presence contradicts the cliffhanger ending of Chapter 37 where only the two Dr. Brewers were mentioned as being present with Margaret and Casey. More significantly, in Chapter 37 the Dodgers cap Dr. Brewer enters 'with Mrs. Brewer,' but in this chapter's retelling of events, Mrs. Brewer seems to react as if just discovering the situation ('Kids—what have you done?'), suggesting she wasn't fully aware of the two fathers before, which contradicts her having entered with the cap-wearing Dr. Brewer in the previous chapter.","[cross_chapter] The previous chapter summary (Chapter 37) states that the plant-duplicate Dr. Brewer 'has somehow escaped being tied up and now wields an axe menacingly,' but in this chapter, the axe-wielding Dr. Brewer is the one who was supposedly locked in the closet (the 'real' father according to the cap-wearing version), while the cap-wearing Dr. Brewer claims to be the real one who locked the other up. The roles are reversed from what was established—Chapter 37 indicates the plant duplicate had the axe, but here the axe-wielder is accused of being the copy by the cap-wearer, and Margaret later realizes the axe-wielder is the imposter because he doesn't call her 'Princess.' This creates confusion about which duplicate was tied up and which had the axe in the previous chapter."
037.txt,,"[coherence] Margaret's reasoning for determining which father is real is logically flawed and inconsistent. She concludes the capless Dr. Brewer (the one from the closet/axe-wielder) is her real father because he calls her 'Princess,' but this is the same man she earlier thought was the imposter who would 'kill our real dad. And mom. And then… us!' If the axe-wielder is the real father, then the real father was the one trying to destroy the other with an axe, behaving violently and dangerously—which contradicts Margaret's earlier thought that 'Dad would never act like this.' The narrative wants both: the axe-wielder is dangerously unhinged (so Margaret fears him) AND he's the real father (because of the nickname), but these are incompatible—either the real father acts dangerously out of character, or the nickname clue is unreliable."
037.txt,,"[coherence] Both Dr. Brewers have identical bandages on their right hands, which Margaret uses as the basis for her 'idea' to test them with a knife. However, the narrative never explains why both have bandages, how the plant copy would have the same injury, or what Margaret's actual plan is. She asks for a knife, then immediately stabs the capless Dr. Brewer without any clear testing methodology being executed. The bandage observation is set up as a crucial clue but leads to an impulsive stabbing without logical connection between observation and action."
037.txt,,"[cross_chapter] The chapter contains a significant character name/identity inconsistency with the previous summaries. All previous chapters (20-37) consistently refer to the siblings as 'Margaret and Casey' and their parents as 'Dr. Brewer' and 'Mrs. Brewer.' However, the very first chapter summary provided in the previous summaries refers to completely different characters: 'Amanda (12) and Josh (11)' in 'Dark Falls' with 'Great-Uncle Charles' and 'Mr. Dawes.' This indicates the previous summaries are from a completely different book series (Goosebumps: 'Welcome to Dead House') rather than the current book (Goosebumps: 'Stay Out of the Basement'). The summaries for chapters 1-19 describe an entirely different narrative about undead townspeople, while chapters 20-37 suddenly switch to the Brewer family plant clone story. This is not a narrative error within the chapter itself, but a cross-chapter metadata error in the provided context—the summaries are from two different books improperly sequenced together."
038.txt,"[cross_chapter] Margaret claims she saw green blood 'late at night' in the bathroom, but in Chapter 27 she saw green liquid dripping from her father's bandaged hand at 2:30 AM while spying on him. However, at that time she believed it was her real father and didn't know about the plant duplicate yet. The narrative implies she saw the real Dr. Brewer's green blood, but this chapter reveals the plant duplicate was the one with green blood all along (since the real Dr. Brewer was locked in the closet). This creates confusion about which 'father' she actually saw, and whether her deduction method actually works—if she saw the real father's green blood, then green blood isn't a reliable test. If she saw the duplicate's green blood, then her 'real father would have red blood' logic is flawed because she never actually confirmed the real father had red blood during that bathroom incident.","[coherence] Margaret stabs the capless Dr. Brewer to test if he bleeds red blood, confirming he's the real father. However, earlier in the same confrontation, this same capless Dr. Brewer already picked up the axe and swung it to kill the capped Dr. Brewer, who then bled green liquid and was revealed to be a plant. The children had already witnessed the capped Dr. Brewer bleed green and have a stem body—there was no need for Margaret to stab the capless one to verify, as the plant nature of the capped one was already definitively proven by the axe blow."
038.txt,"[coherence] The narrative states that Dr. Brewer 'accidentally cut my hand on a slide' and 'some of my blood got mixed in with the plant molecules,' creating a plant-human hybrid. However, the clone/duplicate was 'an exact copy of me in almost every way' with 'my brain, my mind.' If the original accident merely mixed blood with plant molecules, it's unclear how this created a fully-formed intelligent duplicate with the original's memories and personality. The mechanism doesn't logically explain how a blood sample could produce a complete mental copy with the original's consciousness and knowledge to continue experiments.","[cross_chapter] In Chapter 38, Margaret stabbed the capless Dr. Brewer in the arm with a knife to test his blood. In this chapter, the narrative describes her action differently: 'Margaret pulled the knife back, having made a tiny puncture hole.' However, the previous chapter clearly stated she 'grabbed a knife and stabbed' him, and he 'cried out as the blade cut through the skin.' The wound is now minimized as a 'tiny puncture hole' despite him crying out from the blade cutting through skin."
038.txt,"[coherence] The real Dr. Brewer has leaves growing from his scalp as a result of the same accident that created the plant duplicate. This means the real Dr. Brewer also has plant characteristics (green leaves instead of hair). Yet Margaret's test for 'real dad' depends on red blood versus green blood. If the real father has been partially transformed into a plant (leaves growing from his head), it's inconsistent that his blood would remain completely human red while the duplicate's is green—both were created by the same process mixing plant and human materials. The narrative never explains why the real father's blood would stay red while the duplicate's turned green, especially when both show physical plant characteristics.","[coherence] Dr. Brewer explains that his plant-clone was 'almost a perfect clone of me, almost a perfect human, but not quite' and that having leaves on his head was 'one of the flaws.' Yet the real Dr. Brewer also has leaves growing from his head, which everyone agrees is 'really gross.' If the leaves were a flaw marking the clone as imperfect, the real Dr. Brewer having the same feature undermines this as a distinguishing characteristic. The narrative treats the real father's leaves as a temporary side effect he'll recover from, but this creates confusion about why leaves were a decisive 'flaw' in identifying the clone when both had them."
039.txt,"[cross_chapter] This chapter introduces Evan Ross and his mother Mrs. Ross arriving at Aunt Kathryn's house, which is completely unrelated to the ongoing Dark Falls/Amanda-Josh storyline from previous chapters. The previous chapters (1-18) followed Amanda and Josh in Dark Falls dealing with dead children, and chapters 20-39 followed Margaret, Casey, and Dr. Brewer's plant experiments. This chapter appears to be from a third, unrelated narrative (Goosebumps 'Welcome to Dead House' vs 'Stay Out of the Basement' vs what appears to be 'The Headless Ghost' or another book), creating a major cross-chapter continuity break. The chapter numbering 'index split 001' also suggests this is from a different source/compilation.","[cross_chapter] The chapter introduces Evan Ross and his mother leaving him with deaf Great-Aunt Kathryn, which completely contradicts the previous chapter summaries that follow Amanda and Josh in Dark Falls (Chapters 1-19), then Margaret and Casey with Dr. Brewer (Chapters 20-39). This appears to be from a completely different book (likely 'The Scarecrow Walks at Midnight' or another Goosebumps book featuring Evan and Kathryn), not a continuation of the established narrative about Dark Falls or Dr. Brewer's plant experiments. The chapter numbering 'index split 001' also suggests this is from a different source/text entirely, not following the sequential chapter structure of the previous summaries."
039.txt,"[cross_chapter] The chapter numbering system 'index split 001' does not follow the established sequential numbering from previous chapters (which went from 1-39). This suggests the text has been improperly compiled or extracted from a different source, creating a structural inconsistency with the previous chapter summaries provided.",
040.txt,"[coherence] Evan's mother says she'll call from Atlanta and then immediately leaves down the stairs to say goodbye to Kathryn, but there's no indication of any time passing or travel to Atlanta before she says this. The statement 'I'll call you from Atlanta' implies she is already leaving for or has reached Atlanta, but she is still physically present in the house leaving down the stairs.","[coherence] Kathryn claims she can't hear Evan's response about having a girlfriend, but she responds to his whispered 'No. Not really' by crying 'Yes? I knew it!' This is contradictory—if she's deaf, she shouldn't be able to hear his quiet reply, yet she directly responds to it as if she heard him deny having a girlfriend and interpreted it as confirmation."
040.txt,"[cross_chapter] The chapter summaries indicate this is Chapter 2 of a new narrative about Evan and his great-aunt Kathryn, but the previous chapter (Chapter 40) already introduced this same scenario with Evan being left at Kathryn's house. This chapter repeats the same setup with Evan arriving at Kathryn's house, his mother leaving, and Kathryn appearing with a knife—events that were already established as the cliffhanger ending of Chapter 40. This creates a narrative discontinuity where the same inciting events are being re-presented rather than continuing from where Chapter 40 left off.","[coherence] Kathryn is established as deaf and repeatedly demonstrates this by not responding to things said quietly or asking people to repeat themselves. However, she somehow hears and responds to Mrs. Ross's comment 'Yeah… he's big' despite Mrs. Ross speaking normally and not directly addressing Kathryn with visual cues. This is inconsistent with her established deafness."
040.txt,,"[cross_chapter] The previous chapter summary (Chapter 40) states that Evan is twelve years old. However, in this chapter, Kathryn remarks that Evan is 'big' and 'not like his father,' and the narrative states 'Actually, Evan was one of the shortest kids in his class.' While not a direct contradiction of age, the previous chapter's description of him as twelve combined with his mother's treatment of him (leaving him alone with a strange relative, the ten-dollar bill for treats) suggests a younger child. More significantly, the previous chapter summary states 'Evan Ross, a twelve-year-old boy' but the narrative voice and his behavior (fear of being left, clinging to mother, the simplicity of his concerns) reads much younger, closer to 8-10. However, this is a minor characterization inconsistency rather than a hard contradiction."
041.txt,"[cross_chapter] The chapter introduces Evan and his dog Trigger staying with great-aunt Kathryn, but the previous chapter summaries (40-41) already established this same scenario with different details. Chapter 40 mentions Kathryn holding a bloody knife when opening the door, and Chapter 41 mentions something leaping from a closet at Evan. This current chapter shows a completely different sequence of events (cat attack, dog confrontation) with no reference to these previously established events, creating a contradictory narrative timeline.","[cross_chapter] In Chapter 41's summary, Kathryn is described as having 'black hair,' but this chapter explicitly states her leg is 'bare' when the cat rubs against it. While not a direct contradiction, the previous chapter summary emphasizes her 'black hair' as a notable feature but doesn't establish her clothing. However, more significantly, the summary for Chapter 41 states that 'something leaps out of the closet at him, causing him to scream for help as everything goes black'—yet this chapter (which appears to be Chapter 42 based on numbering) begins with Evan recovering from that blackout with the cat on his face. The chapter numbering in the input shows '3' at the start, which appears to be an error given the previous summaries go up to Chapter 41. The content clearly continues from Chapter 41's cliffhanger."
041.txt,"[cross_chapter] The chapter depicts Evan's first interactions with Aunt Kathryn and her cat Sarabeth, but Chapter 41 summary states that Kathryn already threatened to put Trigger in a pie, squeezed Evan painfully, and something leapt at him from a closet. This chapter shows none of those events having occurred yet, and instead presents a fresh arrival scenario with Kathryn being playfully amused rather than intimidating. The emotional tone and events directly contradict the previous chapter's established progression.",
042.txt,"[cross_chapter] The chapter states Kathryn 'won't learn sign language and won't lip-read,' but in previous chapters (40-42), Evan successfully communicated with Kathryn through gestures and pointing. In Chapter 41, Kathryn understood Evan's protests, and in Chapter 42, she responded to his speech about Sarabeth. Here, Evan thinks 'She can't hear me' and uses pointing gestures, which she understands—yet he simultaneously claims she 'won't lip-read,' creating a contradiction about whether she can understand visual communication or not.","[cross_chapter] Chapter 41 established that Kathryn has black hair, but this chapter describes her having 'blue eyes glowing brightly in the sunlight' with no mention of her black hair, and gives a different physical impression than the 'tall, broad-shouldered, robust woman' with 'shiny black hair pulled straight back' described previously."
042.txt,"[cross_chapter] Evan's internal thought that Kathryn 'won't lip-read' contradicts his successful use of lip-reading/gestures immediately afterward. He points to Trigger and makes a walking motion with his fingers, and 'Kathryn nodded' in understanding. This shows she CAN read visual cues, making his bitter thought about her refusing to lip-read incoherent with established behavior in this and previous chapters.","[coherence] Evan thinks Kathryn 'won't learn sign language and won't lip-read,' implying she has chosen not to communicate, but this contradicts the established fact that she is deaf. Deafness is not a choice, and the narration frames it as Kathryn being 'smart in a way' by deliberately avoiding communication methods so she can do what she wants. This misrepresents disability as a manipulative tactic rather than a physical limitation."
043.txt,"[cross_chapter] The chapter introduces a completely new storyline with Evan Ross and his dog Trigger, which contradicts the established narrative from previous chapters. The previous chapters (1-39) followed Amanda and Josh in Dark Falls, then Margaret, Casey and Dr. Brewer's plant experiments (chapters 20-39). Chapter 40-43 summaries also feature Evan Ross with his great-aunt Kathryn, but this chapter (which appears to be chapter 5 based on its content and the '5' at the start) is placed between the Dark Falls chapters (1-18) and the plant experiment chapters (20-39). The chapter numbering '5' conflicts with chapter 5 of the Dark Falls story which was about Josh grabbing Amanda.",
043.txt,"[cross_chapter] The chapter summary for Chapter 5 in the previous summaries describes a completely different event: Josh grabbing Amanda in the hallway of the Dark Falls house as a prank. This chapter shows Evan meeting Andy in a neighborhood, which does not match the summary at all.",
043.txt,"[cross_chapter] The character 'Andy' (Andrea) is introduced as a new character, but there is no mention of her in any previous chapter summaries. The Dark Falls story featured characters like Amanda, Josh, Mr. Dawes, Ray Thurston, Karen Somerset, etc. The plant experiment story featured Margaret, Casey, Dr. Brewer, Diane, etc. Andy appears to belong to yet another storyline that doesn't connect to either established narrative.",
043.txt,"[cross_chapter] The chapter mentions Evan is 'visiting' his 'great-aunt' and staying 'for a couple of weeks,' which partially matches the Chapter 40-43 summaries about Evan and his great-aunt Kathryn. However, those summaries describe Kathryn as deaf, intimidating, and threatening, with Evan being frightened of her. In this chapter, Evan seems to be casually exploring the neighborhood with his dog, with no mention of Kathryn's disturbing behavior or deafness. The tone and details are inconsistent with the later Kathryn chapters.",
044.txt,"[cross_chapter] In Chapter 44, Evan and Andy meet for the first time while walking their dogs, and Andy invites Evan to explore town with her. In this chapter, they are already traveling together to town with Andy on her bike and Evan walking Trigger, but there is no explanation for how they transitioned from the initial meeting to this excursion—specifically, Evan left without telling his aunt where he was going (Chapter 44), but this chapter opens with them already en route as if this is a continuation of a planned trip rather than an impulsive departure.","[cross_chapter] In Chapter 44, Andy introduces herself to Evan for the first time and they have a playful exchange about their 'stupid' names, with Andy specifically saying 'And you're stupid' as a joke about Evan's name. However, in this chapter, Evan already knows her name is Andrea and calls her 'Annnndreeeea' to annoy her, and their banter about 'stupid' names is repeated almost verbatim as if it's their first meeting. This contradicts the previous chapter where they already established this exact same dynamic and Evan already learned her name."
044.txt,"[coherence] The narrative abruptly shifts from the Dark Falls/Amanda and Josh storyline and the Dr. Brewer/plant experiment storyline to a completely new storyline with Evan Ross and Andy. While the previous chapter summaries establish Evan was at his aunt's house, this chapter's opening treats the town exploration as already in progress without any transition or explanation of how Evan got from his aunt's house to meeting Andy on the street with her bike, creating a disjointed narrative gap.",
045.txt,"[cross_chapter] Chapter 45 summary states Evan discovered the Monster Blood in a 'dark back room,' but in this chapter, the Monster Blood was on a shelf in the main store area where Andy could also see and reach it. The store owner also interacts with them throughout the main store, not a back room.","[coherence] Evan claims his aunt is 'completely deaf' and explains this to Andy, yet earlier in the same chapter he 'couldn't quite hear what she had said' and 'wasn't sure' if she whispered 'Be careful.' If Kathryn is completely deaf, she would not be able to speak/whisper at all, and Evan would not be straining to hear her words—he would know she cannot speak. This is internally contradictory within the chapter."
045.txt,"[coherence] The store owner insists the Monster Blood is 'not for sale' and 'too old' multiple times, yet ultimately sells it for $2 with minimal persuasion. His strong objections and warnings are dramatically abandoned without clear motivation, making his behavior logically inconsistent.","[cross_chapter] In Chapter 41, something 'leaps out of the closet at him, causing him to scream for help as everything goes black.' In Chapter 42, this is revealed to be Sarabeth the cat placed on his face by Kathryn. However, in this chapter (46), Andy finds 'all these old books on magic stuff' in Evan's room and wonders why his aunt has them there. If Evan's room is the same 'musty study-bedroom filled with old science books' from Chapter 41, there's a contradiction between 'old science books' and 'old books on magic stuff.' More significantly, the room's contents seem to have changed or been misremembered."
045.txt,"[cross_chapter] Chapter 42 established Kathryn's repeated demands to 'bring the dog' and Evan's vision of her with a bloody knife, creating dread about Trigger's safety. However, in this chapter, Evan casually leaves Trigger tied in a pen at the house while he goes off with Andy without any concern for the dog's safety or Kathryn's threats, contradicting his established fear.","[coherence] The can of Monster Blood is described as having no instructions, no ingredients, and no obvious way to open it, yet it has a label that Evan studies multiple times. The label is detailed enough for Kathryn to read by moving her lips, yet contains no instructions or ingredients—not even a 'pull here' or ingredients list. This is odd for a consumer product, though potentially intentional given the supernatural nature. More problematically, Evan 'slammed the can down on the desktop—and the lid popped off' after Andy suggested needing a can opener. This implies the can had a removable lid all along, yet Evan couldn't 'pull the top off' and there were 'no instructions.' The physical mechanism of the can is inconsistent."
046.txt,"[coherence] Andy is referred to with female pronouns ('she reached a finger in') but earlier in the chapter is introduced with male pronouns when Evan says 'Touch it,' Andy said. But before Evan had a chance, she reached a finger in' - the dialogue tag uses 'Andy said' but the pronoun 'she' appears without prior introduction of Andy as female. However, looking more carefully, this is actually consistent with Chapter 44-46 where Andy (Andrea) is established as female. The real error is that Evan says 'I've had other stuff that did this' and 'The stuff I had before bounced and stretched really well, too' - but there's no prior mention of Evan owning similar slime/toy products in previous chapters. This appears to be a sudden invented backstory to explain his unimpressed reaction, but contradicts his excitement about discovering the novel 'Monster Blood' product in Chapter 45-46.","[coherence] Andy's gender is inconsistent within the chapter. The narrative refers to Andy with female pronouns ('she reached a finger in,' 'She turned off the ceiling light,' 'Andy said, holding her nose'), but Evan's dialogue at the end ('Now there isn't enough left for us to share!') and Andy's own dialogue earlier ('I didn't say I didn't want it') suggest a shared experience. More critically, the previous chapter summary (Chapter 44) establishes Andy as a girl ('a bold, playful girl named Andrea'), but the name 'Andrea' shortened to 'Andy' with male-leaning nickname creates potential confusion. However, the actual error is in the text where 'Andy' is used as a nickname for 'Andrea' yet the narrative treats it consistently as female. Re-examining: the real inconsistency is that in Chapter 44 summary, Andy is introduced as a girl, and in this chapter she is consistently female. No actual error found in gender. Re-examining again: The error is that Andy says 'Now there isn't enough left for us to share!' but this is actually consistent with her character. Let me re-check: The actual error is that the Monster Blood is described as 'bright green' and 'glows in the dark' with 'a circular ray of green light,' but when they take it outside in daylight, there's no mention of it continuing to glow or any visibility of the glow in sunlight, which is fine. The real error: Andy is female but uses a typically male nickname, which is not an error. Re-examining once more: The stain on the wall is described as 'dark, round' but the Monster Blood is bright green - a green stain would be visible, not 'dark.' This is a color inconsistency."
046.txt,"[cross_chapter] In Chapter 46, Aunt Kathryn 'examines the can with strange intensity and whispers a warning' about the Monster Blood. However, in this chapter, Evan and Andy open and play with the Monster Blood with no mention of any warning from Kathryn, and no indication that they heeded or remembered any such warning. The warning is completely ignored and absent from their behavior, representing a dropped plot thread.",
047.txt,"[temporal] The chapter contains a major temporal inconsistency regarding when events occur. It begins with 'It was three days later' suggesting a jump from a previous scene, but later states 'Now it was the next morning' after describing a phone call from 'the night before.' However, the chapter also includes a flashback to a phone call 'the night before' which is then followed by 'Now it was the next morning' - yet the opening scene with the pie question and Kathryn's coldness appears to be the same morning as the 'next morning' reference, creating confusion about whether it's three days later or the next morning. The phrase 'It was three days later' contradicts the later 'next morning' framing if we're meant to understand this as continuous narrative from Evan's arrival.","[temporal] The chapter contains a significant time jump that is poorly transitioned and confusing. The text states 'It was three days later' immediately after a breakfast scene where Kathryn asks about pie and tells Evan to play with his friends, then jumps back to Evan eating cereal and describing ongoing interactions with Kathryn. This creates temporal confusion about whether the 'three days later' applies to the entire subsequent scene or just a portion, and whether the pie conversation and cereal eating are the same morning or different days. The narrative then continues with 'Now it was the next morning' after a flashback to the phone call, further muddying the timeline."
047.txt,"[cross_chapter] The chapter refers to 'Andy' as Evan's 'girlfriend' and someone he should go see, but based on previous chapter summaries, Andy (Andrea) was only just introduced as a new friend in Chapter 44 when they met while walking dogs. The previous summaries show Chapter 44 was their first meeting where they exchanged 'teasing banter' and she invited him to explore town. There has been no established romantic relationship, and Kathryn calling her his 'girlfriend' is presumptuous, but more importantly, the chapter treats Andy as someone Evan already knows and has a relationship with, when the previous summaries suggest they only just met. Additionally, Kathryn's knowledge of Andy's existence is unexplained - how does she know about this girl Evan just met?",
048.txt,"[cross_chapter] The chapter states Evan 'suddenly remembered he had eight dollars in his pocket,' but in Chapter 45, Evan bought the Monster Blood from the toy store. There is no mention of him receiving change or having money left, and the purchase was described as him using money he brought. However, more significantly, in Chapter 47, Andy and Evan were playing with the Monster Blood and Trigger swallowed some. This chapter states 'He'd forgotten all about him' referring to Trigger, but in Chapter 47, Evan was extremely worried about Trigger swallowing the Monster Blood and the chapter ended with that worry. It is inconsistent that Evan would completely forget about Trigger for three days if he was worried the dog had been poisoned by a mysterious substance.","[coherence] Andy's shirt description is inconsistent - she is described as wearing a 'yellow sleeveless undershirt top' which is redundant and contradictory (an undershirt is typically worn under other clothing, not as a sleeveless top)."
048.txt,"[cross_chapter] The chapter states it has been 'three days after his arrival' since Evan came to Aunt Kathryn's house, and his parents extended their stay in Atlanta. However, in Chapter 47, Evan and Andy were playing with Monster Blood and Trigger swallowed some, ending with Evan worrying about poisoning. Now three days later, Evan has apparently not checked on Trigger's condition or thought about him at all, despite the previous cliffhanger about potential poisoning. This is emotionally and narratively inconsistent—Evan's complete forgetfulness about his dog after such a dramatic moment contradicts his established concern for Trigger.","[cross_chapter] In Chapter 47, Trigger swallowed a ball of Monster Blood, and Evan was worried about whether it was poisonous. In this chapter, Evan checks the can and thinks 'I guess Trigger didn't eat that much, he thought, feeling a little relieved' - but this contradicts his earlier strong concern about the Monster Blood being potentially poisonous. The narrative treats his worry as resolved without explanation, and the dog's condition (choking/gasping) suggests poisoning, yet Evan never connects it to the Monster Blood he was specifically worried about in the previous chapter."
049.txt,"[cross_chapter] Chapter 49 established that Trigger ate Monster Blood three days prior and was found gasping and choking in the dog run. This chapter shows Trigger choking from a suddenly tightened collar, with no mention of Monster Blood effects. The symptoms (gasping, choking, panting hard, frantic water slurping) match Monster Blood growth effects, but the narrative attributes them to a mysteriously shrunken collar instead, contradicting the established cause from the previous chapter.","[coherence] Evan claims his aunt Kathryn is 'completely deaf' and 'can't hear me,' yet Kathryn clearly reacts to his voice by looking up and casting 'a cold stare his way' when he calls her a 'crazy old coot.' This contradicts the established fact of her deafness and Evan's repeated insistence that she cannot hear anything."
049.txt,"[coherence] Evan observes Trigger is bigger and considers this impossible for a twelve-year-old dog, yet never connects this to the Monster Blood Trigger swallowed three days ago. This is illogical given Evan was specifically worried about the Monster Blood poisoning his dog in Chapter 47.","[cross_chapter] Evan states that Trigger is 'twelve years old, eighty-four in human years,' but in Chapter 42, Trigger is described as a young, energetic dog who chases squirrels and behaves like a typical active dog. A 12-year-old dog (equivalent to 84 human years) would be extremely elderly and unlikely to exhibit such high energy, chase squirrels vigorously, or have a 'late growth spurt' as a plausible concern. This contradicts Trigger's established behavior and physical capabilities from previous chapters."
049.txt,"[temporal] The chapter states 'The next morning' after the collar incident, but Chapter 49 already established that three days had passed since Trigger ate the Monster Blood. The timeline is confused—if this is the morning after the choking incident, it creates inconsistency with when the Monster Blood was ingested versus when effects appeared.",
049.txt,"[cross_chapter] In Chapter 48, the Beymer twins stole Andy's bike and shoved her to the ground. In this chapter, Andy is freely walking around and biking is never mentioned, despite her bike being stolen the previous day. There's no explanation for how she has transportation or why she doesn't mention the theft.",
049.txt,"[coherence] Evan claims Aunt Kathryn is 'completely deaf' and 'can't hear me,' yet Kathryn looked up and cast a cold stare directly at him after he insulted her. While possible she saw his lips or body language, the narrative presents this as mysterious and contradictory without explanation, undermining Evan's confident assertion.",
050.txt,"[cross_chapter] In Chapter 50, Andy frees a cat tied to a tree by the Beymer twins, but in this chapter, Sarabeth is established as Kathryn's cat who has been in the house all along. There is no indication Andy rescued Kathryn's cat from the twins, and Sarabeth's behavior here (appearing at the door, being described as intelligent) suggests she is Kathryn's familiar pet, not a newly rescued stray. The cat Andy freed and Sarabeth appear to be different cats with no narrative connection established.","[cross_chapter] In Chapter 47, Trigger swallowed a ball of Monster Blood and Evan was worried about whether it was poisonous. However, in this chapter (Chapter 50), when discussing what to do with the growing Monster Blood, neither Evan nor Andy mention Trigger's earlier ingestion of the substance or express any concern about the dog's previous exposure. More importantly, when Trigger is shown at the end of this chapter barking and having grown in size, Evan seems surprised by the growth rather than connecting it to the Monster Blood ingestion from Chapter 47. The narrative treats Trigger's growth as a new discovery rather than a continuing consequence of the earlier established cause."
050.txt,"[coherence] The Monster Blood's properties are inconsistently described within this chapter and across chapters. In Chapter 50, it was described as having 'expanded and is overflowing its can,' yet in this chapter, the lid 'had popped off' and it's 'pushing up out of the can' as if this is the first time they're noticing the expansion. Additionally, Andy notes 'it isn't glowing the way it used to,' but in Chapter 46-47, the glow was established as a notable property they discovered upon first opening it. The timeline of when properties changed is muddled.",
051.txt,"[cross_chapter] The dream features the Beymer twins (Rick and Tony) as antagonists being chased by a giant transformed Trigger, but Evan has not yet met the Beymer twins in the waking narrative. According to Chapter 48 summaries, Evan first encounters the Beymer twins on the street when they menace him and steal Andy's bike. This dream appears to be precognitive or the chapter is out of sequence, as the dream occurs before the waking encounter with the twins.","[cross_chapter] The chapter describes Evan waking up in 'Kathryn's house' and in 'the study upstairs,' but in Chapter 41, Evan was installed in 'a musty study-bedroom filled with old science books' on the first floor, not upstairs. The text states 'Evan was installed in a musty study-bedroom filled with old science books' and there is no mention of it being upstairs. Additionally, in Chapter 42, Evan's room is again referred to without any 'upstairs' designation."
051.txt,"[cross_chapter] The dream depicts Trigger transforming into a monster and growing to enormous size, which then causes Evan to wake up and discover he himself has grown into a giant. However, in the actual narrative (Chapter 51), it is Trigger who grows from eating Monster Blood, not Evan. This dream conflates or foreshadows events inaccurately - Evan never transforms into a giant in the waking narrative, only Trigger does.","[cross_chapter] The dream features the Beymer twins (Rick and Tony) fleeing from Trigger, but in Chapter 48, the Beymer twins are introduced as identical twin boys who confront Evan and demand a 'toll' for walking on their block. In Chapter 49, they shove Andy, steal her bike, and are established as bullies who torment Evan. However, in this dream, they are depicted as victims fleeing from Trigger, which contradicts their established characterization as aggressive bullies who would not run scared from a dog. More importantly, the dream shows Trigger transforming into a monster and Evan growing into a giant—these events have not happened yet in the waking narrative, making this a prophetic dream that doesn't align with the established pattern of the story."
051.txt,"[coherence] The dream-within-a-dream structure creates logical confusion. Evan dreams of chasing Trigger, then dreams of transforming into a giant, but the narrative presents this as a single nested dream ('Woke up from his frightening dream' followed by realizing 'It had all been a dream'). However, the giant transformation is presented as a separate layer of reality that is also part of the dream, creating ambiguity about whether there are two dream levels or one. The transition is unclear and structurally confusing.",
051.txt,"[cross_chapter] The dream depicts Trigger growing to enormous size ('already the size of a pony, and getting larger by the minute') and transforming into a monster with fangs and a protruding forehead. While this foreshadows Trigger's actual growth from Monster Blood in later chapters, the specific details of the transformation (fangs, forehead bursting forward, howling like a creature) do not match Trigger's actual growth in the narrative. More significantly, Evan has this dream before he even knows about the Monster Blood's effects, making the specific details of monstrous transformation inexplicable as dream content based on his experiences.",
052.txt,"[coherence] Evan is described as sitting up twice in quick succession without any intervening action that would require him to sit up again. First he 'sat up, blinked, rubbed his eyes, struggled to focus' and later 'Evan sat up and, still feeling shaky, peered out the window'—as if sitting up for the first time.","[coherence] Evan sits up in bed twice without having lain back down between the two actions. First he 'sat up, blinked, rubbed his eyes, struggled to focus' after waking from his dream-within-a-dream, and later he 'sat up and, still feeling shaky, peered out the window' after describing the curtains and his physical state. There is no indication he lay back down between these two instances of sitting up."
052.txt,"[cross_chapter] In Chapter 51, the Monster Blood was stored in a coffee can and placed in a closet. In this chapter, Evan sees it on a bookshelf. While this could potentially be explained by him moving it, there is no mention of him relocating it, and the sudden change in location without explanation contradicts the established storage location from the previous chapter.",
053.txt,"[cross_chapter] The chapter states Dr. Forrest has 'black eyeglasses,' but in Chapter 50, the vet examining Trigger was never named or described as having black eyeglasses. More significantly, this chapter introduces 'Dr. Forrest' as the vet, but the narrative has already established Evan's father is 'Dr. Brewer' from the plant storyline. However, this is actually a different storyline (Monster Blood), so the error is that the previous chapter summaries show Chapter 50 had Evan finding Trigger choking with no vet visit, and now in Chapter 51 (implied by sequence), they're suddenly at a vet's office with no transition. The chapter numbering is inconsistent with the summary numbering.","[cross_chapter] The chapter states 'Andy jogged after them' and is present during the vet visit and aftermath, but in Chapter 50, Andy was freeing a cat tied to a tree by the Beymer twins and discussing revenge with Evan. There is no indication in previous summaries that Andy was present when Evan took Trigger to the vet, nor is there any transition showing her joining Evan for this errand. Her sudden presence without explanation is a continuity gap."
053.txt,"[temporal] The chapter states 'It took all of his strength' for Evan to hold Trigger, establishing the dog is now much stronger. However, just moments later, when the Beymer twins untie Trigger, Evan is able to casually hold his ice cream bar in one hand while reaching for the leash with the other, showing no physical strain or concern about the dog's strength until Trigger actually attacks. This contradicts the established difficulty Evan had controlling the dog moments before.","[cross_chapter] Evan has a nightmare in Chapter 52 where Trigger chases the Beymer twins and transforms into a monstrous creature, and Evan himself grows into a giant. In this chapter, when Trigger actually chases the Beymer twins, Evan thinks 'It's my dream. Is it coming true?' and specifically remembers 'the rest of his dream, remembering how he, too, grew until he was twice his size.' However, in Chapter 52's summary, Evan's dream involved Trigger transforming into a creature with 'fangs and a protruding forehead' and Evan growing into a giant. The dream summary does not mention Trigger merely chasing the twins while remaining dog-like, which is what happens in this chapter. More significantly, Evan's fear at the end about growing 'twice his size' matches his Chapter 52 dream, but the actual Trigger behavior in the dream (monstrous transformation) doesn't match the real event (dog chasing twins). This creates a mismatch between what Evan claims to remember from his dream and what was actually established in Chapter 52."
054.txt,"[cross_chapter] In Chapter 50, the Monster Blood was transferred to a coffee can after overflowing its original can. In this chapter, Evan is carrying a large aluminum bucket from Kathryn's garage that is 'almost filled' with Monster Blood. There is no explanation for when or how the substance was moved to a bucket, or how it grew from a coffee can to nearly filling a large bucket without Evan noticing before this point.","[cross_chapter] Evan states he is 'all alone' with 'no one who can help me' and 'no one I can even talk to,' but he is actively talking to Andy in this scene and she is clearly helping him. This directly contradicts his acknowledgment just moments later that he can talk to her ('Except you?' 'Yeah... Except you'). The emotional self-pity is dramatically overstated to the point of logical incoherence within the same conversation."
054.txt,"[cross_chapter] In Chapter 50, Evan insults his deaf aunt Kathryn and she 'seemed to hear him,' which was presented as surprising. In this chapter, Evan states definitively that Kathryn 'can't hear me' and 'doesn't want to hear me,' contradicting the previous hint that she might be able to hear. The narrative has shifted from ambiguous/possible hearing to absolute deafness without explanation.","[cross_chapter] Evan claims Kathryn was 'chopping up some kind of meat' and that dinner will be 'sitting there in silence,' but in Chapter 40, Kathryn was introduced holding a bloody knife and behaving disturbingly, with Evan fearing she might harm Trigger. In Chapter 42, she specifically demanded Evan bring Trigger to her and called her cat 'evil' while grinning. Evan's complaint here about silent dinners trivializes the genuine danger he previously perceived, and the narrative never resolves whether Kathryn's disturbing behavior (bloody knife, threatening jokes about putting Trigger in a pie) was actually benign or remains a threat. The 'chopping meat' explanation retroactively sanitizes earlier horror elements without narrative justification."
054.txt,"[temporal] Evan states that Trigger 'was still barking his head off' when he caught up with him, and that the Beymer twins 'were gone by the time I caught up with Trigger.' However, in Chapter 54, Trigger chased the Beymer twins away after they untied him and one punched Evan's ice cream. The timeline is confused: if Trigger chased the twins away in Chapter 54, Evan shouldn't need to 'catch up' with Trigger afterward with the twins already gone—he was present for that chase. This suggests a gap or confusion between when the twins were scared off and when Evan found Trigger still barking.",
055.txt,"[cross_chapter] The bucket of Monster Blood is described as 'full to the top' when Evan hides it, and he notes that 'I gave Andy a big hunk of it... The bucket had been only two-thirds full.' However, in Chapter 55, Andy only took 'some in a coffee can'—a small amount, not a 'big hunk' that would significantly change the bucket's fullness from two-thirds to overflowing. The text exaggerates how much was given to Andy.","[cross_chapter] In Chapter 50, the Monster Blood was transferred to a coffee can because it outgrew its original container. In this chapter, Evan is carrying it in a bucket, which is inconsistent with the previous storage method. Additionally, the text states 'But I gave Andy a big hunk of it, he thought. The bucket had been only two-thirds full,' but in Chapter 55, Andy took some in a coffee can, not a 'big hunk' that would significantly reduce the bucket's volume."
055.txt,"[cross_chapter] Evan recalls giving Andy 'a big hunk' of Monster Blood, but in Chapter 55, the text explicitly states Andy 'reluctantly agreed to take some in a coffee can' and 'the substance pulled the can in.' There is no mention of Evan giving her a large separate piece; she only took a small amount in a can. This contradicts Evan's memory of giving away a substantial portion.","[cross_chapter] In Chapter 55, Andy took some Monster Blood in a coffee can, and Evan left with the bucket. However, the text here says 'I gave Andy a big hunk of it,' which contradicts the previous chapter where Andy took a portion in a coffee can, not Evan giving her a hunk. The phrasing and quantity don't match the previous description."
055.txt,,"[coherence] The Monster Blood is described as being extremely heavy and difficult to move ('It's so heavy,' Evan said, groaning as he tried to push the glob into the bucket. 'It doesn't want to move.'), yet earlier in the same chapter, one of the Beymer twins effortlessly tossed the bucket to the ground ('One of the Beymers grabbed the bucket from Evan's hand and tossed it to the ground'). This creates an inconsistency in the perceived weight of the substance."
056.txt,"[cross_chapter] The chapter states Evan is hiding the Monster Blood 'just for tonight,' but Chapter 56 already established he hid the bucket in the garage that same night and planned to find a larger container. This chapter appears to depict the execution of that plan, but presents it as if he's only now deciding to hide it, creating confusion about whether this is the same night or a subsequent night. The narrative also doesn't acknowledge that he already gave some Monster Blood to Andy in Chapter 55.","[cross_chapter] The chapter states 'He suddenly realized it wasn't the web that was moving against his cheek. It was a spider' and later 'even after he saw the insect scuttle across the floor.' However, spiders are arachnids, not insects. While this is a minor biological error, more significantly, this contradicts the established characterization of Sarabeth as Kathryn's black cat from previous chapters. The narrative seems to confuse or conflate the spider with Sarabeth, as the cat appears immediately after with no proper introduction in this scene, jumping on Evan's back with no explanation of where she came from or why she is in the basement."
056.txt,"[coherence] Evan thinks he needs to hide the Monster Blood 'just for tonight,' but his reasoning is unclear and contradictory. Earlier chapters established the Monster Blood is growing and dangerous, yet his plan to hide it in a bathtub in his aunt's basement doesn't address the core problem—it's still growing and will eventually overflow any container. The urgency of 'just for tonight' suggests a temporary solution, but no explanation is given for why this temporary measure matters or what he plans to do the next day.","[coherence] Evan is described as carrying a flashlight and tucking it into his armpit to carry the bucket, but when he enters the basement, he 'clicked the light switch on the wall' and 'Somewhere downstairs a dim light flickered on.' However, after this, there is no mention of what happens to the flashlight he was carrying. When the cat attacks him and he falls into the tub, the flashlight is never mentioned again—whether it fell, remained in his armpit, or was dropped. This creates a coherence gap regarding the flashlight's fate and whether he still had it when he fell."
056.txt,"[cross_chapter] The chapter ends with Sarabeth the cat leaping on Evan's back and knocking him into the Monster Blood-filled bathtub. However, in Chapter 42, Sarabeth was established as Kathryn's black cat who attacked Evan in his room. The cat's behavior here—attacking Evan in the basement—is consistent with being hostile, but there's no established reason for Sarabeth to be in the basement at this specific moment, or why she would attack Evan now after previous interactions. More significantly, this creates a cliffhanger that contradicts the expected narrative progression from Chapter 56, where Evan was planning to find a larger container and the Beymer twins were a looming threat.",
057.txt,[coherence] The Monster Blood is described as both 'softening the fall' like a cushion and simultaneously 'sucking him down' with 'surprising force' as if it were quicksand. These are contradictory physical properties—something cannot be both a soft cushion that absorbs impact and a sticky cement-like substance that actively pulls you down with force in the same moment.,"[coherence] Evan successfully pulls himself up into a sitting position and grips the side of the tub, but then the narrative reverts to him being pulled down again with the ooze sliding over his shoulders and gripping his neck, without clear explanation of how he lost his progress. The description of him being 'sucked down, pulling him with surprising force' and 'stuck as if in cement' is immediately contradicted by his ability to sit up and grip the tub, then reverts to him being pulled down again."
057.txt,"[cross_chapter] In Chapter 57, Evan emptied the Monster Blood from a bucket into an old bathtub in the basement. However, this chapter describes him landing in 'the tub' filled with Monster Blood, which contradicts the previous chapter's description of him being knocked forward into the tub by Sarabeth. The error is that in Chapter 57 he was already knocked into the tub—the fall and struggle described here appear to be a continuation of that same event, yet it's presented as a new chapter with no clear indication of time passing, creating confusion about whether this is the same incident or a new one. More critically, the text states 'Evan landed hard on his elbows' as if this is the beginning of a new fall, but Chapter 57 ended with him already falling into the tub.",
058.txt,"[cross_chapter] Evan claims he 'took a swim' in the Monster Blood the night before, but Chapter 58 ended with him trapped in the bathtub being pulled down by the substance with no resolution shown. The chapter break created a cliffhanger where he was still in danger, yet this chapter begins with him having already escaped with no explanation of how he got out.","[cross_chapter] Evan's dog Trigger is missing from this chapter despite being a major character in recent chapters and Evan's primary concern. After Trigger's dramatic growth and aggressive behavior in previous chapters, his complete absence when Evan is making plans and traveling around town is unexplained. Evan calls Andy about returning the Monster Blood and goes to the garage, gets bags, walks through town, and plans to meet Andy without any mention of what happened to his giant dog."
058.txt,"[coherence] Evan writes a desperate message to his deaf aunt Kathryn asking for help with the Monster Blood, but immediately before and after this he internally acknowledges she cannot hear him and calls her a 'crazy old lady.' This creates logical inconsistency—if he knows she's deaf and won't help, why write a detailed plea for assistance? His shock at her laughter is incoherent given his established understanding of her limitations.","[cross_chapter] Evan's physical size change is inconsistently handled. In Chapter 52, Evan grew into a giant and was screaming in terror, and in Chapter 53 he observed Trigger's growth while seemingly normal-sized. However, there's no clear resolution of whether Evan himself remained giant-sized or returned to normal. In this chapter, Evan is described moving around normally, pulling bags, being seen by others, with no indication of unusual size—yet no explanation is given for how or when he returned to normal if he had indeed grown."
058.txt,"[cross_chapter] Kathryn claims Evan's father 'Chicken was always such a serious boy' who 'never played any dumb jokes or tricks,' but in Chapter 40, Kathryn made bizarre aggressive jokes herself (holding a bloody knife, threatening to put Trigger in a pie) and was described as having 'aggressive humor.' The characterization of her finding jokes uncharacteristic of the family contradicts her own established behavior, and 'Chicken' as a nickname for Evan's father is newly introduced without previous context.","[coherence] The Monster Blood's properties are inconsistently described within the narrative. In Chapter 57, Evan struggled to carry the heavy bucket downstairs and poured it into the tub. In this chapter, the tub is 'nearly full to the top' and Evan is afraid it will burst from the bag, yet he somehow got the Monster Blood from the tub back into a bag to transport it. The text says 'The tub was nearly full to the top' in past tense, implying he somehow removed it from the tub, but this difficult process is skipped entirely."
058.txt,,"[cross_chapter] Sarabeth's behavior and Evan's reaction to her are inconsistent with previous chapters. In Chapter 57, Sarabeth actively attacked Evan, causing him to fall into the Monster Blood. In this chapter, she merely stands watching with 'supreme satisfaction' and Evan's reaction is relatively mild—he mutters 'Don't mention cat to me' but shows no fear or anger at the cat that nearly killed him. Given the life-threatening attack, his emotional response is underreacting."
059.txt,"[cross_chapter] The chapter states 'The store is closed... It closed a few days ago' and is boarded up, but in Chapter 45, Evan and Andy visited Wagner's Novelties & Sundries where the grumpy owner was present and actively running the store. The timeline doesn't support the store closing 'a few days ago' when Evan only arrived at his aunt's house a few days ago and bought the Monster Blood recently. The store was clearly open when they purchased it.","[cross_chapter] Evan suggests giving the Monster Blood to Kathryn and telling her it's beef so she'll chop it up with her knife, but this contradicts established facts. Kathryn is deaf, so Evan communicates with her through writing notes (established in Chapter 59 where he writes a plea for help). He cannot simply 'tell' her something verbally and expect her to understand. Additionally, the knife she was seen with earlier was used for cutting meat in the kitchen (Chapter 41), not something she 'always carries around' as a weapon."
059.txt,"[cross_chapter] Evan suggests giving the Monster Blood to Kathryn and telling her it's beef so she'd chop it up with 'that knife she's always carrying around.' However, in Chapter 40, the bloody knife was revealed to be a shocking cliffhanger when Kathryn opened the door holding it, and in Chapter 41, there was no indication she 'always' carries a knife—rather, the single knife incident was presented as alarming and unusual. The phrase 'always carrying around' exaggerates and mischaracterizes what was established as a one-time frightening image.","[cross_chapter] The chapter states that Evan and Andy dragged the Monster Blood back to Kathryn's house and that 'The sun had gotten high in the sky,' implying significant time has passed. However, in Chapter 59, they discovered the toy store was closed after traveling there with heavy garbage bags. The timeline is inconsistent—they apparently went from Kathryn's house to the store (finding it closed) and then back to Kathryn's house with the Monster Blood, but the sun being 'high in the sky' suggests much more time has passed than would be needed for this short trip, and there's no explanation for why they would return to Kathryn's rather than try another immediate solution."
060.txt,"[cross_chapter] Chapter 51 established that Trigger had 'nearly doubled in size' from eating Monster Blood. Chapter 54 showed Trigger was already large enough to chase off bullies and was examined by a vet who noted his unusual size. However, this chapter (22) presents Trigger's doubling in size as a new, shocking event happening 'since the day before,' with characters reacting with disbelief as if seeing it for the first time. This contradicts the established timeline where Trigger's growth was already observed and even medically examined days earlier.","[cross_chapter] The chapter states Trigger 'doubled in size since the day before,' but Chapter 51 already established Trigger had 'nearly doubled in size' by its end. This implies the dog has now quadrupled in size total (doubled, then doubled again), but the text treats this as merely a second doubling from original size. The narrative inconsistently resets or re-describes the same transformation as if it were new."
060.txt,"[cross_chapter] The chapter numbering and content shows this is actually Chapter 22 of a different book (Monster Blood), but it has been placed after Chapter 21 which was from a completely different narrative (the plant-experiment/Dr. Brewer story). The chapter summaries show Chapter 21 ended with Casey faking an electrical shock in Dr. Brewer's basement, but this 'Chapter 22' suddenly jumps to Evan and Trigger with no connection. However, looking more carefully at the provided summaries, there appears to be a numbering confusion - the summary labeled 'Chapter 22' in the previous summaries actually matches this chapter's content (Margaret, Casey, Diane in basement), while this current chapter text is actually from the Monster Blood storyline featuring Evan. The chapter number '22' in the text conflicts with the summary structure where Evan's story begins at Chapter 40. This appears to be a mislabeled chapter that should be much later in the sequence (around Chapter 51-52 based on content about Trigger's size).","[coherence] The Monster Blood is described as pouring out of the trash can and then 'appeared to stand up' and 'righted itself, pulling itself up tall.' However, in Chapter 56, the Monster Blood was explicitly described as having 'grown fuller than before' in a bucket, and in Chapter 57-58 it was stored in a bathtub where it expanded dramatically. The narrative inconsistently places the Monster Blood back in a trash can that was toppled, when it had been moved to a bathtub in the basement in previous chapters. The aluminum trash can with clamping lid from Chapter 60 is also different from the metal can that appears here."
061.txt,"[cross_chapter] The chapter states 'It's got Aunt Kathryn' but Evan's aunt is named Kathryn in previous chapters (Chapters 40-61), not 'Aunt Kathryn' as a title. More significantly, this chapter appears to be Chapter 23 of a book but the previous summaries show this same content would be around Chapter 61 in the Monster Blood storyline. The chapter numbering system is inconsistent with the previous summaries provided, suggesting this is from a different edition or the chapter numbers don't align with the summary numbering.","[coherence] The Monster Blood is described as leaving 'white stains on the grass like enormous, round footsteps,' but it is established as a green substance. White stains from a green ball are contradictory and unexplained."
061.txt,"[cross_chapter] In Chapter 59, Evan 'escapes from the Monster Blood in the basement bathtub' and in Chapter 60, he and Andy 'manage to contain it in a sturdy aluminum trash can with a clamping lid.' However, in this chapter (numbered 23 but following Chapter 60's events), the Monster Blood is suddenly a 'quivering green ball' bouncing and chasing people without any container, and there's no mention of the trash can or how it escaped. The Monster Blood's behavior has also changed from an expanding sticky substance to a bouncing ball that can suck people inside it, which contradicts its established properties.","[cross_chapter] In Chapter 61, the Monster Blood spills from a trash can and 'comes to life as a quivering green mass.' However, in this chapter (which appears to be Chapter 61 or immediately following), the Monster Blood is already bouncing and chasing people with apparent sentience before any explicit 'coming to life' moment is shown to the characters. The narrative treats it as alive and chasing them, but the transition from inanimate growing substance to sentient predator is abrupt and inconsistent with how it was previously characterized."
061.txt,,"[coherence] The Beymer twins are absorbed by the Monster Blood, yet later 'Evan shut his eyes as it hit the twins with a deafening smack' and they cry out and struggle. However, after being pulled inside, they are described as 'still visible deep within the quivering glob, faceless prisoners bouncing inside it' with 'their arms went limp' and 'their faces disappeared into the quivering gunk.' The description of them as 'faceless prisoners' while still having visible faces that 'disappeared' is contradictory."
061.txt,,"[cross_chapter] In Chapter 57-58, Evan falls into a bathtub of Monster Blood and nearly suffocates, describing it as sticky, pulling, and rising up his body. In this chapter, the Monster Blood bounces with 'Plop. Plop. Plop.' and rolls over objects, behaving like a semi-solid ball rather than the liquid-like, suffocating ooze that nearly drowned Evan. The physical properties are inconsistent—it acts like a cohesive bouncing ball here, but was previously a rising, suffocating liquid."
062.txt,"[cross_chapter] The chapter states the Beymer twins are 'outlined in its side' inside the Monster Blood, but in Chapter 62, the Monster Blood 'sucked up' the Beymer twins and was chasing Evan and Andy to the front of Kathryn's house. The twins being inside the glob in Chapter 24 contradicts Chapter 62 where they were just absorbed while Evan and Andy were fleeing outside, and the Monster Blood then followed Kathryn inside the house. This appears to be a timeline or chapter ordering issue—the events of Chapter 24 seem to occur after Chapter 62 based on the previous summaries, yet Chapter 24 describes the twins already inside the glob as if this is the first time.","[cross_chapter] The chapter states that Kathryn has 'black hair,' but in Chapter 41 she was described as having 'white hair.' In Chapter 41: 'She had white hair, as white as milk, pulled straight back and tied in a bun.' This is a direct contradiction of her established appearance."
063.txt,,"[cross_chapter] Evan claims Kathryn 'didn't even know Evan' and questions why she would want to frighten or kill him, but previous chapters established Kathryn is his great-aunt and they have a familial relationship. While they may not have known each other well before his stay, the phrasing suggests complete strangerness, which contradicts their established family connection."
063.txt,,"[coherence] Kathryn points at Andy as the one who 'did this,' but there is no established mechanism or prior hint in previous chapters that Andy could have cast a spell on the Monster Blood. Andy was present when they bought it and played with it, but she had no access to magic or opportunity to enchant it that would make her responsible. This accusation comes without any supporting setup and appears to be a sudden, unjustified twist."
063.txt,,"[causality] Evan experiences a sudden revelation connecting Kathryn's bone pendant, mysterious books, Sarabeth the cat, and her black shawl to her guilt, but these connections are never actually explained or justified in the narrative. The text states 'Evan saw it all now, and it began to come clear to him' without showing the logical chain that links these items to spell-casting on the Monster Blood. The reader is told he understands without being shown how these elements connect to the can's enchantment."
064.txt,"[cross_chapter] In previous chapters, Kathryn was established as completely deaf and unable to hear anything, yet here she is speaking normally, responding to spoken dialogue, and reacting to things said around her without any indication of lip-reading or written communication. This contradicts multiple previous chapters where her deafness was a major plot point and source of tension.","[coherence] Aunt Kathryn's accusation shifts from Andy to Sarabeth without clear resolution. First Kathryn points at Andy ('She did it! She's the one!' is initially interpreted as pointing at Andy), but then it's revealed she's pointing past Andy to Sarabeth the cat. However, the narrative states Kathryn was 'accusing Andy' and Evan 'spun around to confront Andy,' yet the exact same words 'She did it! She's the one!' are later attributed to pointing at Sarabeth. This creates confusion about who was actually being accused first."
064.txt,"[cross_chapter] The chapter reveals Sarabeth is actually a young woman transformed from a cat, and Kathryn claims Sarabeth has held her in a spell for twenty years. However, previous chapters established Kathryn as Evan's great-aunt who has lived in this house, with no indication of being imprisoned or under a spell. The sudden revelation that Kathryn has been magically enslaved for twenty years contradicts her established behavior as a seemingly independent, if hostile, homeowner who freely interacts with Evan and controls the household.","[cross_chapter] In Chapter 64, Kathryn accused Andy of being the true culprit behind the Monster Blood ('shockingly accuses Andy of being the true culprit instead'). In this chapter, Kathryn instead points at Sarabeth the cat as 'the one.' While the narrative attempts to clarify Kathryn was always pointing at Sarabeth, this directly contradicts the previous chapter's cliffhanger where Andy was explicitly accused. The accusation target has changed without explanation."
064.txt,"[coherence] Kathryn claims she created the Monster Blood and must die for it (as established in Chapter 63 summary), yet in this chapter she also claims she will use the Monster Blood to escape from Sarabeth's spell. These two motivations are contradictory—if she created it and accepts she must die for it, why would she simultaneously try to use it to escape? Additionally, the chapter presents her as having agency to defy Sarabeth, which seems inconsistent with being under a twenty-year spell.","[coherence] Kathryn claims 'Your spell over me is broken' and 'For twenty years you have imprisoned me here, held me in your spell,' yet earlier in the story (Chapter 40-42), Kathryn was presented as the threatening figure with the bloody knife who terrified Evan, not as someone under a spell. If she was imprisoned and under Sarabeth's spell, her earlier behavior of wielding knives, squeezing Evan painfully, and threatening his dog seems inconsistent with being a victim rather than a perpetrator. Her actions appeared to be her own volition, not compelled by a spell."
065.txt,"[cross_chapter] Kathryn claims Sarabeth cast spells on her and made her deaf, but in Chapter 65, Kathryn was revealed to have been under Sarabeth's spell for twenty years as her prisoner. However, in Chapter 43, Kathryn was described as having 'refused to learn sign language or lip-read,' implying it was her own choice, not forced by Sarabeth. Here Kathryn explicitly states 'She refused to let me lip-read or learn to sign,' contradicting the earlier implication that Kathryn herself refused these accommodations.","[coherence] Kathryn claims Sarabeth made her deaf with dark magic and refused to let her lip-read or learn to sign, yet Kathryn is shown lip-reading and communicating effectively throughout the story. If she was never allowed to learn these skills, she shouldn't be able to use them now."
065.txt,"[cross_chapter] Kathryn states she was forced to cast a spell on the can of Monster Blood, implying she created it. However, in Chapter 63, Kathryn confessed 'I created the Monster Blood and must die for it,' taking full personal responsibility. In this chapter, she shifts blame to Sarabeth for forcing her. These two accounts contradict each other regarding Kathryn's agency in creating the Monster Blood.","[cross_chapter] Kathryn claims Sarabeth forced her to cast a spell on the can of Monster Blood, but in Chapter 64, Evan recalled that Kathryn herself examined the can with 'strange intensity' and seemed to whisper a warning, implying Kathryn was the one casting the spell. The narrative previously suggested Kathryn's direct involvement, not that she was forced by Sarabeth."
065.txt,"[coherence] Kathryn's plan to 'plunge myself into this ghastly creation' to end Sarabeth's spell is logically inconsistent. If Kathryn dies, Sarabeth's hold over her ends by default (the prisoner is dead), so the sacrifice is unnecessary. Additionally, Kathryn claims this will 'end your spell' and 'end your hold over me,' but immediately afterward states 'I will be gone, Sarabeth. You can let the children go.' If she's gone/dead, she cannot negotiate or expect Sarabeth to release the children, making her sacrifice strategically pointless for saving Evan and Andy.","[coherence] Kathryn states she was allowed no guests and was Sarabeth's prisoner/slave for twenty years, yet Evan was sent to stay with her by his parents, indicating she was capable of having guests. If Sarabeth truly controlled her completely and prohibited guests, it's unclear how this arrangement was possible or why Sarabeth would allow Evan to come now."
066.txt,"[coherence] The Beymer brothers are described as lying 'facedown in a crumpled heap' with 'open eyes' that 'stared lifelessly' and who 'didn't appear to be breathing' - but open eyes staring lifelessly while facedown is physically impossible (eyes would be facing the floor), and the description of them as lifeless with open eyes contradicts their subsequent recovery (blinking, groaning, standing up). The 'lifelessly' description with open eyes while facedown creates a logical impossibility.","[coherence] The Beymer twins are described as having 'open eyes' that 'stared lifelessly' and 'didn't appear to be breathing,' but then they are able to blink, open and close their mouths, groan, and eventually stand up and walk out. While this could be interpreted as them recovering from being trapped in the Monster Blood, the description of 'lifelessly' staring open eyes and not breathing strongly implies they were dead, making their sudden revival inconsistent with the apparent severity of their condition."
066.txt,"[cross_chapter] In Chapter 65, Sarabeth is revealed to be a witch with 'fiery red hair and yellow eyes' who transformed from a black cat. However, in this chapter, Sarabeth is described simply as being pushed into the Monster Blood by Trigger with no mention of her witch form or magical abilities. More significantly, in Chapter 65 Kathryn explicitly states Sarabeth 'made me deaf' and held her under a spell for twenty years, yet in this chapter Kathryn says 'And I can hear! Sarabeth and her spells are gone for good' - but the chapter immediately ends with 'a shadowy figure stepped into the living room doorway,' implying the threat continues. This creates tension with Chapter 65 where Sarabeth is explicitly shown in witch form and defeated, suggesting this chapter's ending may be inconsistent with the established timeline where the witch revelation has already occurred.","[cross_chapter] In Chapter 64, Kathryn accused Andy of being the true culprit behind the Monster Blood, and in Chapter 65, it was revealed she was actually pointing at Sarabeth the cat. However, in this chapter, Kathryn says 'Sarabeth is gone' and that 'Sarabeth and her spells are gone for good,' with no acknowledgment or reaction to the fact that she had just been under Sarabeth's spell for twenty years and that Sarabeth had transformed from a cat into a young woman. The emotional weight of Kathryn's liberation from a twenty-year spell is completely absent, and her immediate jubilant declaration about her hearing returning ignores the traumatic revelation she just experienced."
067.txt,"[cross_chapter] The chapter states 'We have a four o'clock plane to catch' and Evan is going 'to Atlanta,' but in Chapter 40, Mrs. Ross already left Evan at Aunt Kathryn's house because she had to go to Atlanta for a family emergency. Evan has been staying with Kathryn for multiple days (Chapters 40-67). This chapter appears to depict Mrs. Ross arriving to pick Evan up, but the dialogue suggests she is just now leaving for Atlanta with Evan, which contradicts the established timeline where she already left him there and was returning to pick him up.","[cross_chapter] The chapter title/index says 'index split 029' and '29' at the start, but based on previous chapter summaries, this should be Chapter 68 (following Chapter 67 about Trigger, Sarabeth, and the shadowy figure). The numbering is inconsistent with the established sequence where Chapter 40 began the Evan/Monster Blood storyline and Chapter 67 ended with a cliffhanger about a shadowy figure. This appears to be a mislabeled chapter index."
067.txt,"[cross_chapter] In Chapter 60, Kathryn already informed Evan that 'your mother is coming to pick you up this afternoon,' and Evan celebrated. In this chapter, Mrs. Ross suddenly appears and seems unaware of what's happening, asking 'What on earth is going on here?' and 'Why did those two boys come bursting out like that?' This suggests she is arriving unexpectedly or confused, but Chapter 60 established Evan knew she was coming. Additionally, the 'two boys' she refers to are unexplained—there were no boys described bursting out in the previous chapter (Chapter 67 ended with a shadowy figure in the doorway), creating a gap in causality.","[cross_chapter] The chapter ends with 'It was gone.' referring to the Monster Blood disappearing from the carpet, but this directly contradicts the events of Chapter 67 where the Monster Blood had already shrunk back to its original size after absorbing Sarabeth, and Trigger returned to normal. The massive glob crisis was resolved in Chapter 67, yet this chapter treats the Monster Blood as still present and then disappearing again, creating a duplicate resolution. Additionally, the 'shadowy figure' cliffhanger from Chapter 67 is completely ignored with no explanation."
