Chapter,Error_Original,Error_Modified
002.txt,"[cross_chapter] In Chapter 2, Katniss recalls Peeta's mother hitting him for burning the bread and calling Katniss a 'stuck-up pig.' However, in this chapter, Katniss refers to Peeta's mother as 'his witch of a wife' from the baker's perspective, suggesting the baker's wife is Peeta's mother (which is correct), but the phrasing 'his witch of a wife' implies the baker is married to her. This is consistent, but more importantly, Katniss says 'I feel certain he would never have hit his son the way she did over the burned bread,' confirming the mother hit Peeta. However, there's a subtle inconsistency: in Chapter 2, Katniss recalls the mother saying 'She's a whore, that one' or similar, but here the characterization is slightly different. The more significant issue is that Katniss says 'we always wait to trade with him when his witch of a wife isn't around because he's so much nicer' — this establishes a pattern of trading that wasn't mentioned in Chapter 2's more desperate, one-time encounter.","[cross_chapter] In Chapter 2, Katniss recalls Peeta deliberately burning bread to give to her, which she describes as saving her family from starvation. However, in this chapter, Katniss says 'I had some of your bread this morning. My friend Gale gave you a squirrel for it,' suggesting a normal trade transaction rather than the life-saving gift she previously remembered. She also thinks 'I feel certain he would never have hit his son the way she did over the burned bread,' confirming the burning incident, yet her earlier description of it as a deliberate act of kindness saved her family, while here she frames it as a trade involving Gale."
002.txt,"[coherence] Katniss mentions that Gale will get herbs for her mother and 'will probably not ask for compensation, but they should thank him with some kind of trade, like milk or medicine.' However, she also states 'he and I made a pact about this a year or so ago.' If Gale and Katniss made a pact about him bringing game to her family, it seems odd that she would then need to instruct her family to offer trade for herbs specifically, and that she frames this as something he 'will probably not ask for compensation' for, as if uncertain, when a pact already exists. The pact was specifically about game, not herbs, but the way she brings it up suggests broader uncertainty about compensation that contradicts the established agreement.","[coherence] Katniss states that travel between districts is forbidden except for officially sanctioned duties, and 'for us, that's mainly transporting coal.' However, she also says 'this is no ordinary coal train' and 'I've never been on a train,' which creates a logical tension—if coal transport is the main sanctioned travel and her district is defined by coal mining, it's inconsistent that she has absolutely no experience with trains, not even seeing them or riding in coal transport. More significantly, she says 'I've never been in a car before. Rarely even ridden in wagons,' yet later mentions 'Of course, I've never been on a train,' which emphasizes her complete inexperience with train travel despite coal transport being supposedly common."
003.txt,"[cross_chapter] Katniss says she told her mother she loved her at the Justice Building, but in the previous chapter summary, there is no mention of this exchange. The previous chapter summary states Katniss received emotional goodbyes from Prim, her mother, the baker, Madge, and Gale, but specifically notes she 'yelled at her' mother rather than expressing love. This creates a contradiction between what Katniss claims to have said and what was depicted in the previous chapter.",
004.txt,"[coherence] Katniss says she left her mother's blue dress and shoes on the floor of her train car, but there is no previous mention of her mother wearing or bringing a blue dress and shoes to the reaping or on the train. In Chapter 3, Prim and her mother came to say goodbye at the Justice Building, not on the train, and there was no mention of them boarding or traveling with Katniss on the train.","[coherence] The chapter states that the tributes from District 11 are 'just rolling out' when Cinna sets Katniss and Peeta's capes on fire, immediately before District 12 enters. However, the narrative later describes District 12's entrance as pulling 'the focus from the three chariots ahead of us.' If District 11 is just leaving as District 12 enters, there should only be two chariots ahead of District 12 (Districts 1 and 2), not three. This is a numerical inconsistency in the procession order."
004.txt,"[cross_chapter] Katniss states that Haymitch made them promise to do exactly what their stylists said, but in Chapter 4, Haymitch's actual bargain was that he would help them if they didn't interfere with his drinking and did exactly what he told them to do—not specifically about obeying stylists. The prep team also mentions Haymitch separately about not whining, but the specific promise about stylists was not established.",
004.txt,"[coherence] Katniss notes that it's around noon by the light, but then shortly after describes the sky as overcast and later states that between the overcast sky and evening hour the light is turning grey. The transition from noon to evening happens implausibly fast during what appears to be a single continuous scene of preparation and costume fitting.",
005.txt,"[coherence] Katniss claims she has never seen tributes on the Training Centre roof before, but she has only been in the Capitol for less than two days and has had no opportunity to observe tributes on the roof. This is her first time at the Training Centre, so she couldn't have seen or not seen tributes on this roof previously.","[coherence] Katniss says 'I kick off my shoes and climb under the covers in my clothes' after already having removed her boots earlier and giving them to the Avox girl to return to Cinna. She had also just taken off her shoes before this line, making the action redundant and confusing—she cannot kick off shoes she is no longer wearing, and she had already removed her boots before her shower."
005.txt,"[cross_chapter] Katniss says she received a medal for her father's death at the Justice Building, but in Chapter 4's summary, it describes her father's death in a mine explosion and her learning to hunt afterward, with no mention of any medal ceremony. More importantly, in the original text of The Hunger Games, Katniss's father did not receive a medal (miners' families did not get medals), and this detail appears to be an inconsistency with established canon about District 12's treatment of mining accident victims.",
006.txt,"[cross_chapter] In Chapter 6, Katniss recognized the red-haired Avox server as the girl she saw captured in the woods and told Peeta the full story on the roof. However, in this chapter, Katniss's dreams feature 'the face of the red-headed girl' intertwined with other images, but she does not acknowledge or reflect on having recognized the girl in the previous chapter. More significantly, when she sees the Avox server at breakfast, she does not recognize him as the same person—she describes 'A young man, an Avox' rather than the red-haired girl from Chapter 6. This appears to be a different Avox (a young man vs. a girl), but there is no acknowledgment of the red-haired girl's absence or any explanation for why a different Avox is serving them.",
008.txt,"[cross_chapter] Katniss claims she and Peeta 'abandoned' the 'happy pair' act when Peeta asked for separate coaching, but in Chapter 8's ending, Haymitch only revealed that Peeta asked to be coached separately—there was no explicit abandonment of their public image, and Katniss's internal reaction here suggests a finality that wasn't established. More significantly, Haymitch now insists they 'still' act like a happy pair, which contradicts Katniss's assumption that the separate coaching ended their alliance entirely.",
008.txt,"[coherence] Katniss describes the Avox girl's eyes as 'knowing reproachful eyes that call me a coward, a monster, a puppet of the Capitol, both now and then'—yet the Avox is physically incapable of speech and has shown no prior behavior indicating reproach. Katniss is projecting guilt onto a mute, expressionless servant who has actually shown her kindness (wiping her face, cleaning her wounds, tucking her in). The 'knowing reproach' is entirely in Katniss's imagination and contradicts the girl's actual gentle behavior in this scene.",
009.txt,"[cross_chapter] In Chapter 6, Katniss reveals to Peeta on the roof that the red-haired Avox girl was captured by a Capitol hovercraft, and Peeta covers for her lie about recognizing the girl. However, in this chapter, Katniss thinks 'I wish I knew her name. I should have asked it. She could write it down maybe. Or act it out.' This implies Katniss never learned the girl's identity or communicated with her. But in Chapter 6, the Avox girl was specifically serving at their dinner table where Katniss and Peeta were present—Katniss had opportunity to learn more about her, and the girl's presence as a server was already established. More significantly, Katniss's internal thought that the girl 'could write it down maybe' contradicts the established fact that Avoxes have their tongues cut out (explicitly stated in Chapter 6: 'the girl is an Avox—a traitor whose tongue was cut out'), making writing a logical alternative Katniss would consider, but the phrasing 'act it out' suggests Katniss doesn't know communication methods would be possible. The inconsistency is that Katniss seems to have no established connection or knowledge of this girl despite their charged interaction in Chapter 6, and her speculation about communication methods seems oddly naive given what she knows about Avoxes.",
010.txt,"[cross_chapter] Katniss says Haymitch has never seen her run, but in Chapter 4, they arrived at the Capitol together and have been training together for days. More importantly, in Chapter 7, Haymitch watched her train and specifically instructed her on strategy. Additionally, Haymitch was present during the opening ceremonies and would have observed her physical capabilities. The claim that Haymitch has never seen her run contradicts their extended time together and his role as her mentor observing her abilities.","[coherence] Katniss counts eleven cannon shots for eleven dead tributes, but later when viewing the death recap, she identifies specific dead tributes including both from District 6, both from District 7, both from 9, and others. However, she also notes that 'none from District 12' died and is relieved Peeta is alive. The math doesn't properly account for all eleven deaths in a way that matches her later calculation of 'ten of us' remaining. More critically, she counts 'the girl from District 3' as first dead, then notes Career Tributes from 1 and 2 all survived, but later says 'Five Career Tributes' remain (from 1, 2, and 4). If the boy from 4 died, that's only 4 Careers (2 from 1, 2 from 2, plus the girl from 4), not 5. She says 'usually all the Careers make it through the first day' implying surprise at the boy from 4 dying, but then counts 5 Careers remaining, which would require both from 1, both from 2, and the girl from 4—meaning the boy from 4 died. That's 4+1=5 Careers, but District 4 typically has 2 tributes. If only the girl from 4 survived, that's 2+2+1=5. This works, but contradicts her earlier statement that 'the Career Tributes from 1 and 2 have all survived' as if that's notable—if District 4's Careers didn't all survive, she should have mentioned that pattern. The real error is that she says 'Five Career Tributes' but if Careers are from 1, 2, and 4, and the boy from 4 died, there should be 2+2+1=5, which matches. However, she then says 'The ones who lunched together' referring to 2 boys and 3 girls. But at lunch in Chapter 6, she observed 'the girl from District 1, the boy from District 2, and the boy from District 4' as a group, not five Careers together. The Careers' alliance composition seems inconsistent with earlier observation."
010.txt,"[coherence] Katniss counts eleven cannons and identifies eleven dead tributes, but then calculates 'Thirteen left to play.' However, there were 24 tributes at the start (12 districts, 2 each). If 11 died, there should be 13 left. But later she thinks 'Twelve down and eleven to go!' when the Careers kill the girl with the fire, which would mean 12 dead total and 12 remaining. However, she already counted 11 cannons before this additional death, so the count should be 12 dead after the fire girl's death, leaving 12. But then she says 'Eleven dead, but none from District 12' after the anthem, confirming 11 dead from the bloodbath. The Careers' chant of 'Twelve down and eleven to go' appears to be an error by the Careers (they killed the fire starter, making 12 dead), but Katniss doesn't correct her own count. Later she tries to work out who is left and counts 'Five Career Tributes. Foxface. Thresh and Rue... That makes ten of us. The other three I'll figure out tomorrow.' But 5 + 1 + 2 + 1 (Katniss) + 1 (Peeta) = 10, which matches, leaving 3 unknown. However, if 12 are dead, there should be 12 left, not 13. The discrepancy between the cannon count (11) and the Careers' statement (12 down) creates confusion, and Katniss's own math doesn't consistently account for the fire starter's death.","[cross_chapter] Katniss states that Haymitch's instruction was to 'find a source of water' and that she 'sort of botched' the first instruction. However, in Chapter 10's summary, Haymitch's advice was described as about finding a bow and survival strategy, while in Chapter 3, Gale specifically advised her to 'find a bow.' The water instruction appears to be new in this chapter without prior establishment, and Katniss's reference to Haymitch's 'second instruction' implies there was a first she failed—yet the first instruction (to run/get away) she actually followed, not botched. She did clear out and run to the woods. The 'botched' first instruction seems to refer to not getting the bow, but that was Gale's advice, not Haymitch's. This creates confusion about whose advice was what and whether Katniss actually followed Haymitch's instructions or not."
011.txt,"[cross_chapter] Katniss claims Peeta went back to finish off the girl from District 8, but earlier in this same chapter she heard Peeta tell the Careers 'No. But she is now,' implying he lied about killing her. The cannon fired immediately after, suggesting the Careers or someone else killed her, not Peeta specifically going back. Katniss's statement contradicts her own earlier observation that Peeta was lying to the Careers about finding her.","[cross_chapter] Katniss claims 'No one from District 12 would think of doing such a thing' regarding Peeta teaming with Careers, but this contradicts her knowledge from Chapter 4 where Haymitch explicitly told them to 'stay by the bow' and let Careers do the heavy lifting. Haymitch's strategy was precisely for them to ally with or use the Careers, making Katniss's shock at Peeta following this advice inconsistent with what she was told."
011.txt,"[coherence] Katniss states the anthem plays and she sees the girl from District 8's face in the sky, then notes 'no tributes died today.' This is contradictory—if a tribute's face appeared in the sky, a tribute died that day. The girl from District 8's death is confirmed by her face appearing, making 'no tributes died today' impossible.","[coherence] Katniss thinks she needs to act composed for the cameras and gives a 'knowing smile,' yet immediately afterward she thinks about how 'Claudius Templesmith must be having' a field day and worries about losing sponsors. Her internal monologue shows she's deeply confused and frightened, which contradicts her confident performance. More significantly, she claims 'I feel certain I'm still holding the screen in the Capitol' despite having just been hidden all night where cameras couldn't get good shots, and despite her entire alliance strategy with Peeta now being in ruins—there's no logical basis for her certainty about holding audience attention."
012.txt,"[cross_chapter] Katniss refers to her sleeping bag as 'sleeping bed' when preparing to sleep in the tree, which appears to be an inconsistency in terminology. However, more significantly, Katniss stuffs her scorched jacket into her sleeping bag to smother flames, yet later when preparing for bed in the tree, she puts on her jacket and lays out her sleeping bed without any mention of the jacket still being in the bag or having been removed. The jacket's location and status become unclear.","[cross_chapter] Katniss claims she had 'just found a few hours of peace at the pond when this attack began,' but in the previous chapter she was severely dehydrated, nearly dying, and had only just discovered the pond before collapsing and sleeping. She had not established any camp there or spent significant time at the pond before the fire began. The fire started the same night she found the pond, not after 'a few hours of peace.'"
012.txt,"[cross_chapter] Katniss receives the mockingjay pin from Madge in Chapter 3 and Cinna secures it to her dress in Chapter 10, yet when Cinna prepares her for the Games, he gives her 'the mockingjay pin as her district token.' In this chapter, there is no mention of the mockingjay pin, which is Katniss's district token and should be with her. The pin's absence is notable given its significance and the fact that it should be her district token.","[coherence] Katniss stuffs her smoldering, scorched jacket into her sleeping bag 'hoping the lack of air will quell what I haven't extinguished,' yet later when she examines her supplies, she describes the sleeping bag as 'relatively unscathed' with only 'a few black marks.' This is inconsistent—a smoldering jacket placed inside a sleeping bag would cause significant burn damage to the bag, not just minor black marks."
013.txt,"[coherence] Katniss states she will wait until dawn to saw off the branch after the anthem ends, but then immediately receives medicine from Haymitch, applies it, sleeps, wakes at dawn, and then proceeds with the plan. However, she describes the Careers' torches as still visible when she descends after the anthem, and then in the morning Peeta and the Careers are still asleep in the same positions. The timeline is compressed but plausible; more significantly, Katniss says 'I realize that the best chance I'll have to do the sawing without drawing notice will be during the anthem' and then stops when the anthem ends, planning to finish at dawn—but she had already started sawing during the anthem and was three-quarters through. The branch would be visibly damaged and the nest partially disturbed, yet the wasps don't attack overnight and the Careers don't notice the damaged branch above them in the morning.","[coherence] Katniss states that only three tracker jackers identified her before the nest fell, and she pulled out all three stingers. However, she then describes experiencing severe hallucinations and disorientation far beyond what three stings should cause, especially when earlier she noted that 'most people can't tolerate more than a few stings' and the venom's effects are described as potentially deadly. The severity of her hallucinations seems disproportionate to her stated number of stings, and she later experiences symptoms more consistent with a much larger dose of venom."
013.txt,"[cross_chapter] Katniss says 'And I refuse to let them slip through my fingers again!' referring to the bow and arrows, implying she has lost a bow before. However, there is no previous mention of her ever having had a bow in the arena or losing one. She entered with no weapons, got a backpack and knife at the Cornucopia, and has never possessed a bow in the Games. This appears to be a reference to her inability to get the bow at the Cornucopia during the bloodbath, but she never actually had it in her possession to 'slip through her fingers again.'","[coherence] Katniss states she applies medicine to her calf and hands at night, and the medicine magically erases pain and heals her burns. However, the next morning she notes her leg 'still feels inflamed' and the burn 'was far deeper,' yet she also says her hands have transformed to 'soft baby-skin pink.' If the medicine is so effective that it completely heals her sawing blisters overnight, it's inconsistent that her deeper burn would still be inflamed enough to require another coat, especially given the medicine's described 'magical' effect on contact."
013.txt,,"[temporal] Katniss hears a second cannon and assumes it's for the girl from District 4, then hears birds fall silent and one give a warning call for a hovercraft. She thinks this is for Glimmer, but then sees the District 4 girl being lifted. However, she had just been trying to get the bow from Glimmer when the first cannon fired, and she explicitly states 'I haven't heard the cannons fire yet' when considering whether Glimmer might still be alive. The sequence is confusing: if the first cannon was for Glimmer, the hovercraft should come for Glimmer first, but the District 4 girl is taken first instead, suggesting the second cannon was actually for Glimmer or the timing is muddled."
014.txt,"[coherence] Katniss states she has 'a full dozen arrows if you count the one I retrieved in the tree,' but she only retrieved one arrow from the tree in the previous chapter (the one she shot at the Careers). The bow and arrows came from Glimmer's body, and there were multiple arrows there. However, the math is inconsistent: if she has a dozen (12) counting the one from the tree, that means she got 11 from Glimmer, which seems high given the context. More importantly, she says 'the one I retrieved in the tree' suggesting a single arrow, but earlier she shot multiple arrows at the Careers from the tree. The phrasing 'the one' is ambiguous but more critically, she never explicitly counted or described retrieving multiple arrows from Glimmer's body in the previous chapter, making this specific count appear unverified.","[cross_chapter] Katniss states she retrieved the bow and arrows from Glimmer's body, but in Chapter 14 summary, she retrieved Glimmer's bow and arrows after dropping the tracker jacker nest, before encountering Peeta and fleeing while hallucinating. However, in this chapter she says 'A full dozen arrows if you count the one I retrieved in the tree'—but Chapter 14 states she retrieved the bow and arrows from Glimmer's body on the ground, not 'in the tree.' The arrow she had was from the tree where she was hiding, not one she retrieved during the escape. More critically, she says the arrows 'bear no trace of the noxious green slime that came from Glimmer's body' and thinks 'that might not have been wholly real'—but Glimmer's death from tracker jacker stings and the bow being covered in her bodily fluids was real, as established in Chapter 14. The green slime was real (from the stings), not a hallucination."
014.txt,"[cross_chapter] Katniss says the sunglasses 'don't block the sun and they make it harder to see,' but in Chapter 11 when she first gets her pack, she specifically notes 'I don't have sunglasses' and lists the contents. She received the glasses in her pack, but there's no previous mention of her trying them on or discovering they don't work for sun. More significantly, in Chapter 11 she says 'I don't have sunglasses' when listing pack contents, but now she has them. Actually re-reading: she did have them, she just noted they weren't useful. The actual cross-chapter issue is that in Chapter 11, Katniss lists her pack contents and says 'I don't have sunglasses' - wait, let me re-check. Actually in Chapter 11: 'Inside the bottom, where I found the glasses, a thin package of crackers, a half-gallon bottle of iodine.' So she did have them. But she never tried them before? She says now 'They've been useless so far. They don't block the sun and they make it harder to see' - this suggests she has tried them, but there's no previous mention of this testing. However, the more concrete error is: Rue says 'The Careers have two pairs' of night-vision glasses, but there's no established way Rue would know this specific detail about the Careers' equipment unless she saw it, which isn't mentioned. Actually the real error: Katniss says 'They've been useless so far' implying she's worn them, but in the previous chapter she was hallucinating from tracker jacker venom and recovering - when would she have tested them? This is weak. The stronger error: Rue says the Careers have 'two pairs' - this is extremely specific intelligence that seems to come from nowhere, and Katniss doesn't question how Rue knows this.","[cross_chapter] Katniss says 'I have a bow and arrows! A full dozen arrows if you count the one I retrieved in the tree.' However, in Chapter 14, she had only one arrow from her own pack that she used to saw at the branch, and she retrieved Glimmer's bow and quiver of arrows after dropping the nest. The 'one I retrieved in the tree' seems to conflate two separate events: she had one arrow in the tree (her own), but she retrieved the bow and multiple arrows from Glimmer's body on the ground, not from the tree. The phrasing suggests she retrieved an arrow in the tree, which is misleading about how she obtained the full set of weapons."
015.txt,"[coherence] Katniss says 'Both of us can't win these Games' but later Rue lists nine remaining tributes including both Katniss and Peeta, and Katniss doesn't correct Rue's count or mention that Peeta is also from her district. More critically, Katniss thinks about Rue not being killed and 'the two of us being left for last' as if two victors were impossible, yet the previous chapters established that two tributes from the same district could theoretically both survive (though it's rare). However, the actual error is that Katniss says 'Both of us can't win' when in fact, under normal Hunger Games rules, two tributes from different districts absolutely cannot both win—only one victor is allowed. This is a fundamental rule Katniss would know, making her phrasing oddly tentative. She should think 'One of us will have to die' not 'Both of us can't win' as if it's merely unlikely rather than structurally impossible.","[cross_chapter] Katniss states she 'must have been moving very slowly yesterday' to explain reaching her bathing spot quickly, but the previous chapter summary states she was unconscious for two days after the tracker-jacker attack. This contradicts the timeline—she didn't travel slowly yesterday, she was unconscious and not traveling at all. Her sense of time is distorted from the venom, but the narration presents this as a genuine temporal observation rather than a hallucination or confusion."
016.txt,"[cross_chapter] Katniss says she has nine arrows remaining, but in Chapter 14 she retrieved a bow and arrows from Glimmer's swollen corpse. After shooting the apples to trigger the mines (which would use at least one arrow), and with no indication she retrieved arrows from the explosion, having exactly nine arrows seems convenient and potentially inconsistent with what was established. However, more critically, Katniss states 'my bow and arrows at hand' and 'Check over my bow and remaining nine arrows'—but earlier in Chapter 14, she specifically noted the bow was 'virtually useless' because 'it's not been well cared for' and 'the wood's warped from the humidity.' There's no mention of her obtaining a replacement bow, yet she now treats it as fully functional without comment.","[coherence] Katniss states she has nine arrows remaining, but this contradicts her earlier situation. In Chapter 14, she retrieved Glimmer's bow and arrows after dropping the tracker jacker nest, but she never established how many arrows she started with or used since then. More importantly, she shot at least two arrows at the apple bag to trigger the explosion (implied by 'the apples must have set off enough mines'), yet she still has nine arrows. This seems inconsistent with typical quiver capacity and usage unless she retrieved Glimmer's full supply, but the exact count is suspiciously precise given the chaos."
016.txt,"[coherence] Katniss states she can hear a laugh 'somewhere near the lake' and that 'The laugh's distorted, but the fact that it registered at all means I must be regaining my hearing.' However, she has been established as completely deaf in her left ear and her right ear only has ringing. A 'distorted' laugh registering in her recovering right ear makes sense, but she then says 'Yes, my right ear can hear again' as if this is new information, when she already established earlier that she could hear ringing in that ear. More significantly, she says 'as for my left ear, well, at least the bleeding has stopped'—but earlier she had put her hood up specifically 'to soak up the blood' and there's no mention of checking if bleeding stopped before this moment. The sudden confirmation that bleeding stopped without her having checked seems slightly inconsistent with her earlier concern.","[cross_chapter] Katniss mentions she 'left [her sleeping bag] with Rue' and 'was supposed to pick up another one, but what with the mines and all, I forgot.' However, in Chapter 15, Katniss and Rue shared supplies and planned together, but there is no mention in previous chapters of Katniss leaving her sleeping bag with Rue or any plan to pick up another one. This appears to be a fabricated memory or detail not established in their alliance formation."
016.txt,,"[temporal] Katniss states 'The boy from District 10, who must have died this morning' appears in the sky tribute recap, but the timing is questionable. The previous night, after the pyramid explosion, the Careers waited for a cannon that 'could have been easily lost in the subsequent explosions.' If the boy from District 10 died 'this morning,' his cannon would have been during daylight when Katniss was conscious and her ear, while damaged, might still have registered it. More critically, the death recap shows only two tributes (District 3 boy and District 10 boy), suggesting District 10 died before or during the explosion events, not 'this morning' after Katniss had already been hiding overnight."
017.txt,"[coherence] Katniss says she will 'win for both of us now' to Rue, but earlier she told Rue 'I'm going to' win, implying she was already planning to win for herself. The shift to 'for both of us' is presented as a new promise, but she had already committed to winning in her internal thoughts.","[coherence] Katniss says she'll 'win for both of us now' to Rue, but Rue is from District 11 and Katniss is from District 12. Under normal Hunger Games rules, there can only be one victor, so Katniss cannot literally win 'for both of them' in the sense of them both surviving. This is technically not an inconsistency since Katniss is speaking emotionally rather than literally about the rules, but it becomes retrospectively odd given the rule change announced later in the chapter."
017.txt,"[cross_chapter] Katniss states that Cato saw her take the bow and arrows from Glimmer's body, but in Chapter 14, Katniss was hallucinating from tracker jacker venom and fled the scene. The Careers had already fled the area due to the tracker jacker attack, and Peeta told her to run. There is no indication Cato witnessed her taking the bow; he had fled with the other Careers before she retrieved it.","[cross_chapter] Katniss says 'My sleeping bag is rolled neatly in Rue's pack,' but in Chapter 15, it was established that Katniss had her own supplies and Rue had hers. There was no mention of Katniss's sleeping bag being in Rue's pack previously. In Chapter 11, Katniss grabbed a backpack at the Cornucopia, and in Chapter 15 they shared supplies but no specific mention was made of the sleeping bag transfer."
017.txt,,"[coherence] Katniss states 'The boy from District 1 was the first person I knew would die because of my actions' and claims she only killed 'one human,' but she also takes credit for Glimmer and the District 4 girl from the tracker jacker nest. However, she specifically says 'I guess technically I'd get credited for Glimmer and the girl from District 4, too, for dumping that nest on them.' This is internally consistent in her reasoning (she distinguishes between direct killing and indirect/technical credit), but the phrasing 'only one human' I killed is slightly misleading since she caused multiple human deaths. This is more of a nuanced moral distinction than a clear error."
018.txt,,"[cross_chapter] Katniss states that Rue's water skin is among her supplies, but Rue was killed in the previous chapter and there is no mention of Katniss taking Rue's water skin after her death. The previous chapter summaries indicate Katniss received bread from District 11 after Rue's death, but no mention of taking Rue's water skin. However, in Chapter 15 summary, they 'share food and supplies' which could include the water skin, and in Chapter 17 Katniss was heading to rendezvous with Rue. Upon closer re-examination: In Chapter 15, Rue and Katniss share supplies, and Katniss has the water skin from the beginning of their alliance. The text says 'Rue's water skin' suggesting it belonged to Rue originally, which is consistent with their sharing supplies. This is not actually an error - they shared supplies and Katniss ended up with it."
019.txt,"[coherence] Katniss states she 'left the scene of his last hiding place on the bank of the stream untouched' and that they are 'a scant fifty metres downstream,' but earlier she described moving Peeta to a cave. This creates confusion about Peeta's actual location—whether he is still near his original hiding spot by the stream or in a cave. The chapter later clearly establishes they are in a cave, making the reference to 'his last hiding place on the bank of the stream' and being only fifty metres downstream inconsistent with the cave setting that dominates the chapter.",
019.txt,"[cross_chapter] Katniss mentions 'Rue's berries' and later 'Rue's roots' as ingredients she uses for Peeta. However, in Chapter 17, Katniss explicitly noted that Rue had been gathering berries and roots, and Katniss herself had been hunting with her bow. There is no indication in previous chapters that Katniss collected or was carrying Rue's berries or roots with her when she left Rue to go to the Careers' camp, or that she returned to collect them after Rue's death. The sudden appearance of these specific supplies without explanation contradicts the established timeline where Katniss went directly from Rue's death to killing Marvel, then mourning, then learning of the rule change and searching for Peeta.",
020.txt,"[coherence] Katniss says she has nine arrows left, but after shooting at Clove and missing with her last loaded arrow, she still has an arrow to shoot at Clove when she pins her down. Later, after fleeing, she loads another arrow despite supposedly having shot her last one. The arrow count doesn't properly account for all shots fired and remaining.","[coherence] Katniss claims she has nine arrows left, but she has not been shown to have used any arrows since acquiring Glimmer's bow. In Chapter 15 she discovers she has the bow, and in Chapter 16 she uses three arrows to shoot the bag of apples (implied by 'I loose a third arrow'). This would leave her with more than nine if she started with a full quiver, or the count is inconsistent. More critically, in this chapter she fires at Clove, fires another at her assailant (missing), and still has arrows to load later when fleeing Cato. The 'nine arrows' count appears arbitrary and inconsistent with her usage pattern."
020.txt,"[coherence] Katniss states she sends an arrow straight at Clove's heart, and Clove turns to avoid a fatal hit, with the arrow puncturing her upper left arm. However, Katniss then states 'the last loaded arrow having gone in Clove's direction' when explaining her empty bow to Thresh. But she also says 'I keep moving, positioning the next arrow automatically' after the first hit, suggesting she had more arrows ready. The sequence implies she shot multiple arrows but also that the last one went at Clove, creating confusion about whether she had any arrows left when Thresh confronts her.","[cross_chapter] Katniss states she 'sorely miss[es] having the use of my left ear' and that 'the explosion did' irreparable damage. However, in Chapter 17, the text states 'My hearing in my left ear seems to be completely gone' and 'the explosion has left me deaf.' While not a direct contradiction, the phrasing here suggests long-term permanent damage ('deep and irreparable'), yet in Chapter 19 she shows no signs of this disability when tracking Peeta, communicating with him, or navigating. The narrative seems to forget this injury when convenient."
020.txt,,"[coherence] Katniss describes the tiny orange backpack as 'really I could carry it around my wrist' and 'really too small to fit on any other part of my anatomy,' yet she also says 'my fingers closing over the tiny orange backpack. My hand slips between the straps and I yank it up on my arm.' If it's too small to fit on any other part of her anatomy, how does it fit on her arm? And if she can carry it on her wrist, why is her arm the only option? The description is contradictory."
021.txt,"[cross_chapter] Katniss says Clove cut her, but in Chapter 21, Clove pinned her down and was killed by Thresh before cutting her. The head wound was from being hit by a backpack or the fall, not from Clove cutting her. Katniss's specific memory 'she cut me' is inaccurate based on previous events.","[cross_chapter] Katniss says 'I want to go home, Peeta' and he promises she will, but earlier in Chapter 19 she had already cried out his name and they had established their alliance. The emotional intensity of this moment seems to ignore that she had already committed to saving him when she went to the feast."
021.txt,"[cross_chapter] Katniss says 'the first gift that's always the hardest to pay back' regarding Peeta's bread, but in Chapter 2, she explicitly recalls that Peeta took a beating from his mother to give her the bread, and she had never even spoken to him. The bread was given when they were children, not 'the first gift' in a sequence of gifts from Peeta to her. Also, Katniss is the one who has been receiving gifts, not giving them, making the 'pay back' framing about her debt to him consistent, but the phrasing 'first gift' implies there were subsequent gifts from him, which is misleading.","[coherence] Katniss mentions receiving 'the bread they sent me from District Eleven was still warm' but this contradicts the established timeline. The bread from District 11 arrived in Chapter 18 after Rue's death, which was several days prior. Bread would not still be warm, and more importantly, Katniss and Peeta ate it long ago—it shouldn't still be available to reference as if recently consumed."
021.txt,,"[cross_chapter] Katniss states that Haymitch 'probably used up a lot of resources helping me knock you out' but this is misleading—Haymitch sent the sleep syrup directly to Katniss, not to help her knock Peeta out. The sleep syrup was a gift Katniss received and then used on her own initiative to trick Peeta. Haymitch didn't directly help her knock Peeta out."
022.txt,"[cross_chapter] Katniss states she sacrificed three arrows in the explosion and two at the feast, leaving her with seven arrows. However, in Chapter 16, she shot only one arrow to trigger the explosion (at the bag of apples), not three. The explosion was caused by the apples hitting the mines, not by multiple arrows.","[cross_chapter] Katniss claims she sacrificed 'three' arrows in the explosion and 'two' at the feast, totaling five, which would leave seven from twelve. However, in Chapter 16 she shot 'a dozen arrows' at the bag of apples, and in Chapter 17 she was blown backward by the explosion with no indication she recovered any arrows. The math doesn't work—she should have far fewer than seven arrows remaining if she shot a dozen at the apples alone."
022.txt,"[cross_chapter] Katniss claims Haymitch has never made much effort to connect with Peeta, but in Chapter 19, Haymitch specifically sent broth as a reward when Katniss kissed Peeta, and in Chapter 20, Katniss noted that Haymitch's gifts seemed to reward romantic moments. The broth was specifically for Peeta's care and their romance performance, which was a direct communication to both of them.","[coherence] Katniss claims she sacrificed two arrows 'at the feast,' but in Chapter 21, she never fires any arrows at the feast. She is attacked by Clove immediately after grabbing the backpack, and Thresh intervenes. There is no description of her shooting arrows during the feast sequence."
023.txt,"[coherence] Katniss says 'we were about as hard to follow as a herd of cattle' when Peeta asks how Foxface found them, but this contradicts her earlier description of how they traveled. In the previous chapter, Katniss deliberately separated from Peeta to hunt because he was too noisy, and she was specifically trying to be quiet and avoid detection. The 'herd of cattle' metaphor suggests they were both traveling together noisily, which doesn't match their actual behavior of separating so Katniss could hunt quietly while Peeta stayed behind.","[coherence] Katniss states that Peeta's ignorance of the nightlock berries killed Foxface, but this contradicts the actual events. Foxface stole the berries from Peeta's collection; she was not present when they were gathered and had no way to know they were poisonous. Peeta's ignorance was a factor in him gathering the berries, but Foxface's death was caused by her own theft and consumption of berries she didn't recognize, not by any direct action or inaction of Peeta's that she could have detected. Katniss's statement 'It was Peeta's own ignorance that brought her down' misleadingly assigns causal responsibility to Peeta when Foxface was an independent agent who stole and ate the berries without their knowledge."
024.txt,"[coherence] Katniss states she has only two arrows left when aiming at Cato, but after shooting Cato through the hand, she later uses her 'last arrow' in the tourniquet to shoot Cato again at dawn. However, she also shot a mutt (Thresh) after the hand shot, meaning she would have needed at least three arrows for: Thresh, Cato's hand, and the final mercy shot. Additionally, she finds the bounced arrow from Cato's armor later, but this was from an earlier encounter, not from her current supply.","[cross_chapter] In Chapter 21, Katniss uses the sleep syrup to drug Peeta so she can attend the feast alone, and the medicine she retrieves heals his infection. However, in this chapter, Katniss states 'All our supplies, our packs, remain down by the lake where we abandoned them when we fled from the mutts' and she has 'no bandage, nothing to staunch the flow of blood.' Yet in Chapter 21, she specifically brought back medicine and supplies from the feast, and they had been living in a cave with supplies. The narrative implies they fled from the cave with nothing, but doesn't explain why they wouldn't have at least some supplies from the cave or the medicine she risked her life to obtain."
024.txt,"[coherence] Katniss describes using her remaining arrow in Peeta's tourniquet, but when she needs to retighten it after removing the arrow, she uses a stick instead—yet she had just been holding an arrow. More significantly, she then finds 'the arrow that bounced off Cato's body armour' to use as a replacement tourniquet stick, but this creates confusion: if she had this arrow all along, why was the arrow in the tourniquet her 'last' one? The bounced arrow should have been retrievable earlier and would have affected her arrow count.","[coherence] Katniss describes Cato's body armour as 'skintight, flesh-coloured mesh' that protects him 'from ankle to neck,' yet later she shoots him in the hand to make him release Peeta, and the arrow pierces his hand. If the armour covers him completely from ankle to neck, his hands should also be protected, or at least the narrative should explain why his hands are vulnerable. The description implies full coverage but leaves hands inexplicably exposed without explanation."
025.txt,"[cross_chapter] Katniss mentions 'the slight movement in the air sends a ripple up my body' when describing the candlelight dress, but she is indoors in a controlled environment (the Training Centre), not in an outdoor setting where wind or air movement would naturally occur. More significantly, this contradicts her earlier experience in Chapter 5 where the 'girl on fire' effect required actual synthetic fire and special conditions. However, the main inconsistency is that Katniss states 'By comparison, the chariot costume seems garish, the interview dress too contrived'—but she never wore an interview dress in the previous chapters. In Chapter 9, Cinna created a jeweled dress for her interview that made her appear 'engulfed in flames,' not a separate 'interview dress' distinct from the chariot costume. The phrasing suggests two different interview outfits, but there was only one interview and one dress.","[cross_chapter] Katniss states she can hear again after noticing her silken hair, implying she had lost hearing. However, the text earlier states she was deafened in her LEFT ear from the explosion in Chapter 17 ('temporary deafness in my left ear'), not total deafness. She could still hear with her right ear throughout. The phrasing 'I can hear again' suggests total hearing loss and recovery, which contradicts the established partial deafness."
025.txt,"[coherence] Katniss states she can hear again after discovering her hearing was lost, but the text never explicitly established she lost her hearing in the first place. In Chapter 17, she suffered deafness in her left ear from the explosion, but this was already known and she had been functioning with partial hearing. The text says 'I can hear again' as if it were a complete restoration, but the narrative treats it as a surprising discovery. More problematically, she says 'Apprehensively I ruffle the hair by my left ear. No, it wasn't an illusion. I can hear again.'—but if her hearing was restored, she wouldn't need to 'ruffle the hair by my left ear' to discover this; she would simply notice she can hear. The physical action doesn't logically connect to verifying hearing restoration, suggesting a slight coherence gap in how the sensory recovery is depicted.","[cross_chapter] Katniss mentions 'the burn on my calf' and searches for it but finds nothing. However, in Chapter 13, she suffered burns to her CALF and HANDS from the fireball attack. Earlier in this same chapter, she notes 'the scars from the burns less prominent' on her hands, confirming hand burns were treated. But she specifically searches for the calf burn and finds nothing, while the narrative treats this as remarkable. Given the advanced medical technology shown (full body polish, scar removal), this isn't necessarily an error in itself, but her surprise at the calf burn being gone while not remarking on the hand burns being gone is slightly inconsistent in focus. More significantly, in Chapter 20, Peeta's severely infected leg wound was a major plot point, and Katniss risked her life at the feast for medicine. Here she checks her calf with no mention of Peeta's leg recovery, though she does later ask if he's alive."
025.txt,,"[coherence] Katniss states 'When I left the arena, when the trumpets played, I was supposed to be safe. From then on. For the rest of my life.' This is factually incorrect within the narrative logic of the Hunger Games universe. Victors are never 'safe for life'—they become mentors, subject to Capitol manipulation, and Haymitch had already warned her about the political dangers of winning. More immediately, Katniss herself had already experienced being trapped in the hovercraft, separated from Peeta, drugged, and held against her will. Her belief that she was 'supposed to be safe' contradicts both the established worldbuilding and her immediate experiences in this very chapter."
026.txt,"[cross_chapter] Katniss states she 'couldn't even talk to him in the arena,' but in Chapter 19, Haymitch sent her broth as a reward for kissing Peeta, and throughout the Games he sent sponsor gifts including burn medicine, sleep syrup, and the feast. The parachute system was their only communication method, and Haymitch clearly used it to coach/guide Katniss's behavior. However, this is technically about talking to Haymitch, not Peeta, so the statement is technically accurate—she couldn't talk to Haymitch in the arena, only receive gifts. Re-examining: Katniss says 'I couldn't even talk to him in the arena, could I?' referring to Haymitch, which is actually true. They had no direct communication, only the unidirectional gift system. This is not an error.","[cross_chapter] Katniss says she 'couldn't even talk to him in the arena' to Peeta, but this contradicts her earlier statement to Haymitch in Chapter 26 where she said 'I couldn't even talk to you in the arena'—the 'him' refers to Haymitch, not Peeta. However, in this chapter she uses the same phrasing to describe her inability to communicate with Haymitch, but Peeta interprets it as her being coached by Haymitch all along. More critically, Katniss did receive sponsor gifts and implicit coaching from Haymitch throughout the Games (the broth, sleep syrup, medicine), so her claim that she 'couldn't even talk to him' is technically true but misleading in context. The actual error is that Katniss says to Peeta 'I couldn't even talk to him in the arena, could I?' as if this proves she wasn't coached, when in fact Haymitch's coaching was constant through gifts and prior training."
026.txt,,"[coherence] Katniss claims she 'hadn't had the chance' to tell Peeta about his prosthetic leg, but they spent significant time together in the cave (Chapters 19-23) where she examined his leg wound extensively, changed his bandages, and even injected medicine into him. She would have seen the severity of the injury and the medical treatment. The Capitol medical team also treated him before the victory ceremony. The timing and circumstances make it implausible that she never noticed or was never informed about the amputation during their intimate cave time or the medical preparations for the ceremony."
026.txt,,"[emotional] Katniss thinks 'I want to tell him that he's not being fair' and lists numerous justifications for her behavior, including 'That we were strangers. That I did what it took to stay alive, to keep us both alive in the arena.' However, this internal monologue contradicts her established character pattern of emotional suppression and inability to articulate feelings. More significantly, she thinks 'That it's no good loving me because I'm never going to get married anyway and he'd just end up hating me later instead of sooner'—this specific reasoning about marriage and children has never been established as part of her worldview before. Her primary emotional conflict has been survival and protecting Prim, not a pre-existing commitment to lifelong singleness. This feels like retroactive characterization to serve the romantic plot rather than consistent psychological development."
027.txt,"[cross_chapter] Katniss states she was in the woods for three hours, but the narrative describes her leaving before dawn and returning when 'the sun is well up,' with enough time having passed for Gale to have already gone to work in the mines (which would be early morning). However, she also says she'll be collected at noon for the Victory Tour, and later when talking to Darius says 'They're collecting me at noon.' The timeline seems compressed—she's been in the woods since before dawn, it's now well past dawn with the sun up, but she still has hours until noon. Yet she also mentions 'By noon they will all be at my new house' at the very beginning while still in the woods. The inconsistency is that she describes being in the woods for only three hours, but the activities described (waiting for dawn, checking snare lines, walking to and from locations, visiting multiple places) seem to require more time, and her internal monologue about noon arrivals happens while she's still in the woods before dawn, creating a temporal confusion about how much time has actually passed versus how much she anticipated passing.","[cross_chapter] Katniss describes Haymitch as having 'surly, violent, and drunk most of the time' and mentions his recent withdrawal episode, but this chapter is from 'Catching Fire' (the second book), not 'The Hunger Games' (the first book). The previous chapter summaries provided are all from the first book (Chapters 1-27), and this chapter represents the beginning of Book 2. The chapter references events from the first book as backstory (the Games, the romance strategy, winning with Peeta) but is itself a new narrative starting point. However, the prompt asks to check against 'previous chapters' which are all from Book 1. The description of Haymitch's withdrawal and Katniss's established routine of stockpiling liquor for him contradicts the ending of Book 1 where their relationship was just beginning to form, and there's no mention of this withdrawal incident or Prim being scared by Haymitch in the Book 1 summaries. More significantly, the chapter presents Katniss and Peeta's strained relationship as ongoing, but the 'previous chapters' end with them arriving home and Peeta withdrawing emotionally on the train—this chapter's timeline (months later, Victory Tour approaching) skips over substantial un-summarized development. The core error is that this chapter's events cannot logically follow immediately from Chapter 27 of Book 1 as summarized; there's a significant time gap and relationship evolution not accounted for in the provided summaries, making it appear as a cross-chapter inconsistency when checked against the given context."
028.txt,"[cross_chapter] Katniss says she 'still hadn't figured out if any of those counted' regarding kisses with Peeta, but in Chapter 22, she and Peeta shared their 'first fully conscious kiss' which was clearly meaningful and genuine. By this point, she should have resolved whether those earlier kisses 'counted' since she has since experienced a clearly significant kiss with Peeta. The phrasing suggests ongoing confusion that contradicts the emotional development in Chapter 22.","[cross_chapter] Katniss states she and Peeta 'assumed the cool relationship we've had ever since' after the ceremonies ended, but in Chapter 27 she reveals to Peeta on the train that her romantic behavior was strategic coaching from Haymitch—this revelation causes him to withdraw emotionally. However, in this chapter she describes their relationship as already being 'cool' before this revelation, and she also describes their first kiss in the cave as motivated by Haymitch's sponsor gift, suggesting the romance was always staged from her perspective. The timeline of when Peeta knew about the strategy versus when their relationship became 'cool' is inconsistent."
028.txt,,"[cross_chapter] Katniss recalls that 'It only happened once' regarding Gale's kiss, and that after it happened 'Gale acted as if the kiss had never happened' and she 'pretended it had never happened, either.' However, she also states that 'Whatever I pretended, I could never look at his lips in quite the same way.' This internal knowledge of her changed perception contradicts her earlier claim in the chapter that 'everyone thinks we're cousins now'—if she couldn't look at Gale's lips the same way, her behavior would have been noticeably different, making the 'cousins' cover less convincing. More significantly, President Snow claims to know about the kiss, yet Katniss's internal monologue suggests it was completely hidden and happened only once in a supposedly safe place. The contradiction lies in whether their behavior in the woods was truly undetectable as romantic given Katniss's own admission that the kiss changed her perception of Gale."
029.txt,"[cross_chapter] Katniss states she never took Gale to the lake, calling it 'a place that belonged only to my father and me.' However, in Chapter 8 (per the summary), Katniss had flashbacks about her 'hunting partnership and growing bond with Gale.' While not explicitly stated to be at the lake, the summary mentions their bond growing through shared activities. More critically, Katniss's statement that 'I never took Gale to the lake' and 'It's a place I've never really wanted to share with anyone' is presented as absolute, yet the narrative treats this as a significant revelation when there's no prior indication she ever took him there or considered it. This is a minor inconsistency in how the lake's exclusivity is framed versus prior character development.","[cross_chapter] Katniss states 'The trouble will start when my prep team sees how I've let my eyebrows grow back in,' but in Chapter 27 she was in the Capitol for weeks of victor preparation with her prep team, and in Chapter 28 she was home for some time. The phrasing suggests she hasn't seen them since before the Games, but she would have been groomed by them during the victor's ceremony preparations. More significantly, her mother acts as if this is normal presidential behavior, but Katniss is lying to cover up Snow's threats—however, the 'eyebrows' excuse is oddly specific given she just had professional prep work done recently."
029.txt,"[cross_chapter] Katniss mentions that 'Since I've been home I've been trying hard to mend my relationship with my mother' and lists specific behaviors like 'Returning her hugs instead of tolerating them.' However, in Chapter 28 (per the summary), Katniss's morning routine involves hunting, trading at the Hob, and visiting Hazelle—there's no mention of meaningful interaction with her mother that would demonstrate this mended relationship. More significantly, Katniss states 'Since I've been home' as if this is an ongoing effort, but Chapter 28 shows her primarily focused on Gale, Haymitch, and her dread of the tour, with no indication of the specific reconciliation efforts described here. The emotional work described seems to exist in a vacuum from the prior chapter's events.","[cross_chapter] Katniss says 'I never took Gale to the lake' and describes it as 'a place that belonged only to my father and me,' but in Chapter 4's flashback, she describes meeting Gale in the woods and their hunting partnership developing. While not explicitly contradictory, the emotional weight of 'never took Gale' suggests complete exclusion, yet their deep woods partnership (established in Chapter 8's flashback) makes it slightly inconsistent that she never shared this location with him despite their years of hunting together—especially since she notes 'I could have' and it's 'time-consuming to get there, but the waterfowl are such easy pickings you can make up for lost hunting time.' This is a minor inconsistency in their established hunting partnership dynamics."
029.txt,"[coherence] Katniss states 'There's Peeta, but obviously I don't call him' regarding the telephone, yet this contradicts the established necessity of their public romantic relationship. While they have a strained personal relationship (confirmed in Chapter 28 where Peeta arrives with bread showing 'strained distance'), the Capitol expects them to appear close. The telephone was provided as part of their victor housing specifically for communication. Katniss's explanation that 'obviously' she doesn't call Peeta suggests this is normal, but given their need to maintain appearances, it would be more logical for them to have some telephone contact, or for Katniss to explain why calling would be awkward beyond the obvious. The 'obviously' handwaves a relationship complexity that should require more justification given the stakes established in this very chapter.",
030.txt,,"[cross_chapter] Katniss says 'I remember how I took care in the arena to cover her with flowers, to make sure her loss did not go unnoticed' - but this is incorrect. In Chapter 18, Katniss covered Rue's body with flowers as a spontaneous, defiant gesture against the Capitol, not as a calculated move 'to make sure her loss did not go unnoticed.' She did it specifically to show the Capitol they couldn't control everything, thinking 'they will have to show it. Or, even if they choose to turn the cameras elsewhere, they'll have to hold me back.' The gesture was rebellious, not careful or planned for notice."
031.txt,"[cross_chapter] Katniss states she only kissed Gale once, but in Chapter 29's summary, President Snow 'whispers that he knows about the kiss' (singular) and Katniss thinks 'their single kiss' was discovered. However, in Chapter 28's summary, Katniss was 'reflecting on her complicated relationship with Gale' with no mention of any kiss occurring. The kiss with Gale appears to have happened off-page between chapters without clear establishment, creating confusion about whether this is the same kiss being referenced or if there were multiple kisses.","[cross_chapter] Katniss says she only kissed Gale once, but this contradicts the ambiguity in Chapter 29's summary which states 'their single unexpected kiss' without confirming it was only one. More importantly, Katniss's internal reflection in this chapter treats the Gale kiss as a singular discrete event, but earlier narrative established their kiss happened during an emotional reunion with multiple intimate moments. The phrasing 'Was that really the only time you kissed Gale?' implies uncertainty about whether there were other occasions, yet Katniss answers definitively 'Yes' despite their ongoing close relationship and romantic tension."
031.txt,"[coherence] Katniss claims Haymitch has only been to the Justice Building once, yet he demonstrates remarkably detailed knowledge of its hidden passages, trapdoors, and the dome's location. This seems inconsistent—either he has extraordinary memory from decades ago (unlikely given the dust and disuse), or he has been there more recently, or he obtained this information elsewhere, none of which is explained.","[coherence] Katniss states that Peeta 'who was at death's door, had gotten nothing' from Haymitch in the arena, but this is factually incorrect. Peeta received medicine from Haymitch—specifically, the burn medicine that Katniss herself used after the fireball attack was originally sent for Peeta, and Haymitch sent sponsor gifts to Peeta as well. The narrative earlier established that Haymitch sent gifts to both of them strategically. Peeta's claim that Haymitch 'never sent me anything until you showed up' is also contradicted by events in the arena where both received support."
031.txt,"[emotional] Peeta's emotional explosion about being excluded from secrets seems disproportionate given that he himself kept major secrets from Katniss (his love confession being coached by Haymitch, as revealed in Chapter 22). While he acknowledges this briefly, his rage at Katniss and Haymitch for strategic secrecy seems to ignore that he participated in similar deception himself and benefited from it. The narrative frames his anger as righteous without acknowledging this hypocrisy.",
032.txt,"[cross_chapter] Plutarch Heavensbee is introduced as 'the new Head Gamemaker' and Katniss does not recognize him initially, yet she later remembers him as the man who tripped into the punch bowl during training. However, in Chapter 7 (per previous summaries), Katniss shot an apple from a roast pig's mouth during her private session with the Gamemakers—not during a group training session where a large crowd would be present. The punch bowl incident is never mentioned in previous chapter summaries, and private sessions are individual, making it unclear how a large man could have been present and tripped into a punch bowl during what should have been a private demonstration. This appears to be either a newly introduced detail that contradicts the established structure of private sessions, or a memory Katniss should have recognized immediately given how distinctive the event would have been.","[cross_chapter] Katniss states she and Madge 'always were, in a way' friends and it 'became official' when Madge gave her the mockingjay pin before the Games. However, in Chapter 1's summary, Madge is introduced as someone Katniss knows but their friendship is not established as pre-existing—Katniss receives the pin as a gesture from someone she barely knows. The summary states 'Madge (who gives her the mockingjay pin)' without indicating prior friendship. More significantly, in Chapter 3's actual text (implied by summary), Madge visits to say goodbye before Katniss leaves for the Games, which is presented as a meaningful gesture that establishes their friendship, not as confirmation of an existing one. Katniss's current statement that they 'always were, in a way' friends and that it 'became official' with the pin contradicts the earlier portrayal of their relationship developing through that specific gesture."
032.txt,"[temporal] Plutarch shows Katniss his watch and says his strategy meeting starts at midnight. Katniss later tells Peeta it's 'almost midnight.' However, after this, they still have time to find Peeta, discuss cakes, be found by Effie, say goodbye to important people, collect Cinna and Portia, find Haymitch (who is inebriated and being held by attendants), travel through slow Capitol streets, and board the train at exactly one o'clock. The timeline is extremely compressed—too many activities are squeezed into what appears to be less than an hour, especially given the 'slow going' through crowded streets and the need to collect multiple people.","[coherence] Katniss claims she sleeps through the night without nightmares for the first time in ages, yet she describes having a dream about following a mockingjay/Rue. This creates a logical tension: she says 'You didn't have any nightmares last night' and 'For the first time in ages I've slept through the night,' but then immediately contradicts this by describing a dream. While dreams and nightmares are technically distinct, the narrative frames this as unusual peaceful sleep, yet she was clearly in a dream state. More importantly, Peeta asks 'No nightmares' and she confirms, but then describes what is clearly an emotionally significant dream that would typically disturb sleep—following Rue's voice through woods, never arriving, yet feeling 'happy.' The coherence issue is that this dream seems significant enough that it undermines the claim of restful, nightmare-free sleep, and the dialogue structure suggests she's contradicting Peeta's observation rather than confirming it."
035.txt,"[cross_chapter] Clove's muttation form is described as 'wolflike,' but in Chapter 25, the muttations were explicitly wolf-like creatures with tribute eyes, not individual tribute transformations. The text states 'the wolflike creation of the Capitol that terrorized us the last night in the arena,' but the original muttations were uniform wolf creatures, not transformed individual tributes. Clove was killed by Thresh in Chapter 21, not by muttations, so she would not have had a muttation form in the arena.","[cross_chapter] Katniss refers to 'Clove, the girl from District 2' entering her dreams and transforming into a muttation, but Clove was killed by Thresh in the arena (Chapter 21). The muttations in the arena were created from dead tributes, but Clove was from District 2, not District 1 or any district whose tributes became muttations. More importantly, Katniss never saw Clove as a muttation—she saw Rue, Glimmer, Foxface, and other dead tributes as wolf-like mutts. Clove was killed before the muttations appeared, and Katniss had no reason to associate Clove specifically with the muttation form."
035.txt,"[coherence] Katniss states 'They have killed her father in those wretched mines,' but Mr. Everdeen died in a mine explosion, which was an accident, not a deliberate Capitol killing. While the Capitol's neglect of safety standards contributed, describing it as 'they have killed him' implies direct intentional murder rather than the established accidental death with Capitol negligence.","[cross_chapter] Katniss states 'They have killed her father in those wretched mines' referring to Prim's father, but Mr. Everdeen died in a mine explosion that Katniss witnessed. However, the phrasing suggests the Capitol actively killed him, when it was a mining accident. More significantly, Katniss says 'They have sat by as she almost starved to death' and 'They have chosen her as a tribute'—but Prim was only chosen as tribute once, in Chapter 1 of the first book, and Katniss volunteered in her place. Prim never actually became a tribute or fought in the Games. The phrasing 'made her watch her sister fight to the death in the Games' is accurate, but the cumulative 'they have' construction implies multiple instances of Capitol harm that mix accurate and inaccurate characterizations of Prim's experience."
035.txt,"[cross_chapter] Katniss says 'I've got some, too' in response to Peeta asking about her face, but she had already applied snow coat to her cheek earlier in the chapter when her mother filled a handkerchief with it. The phrasing suggests she's just now getting it, but she already had it applied.",
035.txt,"[coherence] Katniss thinks 'I wish that Peeta were here to hold me, until I remember I'm not supposed to wish, that anymore.' This is contradictory—she just chose Gale and the rebellion, yet wishes for Peeta's comfort, then claims she's 'not supposed to wish that anymore' as if she's already committed to Peeta. The thought process is confused; she should be wishing for Gale if she's chosen him, or the prohibition on wishing for Peeta doesn't make sense if she's just rejected a future with him.",
036.txt,,"[coherence] Twill claims the cracker with the mockingjay symbol means 'we're on your side,' but Katniss never got a full explanation of what the bird signifies by chapter's end, despite Twill and Bonnie recognizing that Katniss doesn't know about the mockingjay symbol's meaning. The partial explanation creates confusion about whether Katniss actually learns the symbol's significance as a rebel emblem."
036.txt,,"[cross_chapter] Katniss mentions receiving fresh buns with cheese baked into the top 'since Peeta found out they were my favorite.' However, in the first book, Peeta's father gave Katniss cookies before she left for the Games, and Peeta's kindness was established through burning bread years earlier. There is no established scene where Peeta specifically learns about cheese buns being her favorite or arranges to have them supplied, making this seem like a retroactive addition without proper foundation in previous events."
037.txt,"[cross_chapter] Katniss states she told Gale she would stay and fight, but in Chapter 35, she decided to stay and fight after Gale was whipped. In Chapter 36, she committed to staying and fighting. However, the phrasing 'I told Gale I would stay and fight' implies a direct conversation that hasn't been shown in previous chapters. More importantly, in Chapter 34, Gale stormed out after rejecting her escape plan, and there was no reconciliation or conversation where she told him this decision before he was whipped. The last direct interaction was her proposing escape to him, which he rejected. She made the decision to stay after he was whipped and unconscious, not in conversation with him.",
038.txt,"[coherence] Katniss claims she 'only see[s] [Gale] when he comes to the house for my mother to check how he's healing' and that 'in the few minutes of privacy we've had, with me walking him back to town, I gather that the rumblings of an uprising in 12 have been subdued.' However, in the previous chapter (Chapter 36), Katniss explicitly states that after deciding to stay and fight, she and Peeta 'venture out to find District 12 transformed by Thread's crackdown' and she 'illegally enters the woods to escape wedding preparations.' This suggests she has been active outside, not confined to the house. More importantly, in Chapter 35, Gale was whipped severely and taken to Katniss's house for treatment. The timeline of Gale's recovery versus Katniss's foot injury and the prep team's arrival is compressed in a way that makes it unclear how Gale could already be back working in the mines while Katniss is still recovering from her foot injury that happened around the same time.","[cross_chapter] Katniss claims the whipping is 'not common knowledge' and tells her prep team she 'slipped on the ice and cut it,' but in Chapter 35, Gale was publicly whipped in the town square by Romulus Thread with many witnesses present. The whipping was a public spectacle that Katniss, Haymitch, and Peeta intervened in, making it impossible for the event to be secret or unknown in District 12."
038.txt,"[cross_chapter] Katniss tells her prep team that she 'slipped on the ice and cut it' regarding her facial scar, and then realizes 'that's my same excuse for hurting my foot.' However, in Chapter 38 (the immediate previous chapter), Katniss injured her foot and tailbone by climbing over the electrified fence through a tree, not by slipping on ice. She did not use 'slipped on the ice' as an excuse for her foot injury to the Peacekeepers; rather, her family and friends provided an alibi about her being with the Goat Man. The 'slipped on the ice' excuse appears to be newly invented in this chapter with no basis in previous events, and she explicitly states it's the 'same excuse' for her foot, which contradicts what actually happened and what was told to authorities.","[coherence] Katniss worries about Gale seeing her 'lounging around in gorgeous gowns on his television' and what he can 'do with that,' but this is inconsistent with her earlier commitment to fighting the Capitol and her emotional confrontation with Gale about staying to rebel. Her concern about Gale's reaction to a fake wedding photoshoot seems disproportionately trivial compared to the life-threatening rebellion they've committed to, and ignores that Gale already knows her relationship with Peeta is staged for the Capitol."
038.txt,"[temporal] Haymitch got the prep team's visit 'pushed back several months so I could heal up' after Katniss took 'that lash in the face.' However, Katniss received the lash to her face in Chapter 35, and the events of Chapters 36, 37, and 38 all occur after that. The previous chapter (38) explicitly states 'Winter has begun to withdraw' and 'The air's warm with hopeful hints of spring in it.' If the prep team was pushed back 'several months,' this would place their original scheduled visit well before the whipping, which makes no sense since the bridal photo shoot was arranged as part of her Victory Tour engagement to Peeta—a recent development. The timeline is internally inconsistent: 'several months' of delay cannot fit between the whipping and the current 'withdrawal' of winter/spring hints if the whipping itself happened during winter.","[cross_chapter] Katniss says she 'only see[s] him when he comes to the house for my mother to check how he's healing,' but in Chapter 36, Katniss was actively tending to Gale's wounds herself with her mother's 'snow coat' remedy, and they had an intimate moment where Gale 'awakens briefly to echo her rebellious resolve.' This suggests more direct contact than just medical checkups, and contradicts her claim of minimal interaction."
038.txt,"[coherence] Katniss states that 'Since I only have to look hairless for a few hours instead of several weeks, I get to be shaved instead of waxed.' This implies that being shaved is preferable or less painful than waxing because it's temporary. However, shaving would result in stubble regrowth within days, which would be visible in photographs and problematic for a bridal photo shoot requiring smooth skin. Waxing removes hair from the root and lasts weeks. The logic is backwards: if she only needed to be hairless for 'a few hours,' waxing would be unnecessary and shaving would suffice; but if she needs to look flawless for photographs that will be broadcast and used for her wedding publicity, stubble would be a concern. More importantly, this contradicts her experience in Chapter 5 where she was waxed for the opening ceremonies and found it painful—there, she needed to be hairless for days of events, making waxing logical. Here, the prep team's choice of shaving for a temporary need makes sense, but Katniss's framing of it as a relief contradicts the practical reality that waxing lasts longer and would be preferable for photo shoots.",
039.txt,,"[cross_chapter] Katniss states she saw 'a multitude of other things' including 'Marriage to Peeta with our children forced into the arena' as a possibility she feared, but this directly contradicts Chapter 32 where Peeta publicly proposed to her and she accepted. The marriage proposal already happened, making this fear of 'marriage to Peeta' as a future hypothetical impossible at this point in the timeline. She is already engaged to Peeta when this chapter takes place."
039.txt,,"[cross_chapter] Katniss thinks 'Since I don't plan on making it back alive a second time, the sooner Gale lets me go, the better' and plans to say goodbye to Gale after the reaping, but then states 'But I never get the chance' because the reaping happens immediately. However, this contradicts her earlier thought that 'I do plan on saying one or two things to him after the reaping, when we're allowed an hour for good-byes.' The narrative establishes that victors in the Quarter Quell are immediately taken away without the usual goodbye hour, but this is inconsistent with the standard reaping procedure established in previous chapters where tributes always get an hour for goodbyes. The chapter never explains why this standard procedure is skipped for the Quarter Quell, creating a causality gap."
040.txt,"[cross_chapter] Katniss says 'I will never reverse this journey again' but this is her second time traveling to the Capitol for the Games, not her first. She already made this journey before the 74th Hunger Games. The phrasing suggests this is a new experience she's never done before.","[cross_chapter] Katniss thinks 'I have said good-bye to Gale. I'll never see him again, that's for certain.' However, in Chapter 40's summary, she was already told by Haymitch that she must maintain the romance with Peeta forever/marry him to survive, and she had already kissed Gale (Chapter 29) and proposed running away with him (Chapter 34). More importantly, she saw Gale being whipped just before leaving (Chapter 35), and there's been no indication she formally said goodbye to him. The text says 'I have said good-bye to Gale' but this never actually happened on-page; their last interaction was her tending his wounds and their argument about rebellion. She also thinks 'Nothing I do now can hurt him. He won't see it or he'll think I am acting for the cameras' - but this contradicts her knowledge from Chapter 29 that Snow knows about their kiss, meaning Gale is already in danger and her actions with Peeta are being monitored."
040.txt,"[cross_chapter] Katniss mentions 'a squeeze of Madge's hand' as part of her goodbye, but Madge was not present at her departure for the Quarter Quell. In the previous chapter (Chapter 40), it explicitly states they were 'immediately whisked away without goodbyes.' Katniss had no opportunity for physical farewells with anyone except those on the train.",
040.txt,"[coherence] Katniss describes Haymitch's eyes as 'gray Seam eyes' when he was young, but this contradicts established physical descriptions. Haymitch is from the Seam, and Seam people are consistently described as having gray eyes and dark hair, but the narrative treats this as a notable observation rather than standard. More importantly, Katniss never knew young Haymitch personally—she's watching him on tape for the first time—yet she immediately recognizes 'Seam eyes' as if this is a familiar characteristic of his, when she only knows him as a middle-aged alcoholic.",
041.txt,,"[cross_chapter] Katniss says she has 'more money than I need,' but this contradicts established facts from earlier chapters. In Chapter 2, Katniss's family was starving and she illegally hunted to survive. Even after winning the Games, victors' wealth is controlled and she's shown to be practical about resources. More importantly, in Chapter 28, she's still trading at the Hob and delivering game to Gale's family, indicating ongoing economic concerns in District 12. Her dismissive attitude about money doesn't align with her established character or circumstances."
041.txt,,"[cross_chapter] Katniss thinks of 'old Cray, salivating over some poor, starving young woman' when Finnick wets his lips. However, Cray was the previous Head Peacekeeper in District 12 who was replaced by Romulus Thread. The summary for Chapter 35 mentions 'Romulus Thread's whip' as the new Head Peacekeeper, but there's no previous mention of Cray being associated with predatory behavior toward starving young women in the provided summaries. This seems to reference an event not covered in the summaries, but if Cray was known for this, it contradicts his earlier portrayal as a somewhat lenient Peacekeeper who bought game from Katniss and Gale."
041.txt,,"[coherence] Katniss says Cinna and Portia 'were with us right up to the final second last year,' but then notes they are 'nowhere in sight' this year. However, the text earlier states 'Cinna has a few more things to attend to, so I decide to head down,' meaning Cinna explicitly left her. This contradicts her later surprise at their absence—she knew Cinna had things to do, and there's no indication Portia was expected to be present. The comparison to last year is also odd since this is a different Games with different protocols, and Katniss herself notes the changed atmosphere among the victors."
042.txt,"[cross_chapter] Katniss states Haymitch told her Avoxes' tongues were cut out, but in Chapter 6 it was Peeta who covered for her and explained about Avoxes after she recognized the red-haired girl. The specific detail about tongues being cut was not attributed to Haymitch in the original interaction.","[cross_chapter] Katniss mentions 'the last thing I want is his sympathy and comfort' regarding Peeta, and states 'I haven't changed my mind about saving him in the arena, but I don't owe him more than that.' However, in Chapter 40 (immediately preceding this chapter), Katniss had a complete breakdown upon learning she'd return to the arena, and her primary emotional drive was explicitly to keep Peeta alive—she was devastated about him being in danger, not angry at him. The sudden return to hostility and her specific anger about him laughing at her with other victors feels inconsistent with the emotional trajectory of her breakdown and determination to save him. More significantly, she says 'This awfulness with Darius belongs to me and Gale and maybe even Haymitch, but not to Peeta' and excludes him from her trauma, yet in Chapter 40 she was desperate to protect Peeta and had just been studying Games tapes with him to save him."
042.txt,"[cross_chapter] Katniss claims she never really could've killed Rue and that Rue was 'too much like Prim,' but this contradicts her earlier strategic alliance with Rue where she used her to destroy the Careers' supplies and planned their partnership as a tactical advantage. Her retrospective idealization of Rue as someone she couldn't have killed ignores that she actively strategized with Rue as a combat ally.","[cross_chapter] Katniss states that Peeta 'might've known Darius to nod hello, but Peeta wasn't Hob the way the rest of us were.' This contradicts established character backgrounds. Peeta is the baker's son from the merchant section of District 12, not from the Seam where Katniss, Gale, and Darius lived. However, the text earlier in this same chapter establishes Darius was a Peacekeeper, not a Hob regular—Katniss knew him from the Hob where he'd 'tease' her, but he was a Peacekeeper who 'stepped forward to save Gale' from Thread. The description of Darius as someone from 'Hob the way the rest of us were' is inaccurate since he was a Peacekeeper, and Peeta's exclusion based on not being 'Hob' is odd since neither was Darius strictly speaking. More importantly, in Chapter 34, Gale was whipped by Thread specifically because Darius the Peacekeeper tried to intervene—this establishes Darius was a Peacekeeper on duty, not a Hob regular. The narrative treats Darius as someone from Katniss and Gale's world, but he was actually a Capitol-employed Peacekeeper who showed individual kindness."
043.txt,"[cross_chapter] Katniss says President Snow 'seemed eager' for her to know about Seneca Crane's execution, but in Chapter 29, Snow explicitly told her about it as a threat during their private meeting. It was not something she discovered independently or that Snow was eager to spread; he used it as leverage against her specifically.","[cross_chapter] Katniss states she doesn't know what Peeta painted during his private session, but in the previous chapter summary (Chapter 43), it states 'The chapter culminates in Katniss's private session where she hangs a Seneca Crane dummy as a defiant message to the Gamemakers.' However, within this current chapter, Katniss reveals she hung a Seneca Crane dummy, and Peeta reveals he painted Rue. The inconsistency is that Katniss says she didn't see Peeta's painting but deduced it was a picture because of the mat covering the spot, yet she somehow knows specific details about the Gamemakers' reaction to her own session (the shrieks, broken wineglasses, Plutarch Heavensbee's peach) despite having left immediately. More importantly, the previous chapter summary states Katniss's private session with the Seneca Crane dummy was in Chapter 43, but this chapter shows her revealing it to the group as new information, suggesting the previous summary may have been inaccurate about when this occurred, or there's a timeline confusion about when she actually performed this action versus when she revealed it."
043.txt,"[cross_chapter] Katniss states that Peeta's defiance with the berries was 'motivated by love' and that 'no one has ever doubted' this, but this contradicts her own earlier understanding. In Chapter 27, she explicitly told Peeta that her affection was partially strategy coached by Haymitch, and she has repeatedly questioned the authenticity of their relationship throughout both books. The narrative has established that many people, including Katniss herself, have doubted the nature of Peeta's motivations and their relationship.",
044.txt,"[cross_chapter] Peeta claims they had a secret marriage ritual with the toasting before the Quell was announced, but in Chapter 32, Peeta was furious at Katniss for keeping secrets from him (about Snow's threats and her kiss with Gale). If Peeta and Katniss had actually performed a secret marriage ritual, this would have been a significant shared secret between them, yet Peeta's anger in Chapter 32 was specifically about being excluded from Katniss's secrets with Haymitch and Gale. More importantly, there is no prior mention of any toasting or secret marriage in any previous chapter, and Katniss's internal thoughts show complete surprise and confusion when Peeta reveals this on stage, indicating it is a lie fabricated for strategic purposes rather than a real event. However, the narrative presents Peeta describing it with convincing detail as if it happened, while Katniss's genuine confusion confirms it did not. This creates a contradiction: Peeta describes a detailed shared experience that Katniss has no memory of, yet the narrative doesn't clearly flag this as Peeta's invention until later.","[cross_chapter] Katniss refers to her 'wings' flapping, but the text describes her dress as having a 'smooth, fitted veil of black that drapes into the neckline' with no mention of actual wings. The 'mockingjay' comparison from Caesar is metaphorical ('like a bird'), yet Katniss treats it as literal with 'giving my wings a small flap.' This contradicts the physical description of the costume and creates confusion about whether she has actual wings or is just moving her arms."
044.txt,"[coherence] Katniss states 'I am pregnant' as a factual declaration in her internal narration immediately after Peeta reveals the supposed pregnancy. However, there is no prior indication or possibility of Katniss actually being pregnant—she has never had sexual intercourse with Peeta or anyone else, and she is deeply confused by Peeta's marriage claim. Her internal statement 'I am pregnant' appears to be her processing Peeta's lie as if it were true, but the phrasing presents it as a factual internal realization rather than a continuation of the strategic deception. This creates a brief logical incoherence where Katniss seems to accept as biological fact something that is medically impossible for her, before the narrative clarifies she is playing along with Peeta's performance. The abrupt statement without immediate contextualization of it being part of the act creates momentary confusion about whether Katniss is experiencing some kind of dissociation or whether this is sloppy internal narration.","[cross_chapter] Katniss says 'Then we'll never see Effie again' and asks Haymitch to 'give her our thanks,' implying Effie is not present and they won't see her before the Games. However, in the previous book (The Hunger Games), Effie was present on the morning of the Games to see them off. The text notes 'We didn't see her on the morning of the Games last year,' but this appears to be an error—the previous chapter summaries don't mention Effie's absence on launch morning, and this seems to contradict established events where Effie typically accompanies tributes until they enter the arena. More importantly, the phrasing 'Then we'll never see Effie again' suggests a permanent farewell, yet Effie is their escort and would presumably continue working with them if they survive."
045.txt,"[coherence] Katniss claims there are no boats, ropes, or driftwood, yet later Mags has 'fishhooks' that are 'probably our best chance of getting a meal'—but fishhooks were never mentioned in the supplies at the Cornucopia, and Katniss specifically said there was 'nothing but weapons.' The fishhooks appear without explanation of their origin.","[coherence] Katniss describes the arena as having 'twelve spokes, each with two tributes balanced on metal plates between them,' implying 24 tributes total. However, the Quarter Quell draws from existing victors, and there are not 24 living victors available—many districts have only one or no living victors. The math doesn't work for 12 districts each providing 2 tributes."
045.txt,"[cross_chapter] Katniss says 'I have only one real friend in here. And he isn't from District 4,' referring to Peeta. However, in previous chapters (particularly Chapter 6 and throughout the first Games), Katniss established a meaningful connection with Rue from District 11, who she allied with, sang to as she died, and whose death devastated her. While Rue is dead, calling Peeta her 'only' real friend dismisses the significance of that bond, which was portrayed as deeply meaningful.","[cross_chapter] Katniss claims Peeta and she 'encountered waves on our brief tour of the beach in District 4,' but there is no previous mention of them visiting District 4 in any prior chapter summary. The Victory Tour visited districts in order, but District 4 was not described as a beach tour in the summaries provided."
045.txt,"[coherence] Katniss considers shooting Finnick in the back but decides against it, thinking 'If worse comes to worst, I can always kill him in his sleep.' However, this contradicts her earlier assessment that Finnick is extremely dangerous and that she should kill him now when she has the chance. The narrative presents this as rational deliberation, but sleeping Finnick would be even more vulnerable than Finnick with his back turned while walking—making her reasoning inconsistent rather than a genuine strategic evolution.","[coherence] Katniss thinks she should 'shoot Finnick in the back as we walk' and plans to kill him, but immediately after this thought, she slides down from the tree and finds Finnick with his trident raised defensively 'as if he knows what I have seen and how it will have affected me.' However, she never actually saw anything that would specifically trigger this murderous impulse toward Finnick—she saw the general bloodbath, which would make her distrust all allies, not specifically target him. Finnick's defensive posture seems to anticipate her specific thoughts without plausible cause."
046.txt,"[cross_chapter] Katniss claims she can hear the force field with her reconstructed left ear, but in Chapter 17 she was deafened in her LEFT ear by the explosion at the Cornucopia, and in Chapter 18 she mentions 'the ear the Capitol repaired' without specifying which one. In Chapter 38, she injures her heel and tailbone climbing the electrified fence, with no mention of ear reconstruction. The reconstructed ear was never established as her left ear specifically in previous chapters—she was deafened in her left ear, so any repair would logically be to that ear, but her claim that she can 'only hear it out of my left ear' contradicts the established injury pattern and her later fabricated explanation.","[cross_chapter] Katniss says she 'got up this morning' and watched Cinna beaten to a pulp, but this is chronologically impossible. The events of Chapter 45 (Cinna being beaten) and Chapter 46 (entering the arena) happen in immediate succession with no intervening morning. Katniss was launched directly into the arena after witnessing Cinna's beating, with no sleep or morning occurring between these events."
046.txt,"[coherence] Katniss states that 'from a sponsor's point of view, I'm not handling things all that well' immediately after thinking she's glad Finnick keeps playing the pregnancy card. This is logically inconsistent—if Finnick is successfully playing the pregnancy card, that would improve her sponsor appeal, not worsen it. The pregnancy narrative is specifically designed to garner sympathy and sponsors, so her simultaneous relief about it and concern about her poor handling of things creates a contradiction in her reasoning.",
047.txt,"[coherence] Katniss states that Finnick got the worst of the fog, but the text shows Peeta was the most severely affected—his face sagged, his legs became spastic, and he needed to be carried. Finnick was still functional enough to carry Peeta and Mags, and later to fight monkeys. Katniss herself also had significant symptoms (useless leg, spasming arms). The claim that Finnick got the worst of it is unsupported by the narrative.","[coherence] Finnick is described as having 'green' eyes that are 'clear as day' in the moonlight, but earlier in the series and in this chapter he is established as having 'sea green' eyes (often described as blue-green or sea-colored) and bronze hair. More significantly, the text states 'I can see them as clear as day. Almost like a cat's, with a strange reflective quality.' This is inconsistent with established descriptions of Finnick's eyes and seems to attribute a new physical characteristic (cat-like reflective eyes) that hasn't been mentioned before. However, the main error is that Katniss claims to see Finnick's eyes 'green in the moonlight' with 'strange reflective quality' when she is suffering from nerve damage, spasms, and partial paralysis—her physical condition makes such detailed visual observation questionable, and the description itself contradicts the established 'sea green' color with a new 'cat-like' reflective quality that seems physically anomalous."
047.txt,"[cross_chapter] Katniss refers to 'the awl' as if it were a known item from previous chapters, but there is no mention of an awl in any of the provided previous chapter summaries. The spile was received as a sponsor gift in Chapter 47, but no awl was mentioned as being acquired or carried by Mags or anyone else.",
048.txt,,"[coherence] The narrative states that the morphling's hand makes 'tiny swirling motions she so loved to paint with,' but there is no prior indication that the morphling was a painter or had any connection to painting. This seems to be a confusion with Peeta's painting background being projected onto her. The text later says she 'paints what I think might be a flower on Peeta's cheek,' but this is described as her action in the moment, not an established skill or habit."
048.txt,,"[cross_chapter] In Chapter 47's summary, Katniss is described as using knowledge from Beetee and Wiress to detect force field aberrations 'while hiding this from the Gamemakers.' However, in this chapter, there is no indication that Katniss has any prior knowledge of force field detection from Beetee and Wiress, nor does she demonstrate any such ability. The force field that Peeta walked into was discovered by accident, not through any detection skill. The summary claims she hides this knowledge, but the actual text shows no evidence she possesses it."
049.txt,"[cross_chapter] Katniss states she 'must have been' no more a tribute than Plutarch was at the time he showed her the watch, but she was already a tribute/mentor for the 74th Games and the Quarter Quell reaping had already occurred when she saw Plutarch at the party in Chapter 33. The phrasing suggests she wasn't involved in the Games at all, which is incorrect—she was a victor and about to be reaped for the Quarter Quell. The timeline is confused: Plutarch showed her the watch at Snow's party after the Victory Tour and before the Quarter Quell announcement, when Katniss was absolutely a tribute/victor figure.","[coherence] Katniss claims Wiress was singing 'for hours' before she started 'tick-tocking,' but in the previous chapter (Chapter 49 summary), Katniss had already figured out the clock theory from Wiress's 'tick, tock' chant. The timeline is confused—Wiress was already tick-tocking when Katniss understood the clock, so she couldn't have been singing for hours before that point. Additionally, Johanna's complaint suggests she heard the singing before the tick-tocking, but Katniss only recently joined this group."
049.txt,"[coherence] The chapter states that 'the three dead bodies have been tossed out into the seawater' after the Cornucopia spins, but only Wiress, Gloss, and Cashmere died. However, Gloss and Cashmere's bodies were already confirmed dead by cannon fire before the spinning started ('Boom! Boom! Boom! The cannon confirms there's no way to help Wiress, no need to finish off Gloss or Cashmere'). The Careers Brutus and Enobaria escaped. So there were only three dead total (Wiress, Gloss, Cashmere), but Gloss and Cashmere were already dead before the spin—why would their bodies be at the Cornucopia to be tossed? Katniss and company were chasing Brutus and Enobaria when the spin started, and the text says 'The three dead bodies have been tossed out'—but this seems to conflate the location of Gloss and Cashmere's bodies (who died at the Cornucopia area) with Wiress's body (who was killed at the water's edge by Gloss). The physics of where all three bodies were and how they all ended up tossed is unclear, especially since Wiress was already in the water when Katniss retrieved the wire from her.","[coherence] Katniss states that Beetee won his Games 'with wire' and 'setting up that electrical trap,' but this is presented as Peeta's knowledge, not something Katniss would know from previous chapters. More importantly, Katniss immediately thinks 'There's something odd about Johanna not putting this together' and finds it 'suspicious,' yet in the previous chapter (Chapter 49 summary), Johanna was the one who brought Beetee and Wiress to Katniss's group as part of Haymitch's arranged alliance. If Johanna was working with them and nicknamed Beetee 'Volts,' her feigned ignorance about the wire's importance is suspicious—but Katniss's internal reaction treats this as a genuine mystery rather than recognizing it as potential evidence of Johanna's hidden agenda or deception, which is inconsistent with Katniss's later paranoia about the group protecting Peeta."
050.txt,"[coherence] Katniss claims she has never seen a jabberjay before and thought they no longer existed, yet she immediately recognizes it as a jabberjay and understands its connection to mockingjays. This rapid identification contradicts her stated unfamiliarity—she shouldn't know what it looks like or its biological history if she's never seen one and believed them extinct.","[coherence] Katniss describes removing her arrow from the jabberjay and wringing its neck, but she also says she silenced it with 'an arrow in its throat.' If the arrow is in the bird's throat, she would need to pull it out before wringing the neck, but the sequence is jumbled—she says she removes the arrow and wrings the neck, then says she hurls 'the revolting thing' into the jungle. However, the main issue is that she says 'I remove my arrow and wring its neck for good measure'—but if the arrow killed it, why wring its neck? More importantly, she then says 'Then I hurl the revolting thing into the jungle' but Finnick 'crashes into the clearing to find me wiping my arrow clean with some moss.' The arrow should still be in the bird or bloody from the bird, but she's cleaning it with moss, suggesting she already removed it. The sequence is physically possible but awkwardly described."
050.txt,"[cross_chapter] Katniss refers to 'the night in the fog' when fleeing with Finnick, but the fog attack occurred in Chapter 48, which is the immediately preceding chapter. However, she describes it as if it were a distant memory ('like the night in the fog') rather than a very recent event that happened hours ago at most. More significantly, she states 'I flee what I can't fight' comparing the jabberjays to the fog, but the fog was a physical threat she literally couldn't fight, whereas the jabberjays are psychological—she could fight them (and does shoot some), making the parallel inexact and potentially confusing given the timeline compression.",
051.txt,,"[coherence] The roll count is inconsistent. Katniss states they received 24 rolls identical to the night before, giving them 33 in all. However, later Finnick counts 24 rolls again and says 'Thirty-two rolls, then.' This contradicts the earlier math (if they had 33 and took 5 each leaving 8, then received 24 more, they should have 32 total, but the earlier count of 33 was wrong based on 24+24=48, not 33). The math doesn't work: first delivery 24 + second delivery 24 = 48, minus 15 eaten (5 each × 3 people) = 33, but they only had 3 people not 4 at that point. Actually re-reading: first delivery was 24, they each took 5 leaving 8 (so 3 people = 15, plus 8 = 23, not 24). The math is consistently wrong throughout."
051.txt,,"[cross_chapter] Katniss says she will keep the pearl 'for the few remaining hours of my life,' yet earlier in the chapter she was planning for Peeta to win and had accepted that she must die for him to survive. However, her internal monologue shifts inconsistently—she plans to escape with Peeta, then agrees to stay until Careers are dead, but then also promises herself she will 'defeat his plan' to keep her alive. This contradicts her stated acceptance that Peeta must be the sole victor just paragraphs earlier."
051.txt,,"[coherence] Katniss claims she needs to get Peeta away from others to discuss breaking away, but she actually does this while in the water with Finnick nearby, and then later discusses the escape plan openly with Peeta while scrubbing in front of everyone ('I say under my breath, although I doubt any of the tributes can hear me'). This contradicts her stated need for privacy and the risk assessment that they'd be 'instant targets' once the alliance realized they were leaving."
052.txt,"[cross_chapter] Katniss refers to 'the pearl' as something she possesses and values, but the pearl was given to her by Finnick in Chapter 46 as a gift from Annie, and there is no indication she has been carrying it with her or that it holds significance to Peeta's protective behavior. The text states 'I can't reach my pearl' at the end, but earlier she thinks 'After the moment with the pearl, I know he's less willing than ever to let me out of his sight' — this suggests a private moment between her and Peeta involving a pearl, which contradicts the established fact that the pearl came from Finnick/Annie and was given in front of others. There was no 'moment with the pearl' involving Peeta specifically that would explain his increased protectiveness.","[coherence] Katniss concludes she should no longer trust Finnick based on Johanna's betrayal, but this logic is flawed—she has no evidence Finnick was involved in Johanna's attack. More importantly, moments later when Finnick runs past her calling for both Johanna and Katniss, she uses this as confirmation of his innocence ('I stay put until he goes in the direction Johanna and the Careers took'). However, her earlier deduction that 'if Johanna has turned on me, I should no longer trust Finnick' is presented as a logical conclusion when it's actually an unsupported assumption. The narrative treats this as reasonable deductive reasoning when Finnick's subsequent behavior doesn't actually disprove his involvement—he could easily be playing a role. The coherence issue is that Katniss's 'conclusion' is framed as logical deduction but functions as plot-required misdirection that the narrative later contradicts without acknowledgment."
052.txt,"[coherence] Katniss initially concludes that 'Finnick and Johanna must have had an agreement to turn on us tonight' and that Johanna attacked her to escape from the Careers, yet later when she sees Finnick running and calling for them, she realizes 'Finnick and Beetee and Peeta—they can't know what's going on down here.' However, she never reconciles why Finnick would be calling for Johanna and Katniss if he were part of the betrayal. More critically, after hearing Finnick call for them, she still hides from him and thinks 'if Johanna has turned on me, I should no longer trust Finnick' — but she has already observed him calling out for them in apparent concern, which contradicts the betrayal theory. Her reasoning that Finnick would 'side with her once her intentions were clear' is never supported by his actual behavior, yet she maintains suspicion while simultaneously noting he seems unaware.",
053.txt,"[coherence] Katniss considers killing Beetee with a syringe to prevent him from suffering at the Capitol's hands, but this is contradictory because she has just been rescued by rebel forces and is no longer in Capitol custody. She doesn't yet know she's been rescued by rebels when she thinks this, but she also doesn't know Beetee is in danger from the Capitol specifically—she assumes they're all in Capitol hands. The error is that she plans to 'return and finish him off if I can' after going to Peeta, but this makes no sense if she believes they're all prisoners of the Capitol who would be caught immediately. More importantly, after learning the truth, she never reflects on how absurd this plan was.","[cross_chapter] Katniss states Johanna tried to kill her, but Haymitch explains Johanna knocked her out to cut the tracker from her arm. However, in Chapter 53 (previous chapter summary), Johanna smashed Katniss's head with a metal cylinder, cut her arm, and pretended to kill her to deceive Careers. The summary states 'Johanna ambushes Katniss—smashing her head with the metal cylinder, cutting her arm, and pretending to kill her.' Yet in this chapter, Katniss says 'No, Johanna tried to kill me,' and Haymitch responds 'Johanna knocked you out to cut the tracker from your arm and lead Brutus and Enobaria away from you.' This creates inconsistency about whether Johanna's actions were solely to remove the tracker or also involved the more violent ambush with the cylinder described in the previous chapter."
053.txt,,"[coherence] Katniss thinks she has failed to keep Peeta safe and resolves to find and kill him before the Capitol can torture him, yet she simultaneously carried a syringe intended for this purpose and also thinks 'my final act of rebellion forced their hand' regarding destroying the force field. However, she was unconscious during the actual rescue and didn't know Peeta was captured by the Capitol rather than killed. Her immediate leap to 'I must kill him now' is extreme but emotionally consistent; the coherence issue is that she assumes Peeta is in immediate danger of torture rather than considering he might have been rescued with her, despite just waking up in an unfamiliar medical situation herself."
054.txt,"[cross_chapter] Katniss states Peeta is 'thought to be dead' and 'most likely he is dead,' but in Chapter 54 she learned Peeta was captured by the Capitol along with Johanna and Enobaria. There is no indication she believes him dead—she was devastated by his capture, not his death. This contradicts established knowledge from the immediate previous chapter.",
054.txt,"[cross_chapter] Katniss attributes her temple pain to where 'Johanna Mason hit me with the coil of wire,' but in Chapter 53, Johanna attacked Katniss by cutting her arm and knocking her unconscious, not hitting her temple with wire. The wire was part of Beetee's plan, not Johanna's attack on Katniss. This misattributes the cause of her injury.",
055.txt,"[cross_chapter] Katniss mentions Bonnie and Twill as refugees who 'didn't make it' and 'died in the woods,' but this contradicts established events from 'Catching Fire.' In the previous book, Katniss encountered Bonnie and Twill in the woods outside District 12, where they revealed evidence that District 13 still existed. However, Katniss never learned their ultimate fate—she only speculates 'Died in the woods, I guess.' The narrative presents her guess as fact without confirmation, and more importantly, this creates a minor inconsistency with the reader's knowledge that District 13 was actively rescuing people and that Bonnie and Twill's information about 13 was accurate. The chapter states 'no one seemed to know who I was talking about' when she asked about them in 13, but given 13's surveillance and rescue operations, it's odd they would be completely unknown if they truly reached the area.","[cross_chapter] Katniss states she hasn't seen Haymitch since attacking him on the hovercraft, but this contradicts Chapter 55 where Gale arrives to tell her about District 12's destruction while she is on the rebel hovercraft with Haymitch, Plutarch, and Finnick. Haymitch was present during and after the rescue, so Katniss would have seen him then. Additionally, she has been living in District 13 with Haymitch as part of the rebel community, making the claim of not seeing him since the hovercraft attack impossible."
055.txt,"[coherence] Katniss describes the schedule tattoo as using 'sickly purple ink' that is 'indelible until 22:00—Bathing' when 'whatever keeps it water resistant breaks down.' However, she later states that 'Except for showing up for meals, though, I pretty much ignore the words on my arm.' This creates a logical inconsistency: if the ink is truly indelible and water-resistant until bathing at 22:00, she wouldn't be able to simply 'ignore' the schedule without consequences. The text establishes that missing one's schedule is serious ('You can't miss your schedule'), yet she wanders around and hides with no apparent enforcement mechanism. The narrative doesn't explain how she avoids the tattoo's tracking or why the strict discipline of District 13 tolerates her behavior beyond her medical classification, especially when she explicitly states 'that can't last forever.'","[coherence] Katniss describes the schedule tattoo as using 'sickly purple ink' that is 'indelible until 22:00—Bathing' when 'whatever keeps it water resistant breaks down.' However, she also states that 'once I moved into Compartment 307 with my mother and sister, I was expected to get with the program' and 'Except for showing up for meals, though, I pretty much ignore the words on my arm.' If the ink is truly indelible and only breaks down at bathing time, her ignoring the schedule would be visually obvious to others, yet she faces no consequences for this visible defiance. The narrative suggests her 'mentally disoriented' status protects her, but the physical visibility of unfulfilled schedule items versus completed ones isn't addressed, and her ability to wander and hide without the tattooed schedule marking her as non-compliant strains the established mechanics."
056.txt,"[cross_chapter] Katniss lists 'Peeta's token, the gold locket with photos of my mother and Prim and Gale inside' among her possessions. However, this locket was given to Peeta by Haymitch in Catching Fire as his token for the Quarter Quell, not given by Peeta to Katniss. The locket contained photos of Gale, Prim, and Katniss's mother that Peeta showed Katniss before the 75th Games to convince her to fight for her life. It was not an item Katniss possessed after the arena; it was Peeta's token that he wore into the arena.","[cross_chapter] Katniss lists 'Gale' as a condition for becoming the Mockingjay, but this demand is never actually presented to Coin during the negotiation. The list she reads aloud includes Buttercup, hunting, and Peeta's immunity, but when she gets to Gale she only says 'I'll need him with me to do this' as part of the hunting condition, not as a separate demand. Later she reflects that she added Gale to the list, but there's no evidence Coin ever agreed to this as a formal condition, yet Gale remains with her throughout subsequent events without further explanation."
056.txt,"[cross_chapter] Katniss lists 'A silver parachute that holds a spile for tapping trees' among her possessions from the arena. However, the spile was a sponsor gift sent by Haymitch during the 75th Hunger Games (Quarter Quell), not an item she had 'on her when I was lifted from the arena.' The spile was used in the arena to tap trees for water and was not something she would have kept as a personal possession after rescue. Additionally, parachutes are the delivery mechanism for sponsor gifts, not items typically kept by tributes.",
056.txt,"[coherence] Katniss states she will demand that Coin announce Peeta's immunity 'in front of the entire population of Thirteen,' but later in the negotiation, she expands this to include 'the entire population of District Thirteen and the remainder of Twelve.' This expansion is not a logical error in itself, but the original plan was specifically Thirteen only. More significantly, Katniss demands immunity for 'the other captured tributes, Johanna and Enobaria' but shows no awareness that Finnick was also captured by the Capitol at the end of the Quarter Quell. Given her close alliance with Finnick in the arena and his role in the escape plan, her omission of him from her demands for immunity is a notable inconsistency in her emotional priorities and logical thinking, especially since she later works closely with him in District 13.",
057.txt,"[cross_chapter] Katniss claims her prep team 'were kidnapped' from the Capitol, but previous chapters established they were rescued/extracted as part of the rebel breakout plan. In Chapter 54, Plutarch Heavensbee reveals an elaborate escape plan involving multiple victors, and the prep team's presence was arranged by Cinna. The chapter describes them as being 'taken' the night of the breakout, but Katniss's framing as 'kidnapped' contradicts what should be their rescue by the rebels. More critically, Plutarch states 'We came to collect these three anyway' and 'Cinna requested it,' confirming they were meant to be rescued, not kidnapped. Yet they arrive abused and imprisoned, suggesting a contradiction in how they were 'collected' versus how they were treated upon arrival.",
058.txt,,"[coherence] The text contains a grammatical error with 'caughts' instead of 'catches' and awkward phrasing ('with the rythm of the bird's wings' - missing 'the' before 'rythm' and misspelled 'rythm'). While minor, this creates a coherence issue in the narrative description of the device monitoring the hummingbird."
059.txt,"[coherence] Haymitch claims it took 'the whole of this morning' to convince others of Katniss's limitations, yet the meeting occurs immediately after showing footage 'we've just shot' and planning to send her to District 8 'this afternoon.' The timeline is compressed to impossibility—he supposedly spent all morning convincing them, but they're also reviewing footage just shot under Plutarch and Fulvia's guidance that same morning, and immediately planning an afternoon mission.","[cross_chapter] Octavia is present at the meeting in Command and speaks up about crying when Katniss drugged Peeta, but Octavia was part of Katniss's prep team captured by the Capitol and later imprisoned in District 13 (as established in Chapter 57/58 summaries). Her presence at this meeting contradicts the timeline where she should still be imprisoned or recently rescued and traumatized, not casually participating in strategy meetings. Additionally, her emotional reaction about Peeta seems inconsistent with her earlier characterization as primarily focused on surface-level appearances."
059.txt,"[cross_chapter] Katniss says 'This is the first time we've been in a room together since I clawed him,' referring to Haymitch. However, in Chapter 40 (from previous summaries), Katniss confronts Haymitch after discovering Peeta volunteered, and they have an extended interaction involving heavy drinking and agreement to keep Peeta alive. They were clearly in rooms together during training for the Quarter Quell and on the train. The 'clawed him' incident refers to an earlier conflict, but they have definitely been in rooms together since then.",
059.txt,"[cross_chapter] Katniss receives nightlock pills from Plutarch, who says 'We named them nightlock in your honor, Katniss.' However, nightlock berries were already established as a real poisonous berry in the arena from the first Hunger Games (Katniss and Peeta used them for their suicide threat). The name 'nightlock' predates Katniss's involvement—it was the actual name of the berries in the arena, not something named after her. Plutarch's statement contradicts established lore that nightlock was a naturally occurring poisonous plant in the arena.",
060.txt,"[cross_chapter] Boggs tells Commander Paylor that Katniss had a miscarriage, but this contradicts the established fact from previous chapters that the pregnancy was a complete fabrication by the Capitol/rebels for propaganda purposes. Katniss was never actually pregnant. While Boggs may be lying to Paylor for strategic reasons, the narrative presents this as a straightforward explanation without any indication of deception, and Katniss later thinks about 'coming clean' about the 'hoax' to a weeping woman, confirming it was fake. However, Boggs's statement to Paylor is presented as factual medical information rather than a lie, creating confusion about whether the miscarriage is part of the hoax or if the narrative has forgotten the pregnancy was fake.","[cross_chapter] Boggs tells Commander Paylor that Katniss had a miscarriage, but this contradicts previous chapters where the pregnancy was revealed to be a hoax/story fabricated by the rebels for propaganda purposes. In Chapter 45, Peeta falsely claimed Katniss was pregnant during his interview as a strategic move. There was no actual pregnancy or miscarriage. Boggs presenting this as a real medical fact to Paylor is either a continuity error or suggests characters are lying, but it's presented straightforwardly without indication of deception."
061.txt,"[cross_chapter] Katniss claims she 'just saw' Peeta 'four—no, five—I think it was five days ago' looking healthy, but this contradicts the timeline. Peeta's first interview with Caesar was broadcast in Chapter 56, and Katniss has been in District 13 for some time since then. More importantly, Katniss never saw a 'healthy, clear-eyed' Peeta in person recently—she only saw him on television broadcasts where his condition was already being manipulated. The text states 'They could have taped that interview a day or two after I blew up the arena,' which refers to the 75th Games arena destruction, but this doesn't align with her claiming to have seen him personally looking healthy days ago.","[coherence] Katniss describes lying on the floor with her head in Gale's lap during the hovercraft ride, but Gale was not mentioned as being injured or incapacitated, and there's no explanation for why he would be sitting on the floor rather than in a seat or tending to others. More importantly, Boggs is described as doing emergency first aid and spreading burlap sacks over Katniss, but Gale's presence on the floor with her head in his lap goes unremarked upon in terms of his own condition or why he's positioned this way."
061.txt,"[cross_chapter] Katniss mentions 'the nausea that hit a couple minutes after I ate' breakfast, but earlier in the chapter she had 'breakfast' described as 'disappointingly small. Just a few cubes of bread soaking in warm milk.' However, later Haymitch says 'While I was waiting…I ate your lunch' and Katniss notes 'the empty stew bowl and tray on my bed table.' There is inconsistency about whether she ate breakfast or lunch, and when the nausea occurred relative to which meal. The timeline of meals and her nausea is confused—she mentions nausea after breakfast, but then the stew bowl suggests a different meal was eaten, and the 'stewed garlic and squash' she smells at Command is attributed to breakfast vegetables, creating a muddled meal timeline.","[cross_chapter] Katniss states that Peeta's first interview with Caesar 'could have been taped a day or two after I blew up the arena,' but this contradicts established timeline from previous chapters. In Chapter 54, Katniss was rescued by the rebels immediately after destroying the arena, and Peeta was captured by the Capitol. The timeline doesn't allow for Peeta to have given a relaxed, healthy interview with Caesar just 'a day or two' after the arena destruction—he would have been in Capitol custody undergoing torture. The interview she saw earlier (Chapter 56) showed Peeta looking healthy, but that was presented as a live or recent broadcast, not something taped immediately post-arena. Katniss's realization here that the interview could have been taped earlier contradicts the urgency of the rescue timeline and the fact that Peeta was captured, not given friendly interviews."
062.txt,"[coherence] Katniss states she has not sung 'The Hanging Tree' out loud for ten years because it's forbidden, yet she remembers every word and sings it completely. However, she also describes a vivid memory of singing it as a child with Prim and her father, and her mother reacting. If she hasn't sung it in ten years, and she's currently 17, she would have been 7 when she last sang it. The memory of her mother's reaction and understanding the lyrics 'being older' suggests she sang it more recently or thought about it more recently, but the claim is she hasn't sung it out loud. The inconsistency is that she sings it flawlessly after ten years of silence, with complex emotional processing, yet also claims her mother wanted her to forget it and they never spoke of it. The 'ten years' claim seems contradicted by how thoroughly the song lives in her memory and how she immediately performs it perfectly.","[cross_chapter] Katniss refers to 'the rose on my dresser' and wonders 'Was it real? If so, is it still up there?' This contradicts Chapter 55 where she explicitly found 'a fresh white rose from President Snow' in her bedroom and was so frightened she 'frantically signal[s] for evacuation.' She already knows the rose was real and would not still be there since she evacuated District 12 after finding it. The rose discovery was a major traumatic moment that prompted her immediate evacuation, making her uncertainty here inconsistent with established events."
062.txt,"[cross_chapter] Katniss states that 'No one has ever offered me a communicuff' and wonders if she asked for one, would she get it. However, in previous chapters (specifically referenced in Chapter 56 summary), Katniss was in District 13 with access to communication devices and military equipment. More importantly, in Chapter 60's summary, Plutarch gives Katniss, Gale, and Haymitch nightlock suicide pills during a flight, indicating she was included in equipment distribution. The communicuff is described as standard military equipment for those 'in the field,' and Katniss has been repeatedly sent into combat situations (District 8, etc.). The claim that 'no one has ever offered' her one contradicts the established military structure of District 13 where equipment is assigned based on role, and her role as Mockingjay would presumably warrant at least equal equipment to Gale. Additionally, her immediate resentment that Gale has one suggests this is a new development, but the military logic of District 13 would have equipped their primary propaganda asset appropriately.",
063.txt,"[cross_chapter] Katniss refers to herself as 'Avox mute' but this is incorrect—she is not an Avox. An Avox is someone whose tongue has been cut out by the Capitol as punishment for treason (as established with the red-haired girl in Chapter 6 and Darius in Chapter 42). Katniss is grief-stricken and unable to speak, but she has not had her tongue removed and is not an Avox. This appears to be a metaphorical misuse of the term that contradicts the established definition in the series.","[emotional] Katniss's mother is described with 'a disgusted grin' and that 'She really hates to take care of us,' which directly contradicts established characterization. Throughout the series, Mrs. Everdeen is portrayed as a loving, dedicated mother and healer who cares deeply for her daughters. This sudden hostile characterization appears to be an editing error or misinterpretation, as her behavior moments before and after remains consistent with her established character—she's reluctant to leave her daughters, and they share a laugh together. The 'disgusted grin' and hatred claim are unsupported by any other narrative evidence."
063.txt,,"[cross_chapter] Katniss states 'That was nothing like the bombs in Eight,' referring to her experience in District 8. However, based on previous chapter summaries, Katniss was in District 8 for a propaganda filming where a hospital was bombed during her visit. While she witnessed the aftermath and the bombing run, the summary for Chapter 61 indicates she was extracted after the hospital bombing and tended by Boggs. The phrasing 'the bombs in Eight' suggests direct experience with the explosions themselves, but the summaries indicate she was evacuated after the bombing began. More significantly, she was unconscious or being extracted during the actual bombing, making her comparison of the bunker missile's feel to 'the bombs in Eight' potentially inaccurate—she would have been in a hovercraft or recovering, not experiencing underground bunker-busting missiles from inside a shelter."
064.txt,"[cross_chapter] Katniss states Finnick never warned her before the Quarter Quell about Snow using loved ones against victors, but in Chapter 54 (previous summary), Finnick was part of the elaborate escape plan and had been working with Haymitch and Plutarch. More directly, in this same chapter, Katniss later remembers Finnick DID warn her on the hovercraft after the rescue ('They'll figure out he doesn't know anything pretty fast. And they won't kill him if they think they can use him against you'). She initially thought he meant bait, but he was in fact warning her about this exact strategy. This creates a contradiction where Katniss first claims Finnick never warned her before the Quarter Quell, then immediately remembers that he actually did warn her on the hovercraft—which was after the Quarter Quell/arena rescue, not before. The timeline confusion is compounded when Finnick says 'Since I hadn't warned you before the Quarter Quell, I should've shut up,' implying he could have warned her earlier but didn't, yet Katniss's memory confirms he did try to warn her afterward. The inconsistency lies in whether Finnick had opportunity/knowledge to warn her earlier and whether his warning was clear enough to constitute actual warning.","[cross_chapter] Katniss states she created Crazy Cat 'a few years ago, during a winter blackout,' but earlier in Chapter 55 she retrieved Buttercup from District 12 ruins after the firebombing, implying she had only recently been reunited with him. However, more critically, this directly contradicts the established timeline: Katniss was only 16 in the first Games, and the entire series spans roughly 1-2 years. 'A few years ago' would place this memory before the first Hunger Games, yet Buttercup was Prim's cat in District 12, and Katniss had no positive relationship with him then. The narrative previously established Katniss disliked Buttercup and only tolerated him for Prim's sake, making it unlikely she would have invented games for him 'a few years ago.'"
064.txt,,"[cross_chapter] Finnick says 'After your first Games, I thought the whole romance was an act on your part. We all expected you'd continue that strategy.' However, Katniss and Finnick first met during the Quarter Quell preparations (Chapter 42), after her first Games. Finnick could not have observed her 'romance' after her first Games and formed opinions about it before meeting her. The 'we all' suggests a collective Capitol/victor opinion, but Finnick specifically claims personal misjudgment based on observation that couldn't have happened."
065.txt,"[cross_chapter] Katniss states 'The first time I ever talked to Peeta was on the train to the Games,' contradicting her memory in Chapter 2 where she recalls Peeta's mother chasing her from the bakery and Peeta taking a beating to give her bread. In that memory, she explicitly says 'We had never even spoken.' However, in Chapter 22, Peeta recounts falling in love with Katniss at age five after hearing her sing, and in Chapter 3, the baker (Peeta's father) visits Katniss before she leaves for the Games and gives her cookies, saying 'I'll keep an eye on the little girl. Make sure she's eating.' This implies the families knew each other, and Peeta's detailed knowledge of Katniss (knowing she likes lamb stew, recognizing her singing voice) suggests more interaction than zero. But most directly, Katniss's own statement here that 'We had never even spoken' until the train is consistent with her earlier narration—making Peeta's claim in Chapter 22 about knowing her at age five potentially exaggerated or referring to observation rather than conversation. The actual inconsistency is that in Chapter 2, Katniss says 'We had never even spoken' and here she repeats it, but Peeta's detailed knowledge of her throughout the series suggests they had at least minimal interaction. However, re-examining: this is actually consistent with previous chapters. The real error is that Katniss says 'When I met Peeta, I was eleven years old, and I was almost dead'—but in Chapter 2, she describes this as the day 'I first ever talked to Peeta,' which she says was on the train. Wait—no, in Chapter 2 she says 'We had never even spoken. The first time I ever talked to Peeta was on the train to the Games.' This is directly quoted here. So this is consistent. Let me re-examine... Actually, the error is that Katniss says 'When I met Peeta, I was eleven years old'—but she didn't 'meet' him in the sense of interacting. She saw him, he threw her bread, but they didn't meet. However, this is arguable. The actual cross-chapter error: In Chapter 22, Peeta says he fell in love with Katniss when he was five, and that 'I watched you go home every day.' But Katniss says here they never spoke until the train. These aren't contradictory—watching isn't speaking. After careful analysis, the actual error is: Katniss says 'The first time I ever talked to Peeta was on the train to the Games'—but in Chapter 3, when the baker visits her, she notes 'The baker, Peeta's father, waits until my mother and sister have found Prim...' and he gives her cookies. This implies she knows who Peeta's father is, suggesting some familiarity. But more critically, in Chapter 22, Peeta says he heard Katniss sing when they were both five, and that he had 'a crush on her ever since.' If he heard her sing, and she was outside singing, this implies they were in proximity. But 'talked to' is specific. The real inconsistency: In Chapter 2, Katniss says about the bread incident 'We had never even spoken. The first time I ever talked to Peeta was on the train to the Games.' This is repeated verbatim here. But in Chapter 3, when Peeta is chosen at the reaping, Katniss says 'I feel like I owe him something, and I hate owing people.' If they never spoke, how does she know his name? She knows the baker's son. This is explainable through district knowledge. After deeper analysis, there is a genuine error: In Chapter 22, Peeta recounts 'And right when your song ended, I knew—just like your mother—I was a goner... Since the moment I saw you, I've loved you.' But Katniss states they never spoke until the train. If Peeta 'saw' her and heard her sing at age five, and Katniss was aware enough to remember his mother chasing her at eleven, the 'never spoken' claim holds. However, the actual narrative error is temporal/emotional: Finnick says 'President Snow used to…sell me…my body, that is' and 'If a victor is considered desirable, the president gives them as a reward or allows people to buy them.' But in Chapter 42, Finnick is described as extremely flirtatious and popular, with 'sugarcube?' being his trademark. The narrative presents him as confident and charming. The revelation here that he was prostituted is meant to be shocking, but his behavior in Chapter 42 doesn't show trauma—though this is explainable as a mask. More critically: Finnick says 'If you refuse, he kills someone you love.' But in Chapter 42, Finnick is described as having 'lovers in the Capitol' and being 'the most popular.' The narrative in Chapter 42 presents this as voluntary promiscuity, not forced prostitution. This is a retcon/revelation, not technically an error. After exhaustive analysis, the clearest error is: Katniss says 'When I met Peeta, I was eleven years old, and I was almost dead' and 'The first time I ever talked to Peeta was on the train to the Games.' But in Chapter 3, during the train ride, she doesn't speak to Peeta initially—she's hostile and avoids him. Their first conversation on the train is when she shoves bread at him and says 'Well, there isn't much else to do.' This is indeed their first talk. So this holds. The actual error found: Katniss says 'President Snow once admitted to me that the Capitol was fragile'—but this conversation happened in Chapter 29, where Snow said 'It is fragile. It exists as long as you continue to stoke its furnace with your coal.' However, Katniss says here 'At the time, I didn't know what he meant.' But in Chapter 29, she understood immediately—she describes the districts as the foundation and the Capitol as dependent. She says 'I understand what he means. Without us, they're nothing.' So her claim here that 'At the time, I didn't know what he meant' directly contradicts her immediate comprehension in Chapter 29.",
066.txt,"[cross_chapter] Katniss states 'If I'd had a private reunion with Peeta, he would have killed me. Now that he's deranged. No, not deranged, I remind myself. Hijacked.' However, in the previous chapter (Chapter 66 summary), Peeta DID have a private reunion with Katniss when he was rescued and immediately tried to strangle her. This was not a hypothetical scenario—he actually attacked her upon rescue. The text here frames this as a hypothetical avoidance ('If I'd had'), when in fact the attack already occurred in the hospital setting when Boggs knocked Peeta out.","[cross_chapter] Katniss states 'If I'd had a private reunion with Peeta, he would have killed me. Now that he's deranged. No, not deranged, I remind myself. Hijacked.' However, she did have a private reunion with Peeta in Chapter 66 (the previous chapter), where he immediately attacked and tried to choke her. This statement contradicts what actually happened—she DID have a private reunion with Peeta and he DID try to kill her. The phrasing 'If I'd had' suggests a hypothetical that didn't happen, but it did happen."
066.txt,"[coherence] Katniss thinks 'I will kill you' regarding Snow, but this thought appears abruptly without clear context about why she's specifically focused on Snow at this moment rather than processing Peeta's condition. While her hatred of Snow is established, the immediate narrative focus is on Peeta's hijacking and her own injuries. The thought seems disconnected from the surrounding emotional processing, which is primarily grief and shock about Peeta rather than active vengeance planning against Snow.",
067.txt,"[cross_chapter] Katniss states she and Gale had only one kiss before this chapter, but Chapter 34's summary explicitly states 'their single kiss' as established fact that Snow knew about. However, in this chapter, Katniss kisses Gale multiple times in the woods and discusses their romantic history extensively, including Gale revealing he has kissed many other girls. More critically, Katniss says 'The way I always felt wrong kissing him because of you'—implying multiple kisses with Gale in the past, which contradicts the previous 'single kiss' fact that was significant enough for Snow to use as blackmail material.","[cross_chapter] Katniss mentions having a scar on her left temple that she associates with confusion, but this scar was never established in previous chapters. Her known injuries include burns, tracker jacker stings, and various arena wounds, but no left temple scar linked to confusion is mentioned in any prior summary."
067.txt,"[cross_chapter] Katniss recalls visiting District 2's Justice Building during the Victory Tour with Peeta, standing on 'the wide marble steps' and seeing 'Cato's and Clove's grieving families assembled below us.' However, in the original Hunger Games, Cato and Clove were both Careers from District 2 who died in the arena—Clove killed by Thresh, Cato killed by muttations. The Victory Tour traditionally visits each district to honor their fallen tributes. If Katniss and Peeta visited District 2 during the Victory Tour, they would be honoring Cato and Clove as District 2's tributes. However, this creates a logical tension: Katniss personally witnessed/knew how these tributes died (Clove killed by Thresh in front of her, Cato mauled by mutts), yet the summary implies a standard ceremonial visit. More significantly, the text says 'Cato's and Clove's grieving families assembled below us'—but during a Victory Tour, the victors typically stand above the crowd on a stage. The description of standing on steps with families 'below' fits, but the emotional context is odd given Katniss's direct involvement in their deaths. This is more of a coherence/emotional inconsistency than a factual error, but the chapter presents this memory casually without acknowledging Katniss's complex role in their deaths.","[cross_chapter] Katniss states that Darius was teasing her about trading a rabbit for one of his kisses at the Hob, and that Gale realized he minded. However, in Chapter 29's summary, it states that Snow revealed he knew about her 'secret kiss with Gale' as a threatening revelation. If this Darius incident was the moment Gale realized his feelings (six months before the 74th Games), and Katniss describes it as a public scene in the crowded Hob with multiple witnesses, it contradicts the framing of her kiss with Gale as a secret that Snow could use against her. The 'secret kiss' referenced in Chapter 29 appears to be a different, more private encounter, but this public Hob scene with Darius doesn't align with that characterization."
068.txt,"[cross_chapter] Katniss states Peeta 'never heard me sing that song' referring to 'The Hanging Tree,' but in Chapter 63 (according to previous summaries), Katniss sings 'The Hanging Tree' in District 12 for propaganda filming where Peeta could theoretically have heard it via broadcast. However, more directly, Haymitch says the clip was 'never aired' so the Capitol couldn't use it during hijacking, which is consistent. The actual inconsistency is subtler: Katniss says Peeta 'never heard me sing that song,' but the previous chapter summary for Chapter 63 states she 'sings 'The Hanging Tree,' which becomes a powerful rebel symbol when mockingjays spread the melody.' If this was filmed and broadcast as propaganda, Peeta could have heard it. However, the text says the clip was 'never aired,' suggesting this particular performance wasn't broadcast. The error is actually that Katniss assumes Peeta couldn't recognize the song from her singing, but Haymitch reveals Peeta heard her father singing it—this is not an error but a revelation. Re-examining: The true inconsistency is that Katniss says 'He never heard me sing that song' with certainty, but in Chapter 22, Peeta revealed he fell in love with her after hearing her sing at age five. While this was a different song, Katniss's absolute certainty that Peeta never heard this specific song is questionable given their long history, though not definitively an error. The clearer error is: in Chapter 63 summary, Katniss sings 'The Hanging Tree' and it becomes a rebel symbol—if this was broadcast, Peeta in the Capitol could have heard it, making Katniss's statement potentially false. However, the text specifies this was a clip 'never aired.' The actual error is that Katniss claims 'He never heard me sing that song' but Peeta heard her father sing it—this is Haymitch's point, not an error. After careful analysis, the real cross-chapter error is: Katniss says 'I can't condemn someone to the death he's suggesting' and later 'I want everyone in that mountain dead'—this emotional whiplash is actually character-consistent. The verified error is: Katniss states 'The Nut's an old mine. It'd be like causing a massive coal mining accident' as an appeal to Gale's conscience, but in Chapter 68's summary, Gale himself proposed this exact avalanche plan as his own idea ('Gale proposes triggering avalanches to trap the enemy inside'). This is consistent, not contradictory. The actual error found: In Chapter 63 summary, 'Katniss sings 'The Hanging Tree,' which becomes a powerful rebel symbol when mockingjays spread the melody.' Yet in this chapter, Haymitch says 'It was never aired, so the Capitol couldn't use it when he was being hijacked.' This suggests the specific clip they showed Peeta was never aired, not that Katniss never sang it publicly. However, if Katniss sang it in District 12 as stated in Chapter 63, and that was filmed for propaganda, it likely was aired. The contradiction is between Chapter 63's aired performance and this chapter's claim the clip was 'never aired.'","[cross_chapter] Katniss states Peeta never heard her sing 'The Hanging Tree,' but in Chapter 63 (according to previous summaries), Katniss sings 'The Hanging Tree' for Pollux in the ruins of District 12. However, this is actually not an error because Haymitch clarifies Peeta heard her father sing it, not Katniss herself. Re-examining: The error is that Katniss says 'He never heard me sing that song' which is technically true, but then Haymitch says Peeta heard her father singing it. This is consistent. The actual error is: In Chapter 63 summary, Katniss sings 'The Hanging Tree' for Pollux, but in this chapter, Haymitch says the clip of her singing it 'was never aired.' This creates a contradiction—if she sang it in District 12 for a film crew in Chapter 63, it would have been recorded and potentially aired. However, re-reading more carefully: The Chapter 63 summary says she sang it in the ruins of District 12 with a film crew, which would be rebel footage, not Capitol footage. The Capitol 'never aired' it refers to Capitol broadcasts. This may not be an error. Let me re-analyze: The actual error is that Katniss says 'He never heard me sing that song' but in Chapter 63 she sings it for Pollux—however, Peeta wasn't present. The real cross-chapter error is: In Chapter 67 summary, Katniss is already in District 2 operating near the Nut, but this chapter begins with her already there and Gale arriving with Beetee. Looking at Chapter 68 summary: 'Katniss operates in District 2's rebel-held villages near the Capitol military stronghold called the Nut' and 'Gale arrives with Beetee and other brains.' This chapter shows Gale already present and arguing with the group, then later 'Gale hurries by with a group of rebels, eagerly headed for the battle'—but earlier Beetee is already present too. The timeline seems compressed. Actually, re-reading: This appears to be the same chapter as 68 or immediately following. The error is: In Chapter 68 summary, Gale 'arrives' with Beetee, but in this chapter, Beetee is already present at the beginning ('says Beetee neutrally') and Gale is also present and arguing. This suggests Gale and Beetee are already there, not arriving. However, this could be the same scene. Let me find a clearer error: The chapter states 'I know there are a couple of huge screens here on the square. I saw them on the Victory Tour.' But in Chapter 31 summary, the Victory Tour in District 11 involved a ceremony and execution, not screens in District 2's square. Katniss was in District 2 during the Victory Tour (Chapter 32 mentions continuing through districts), but no specific mention of screens. This is weak. Stronger error: The chapter mentions 'On the day my father died, the sirens went off during my school lunch.' But in Chapter 1, Katniss says her father 'died in the mine accident when I was eleven.' The timing of her father's death versus her school schedule isn't directly contradicted. Let me find the actual error: 'Beetee was right about being unable to control the avalanches once they'd been set in motion.' But earlier in the chapter, Beetee's only spoken line is about factoring in casualties and wounded, not about avalanches being uncontrollable. This is a causality error—Katniss attributes a statement to Beetee that he never made in this scene. Actually, re-reading: Beetee says 'I've been playing with some numbers. Factoring in the casualties and the wounded and...I think it's at least worth a conversation.' He never mentions uncontrollable avalanches. Yet Katniss later says 'Beetee was right about being unable to control the avalanches.' This implies Beetee warned about this earlier, but it's not in the text. This is either off-screen or an error."
068.txt,"[coherence] Katniss describes the Justice Building's marble as 'unblemished' and 'cold and beautiful,' yet moments later notes 'there is no give to the surface—only my flesh yields, my warmth taken.' The marble being 'unblemished' contradicts the earlier established damage to District 2 during the war, and more importantly, the description of the building's magnificence seems oddly placed given Katniss's traumatic state and the ongoing battle. However, the true coherence error is in the final lines: 'I watch myself get shot on television.' This is presented as a cliffhanger, but the narrative perspective is first-person present tense—Katniss cannot actually watch herself get shot on television in real-time and continue narrating unless this is a prophetic vision or she's describing what she sees on a screen before being shot. The phrasing implies she sees herself getting shot on television, which would require her to be watching a broadcast of herself at the moment of being shot, which is temporally and logically incoherent unless she means she sees the broadcast setup and anticipates it, or the shooting happens and she sees it delayed. The more precise error: Katniss says 'I watch myself get shot on television' as if observing from outside, but she's in first-person present tense experiencing the event—she cannot both be shot and watch herself being shot simultaneously without an external camera perspective that she wouldn't have access to in her subjective experience.","[coherence] Katniss claims Beetee warned about uncontrollable avalanches, but in the actual conversation shown, Beetee only discusses casualty numbers and suggests talking to Coin, never mentioning avalanche control. This creates a logical gap where Katniss references a warning Beetee never gave in the depicted scene."
068.txt,,"[emotional] Katniss's emotional response to the Nut's destruction seems inconsistent with her immediate prior actions. She actively participated in the planning, suited up in her Mockingjay outfit, and watched the bombing from the roof without objection. Yet when the avalanche succeeds, she has a breakdown about miners dying, despite having just been told the plan was to leave the tunnel open for escape and having witnessed no actual objection from her during execution. Her sudden horror seems disproportionate to her willing participation in the operation."
069.txt,"[cross_chapter] Katniss states she was injured climbing out on a branch over the electric fence and dropping back into 12, but in Chapter 38 (previous chapter summary), she climbed over a tree to get over the electrified fence, not out on a branch. She also injured her heel and tailbone from the fall, not from a gunshot. The morphling memory here conflates two separate injuries.","[coherence] Katniss's injury location is inconsistent. She first states the bullet hit her left side, then describes fumbling over bandages encasing her ribs. Later, Johanna says the bullet never touched her and the impact ruptured her spleen. The spleen is located on the left side under the rib cage, which is consistent, but Katniss's description of 'the pain in the left side of my body' and 'thick bandages encasing my ribs' suggests a bullet wound, while Johanna claims the bullet never touched her and it was just bruising/ruptured spleen from impact. This creates confusion about whether she was actually shot or just hit by bullet impact on armor."
069.txt,"[cross_chapter] Katniss says she wrote Peeta off in District 2 and was supposed to go to the Capitol to kill Snow, but in the previous chapter (Chapter 69 summary), she was shot while giving a speech in District 2 and there was no indication she had 'written Peeta off' or planned to go to the Capitol alone. This seems to reference a plan never established in previous chapters.","[cross_chapter] Katniss refers to 'the burned one from the Nut' as the man kneeling before her on the square, but in Chapter 69 she ran to help a wounded man and was then shot. The summary states she was shot while delivering a speech urging unity. However, in this chapter she describes a man kneeling before her who was burned, and says 'It wasn't him... He didn't pull the trigger. It was someone farther back in the crowd.' This contradicts the previous chapter summary which implies she was shot during/after her speech, not while examining a kneeling man. The circumstances of her shooting are inconsistent between chapters."
069.txt,"[coherence] Katniss says 'That bullet never even touched you. Cinna saw to that,' and Johanna says 'Not even. Bruised pretty good. The impact ruptured your spleen.' However, earlier in the chapter Katniss describes 'the pain in the left side of my body. That's where the bullet hit. My hands fumble over the thick bandages encasing my ribs.' If the bullet never touched her due to Cinna's armor, and her spleen ruptured from impact/bruising, there would be no bullet wound requiring bandages around her ribs. The description of bandages and a bullet hit contradicts the later explanation that the bullet never touched her.","[coherence] Katniss describes being shot but then Johanna claims 'That bullet never even touched you. Cinna saw to that.' If the bullet never touched her due to protective armor, then there should be no bullet wound or bandages for a bullet hit. Yet Katniss describes 'thick bandages encasing my ribs' and 'the pain in the left side of my body. That's where the bullet hit.' The description of her injury and Johanna's explanation are contradictory—either the bullet hit her (requiring bandages and causing a ruptured spleen from penetration) or it didn't touch her (which wouldn't cause a ruptured spleen from mere impact, as Johanna implies)."
069.txt,,"[temporal] Katniss has a morphling-induced memory/flashback to Peeta saying 'Always' when she was injured climbing the electric fence and he put her to bed. However, this event from Chapter 38 occurred before the Quarter Quell and her current situation. The morphling memory blends past and present confusingly—she 'remembers' this while waking from morphling, but the timeline of when this fence-climbing injury happened (before the Quarter Quell) versus her current state (after being shot in District 2) creates a jumbled temporal sequence. The memory seems to be triggered by morphling but the narrative doesn't clearly distinguish between past morphling use (for the fence injury) and present morphling (for the gunshot), making it seem like she's confusing two different injury events."
070.txt,"[cross_chapter] Katniss states she has 'no shortage of reasons to want to fight in the Capitol' and gives 'Because of Twelve. Because they destroyed my district' as her reason to Coin. However, in Chapter 55, Katniss already returned to District 12 and saw its destruction firsthand, and in Chapter 56 she was already in District 13. The bombing of District 12 was already known to her and was not a new revelation that Coin would need convincing about. More importantly, Katniss's primary motivation throughout has been personal vendetta against Snow and protecting her family, not abstract district patriotism—yet she hides her true motives here despite having already openly declared her desire to kill Snow to Coin in Chapter 57 as a condition for becoming the Mockingjay.","[cross_chapter] Katniss says she has 'no shortage of reasons to want to fight in the Capitol' and gives 'Because of Twelve. Because they destroyed my district' as her reason to Coin. However, in Chapter 54, Gale already told Katniss that District 12 was firebombed into nonexistence, and in Chapter 55 she walked through the ruins herself. This reason is presented as new motivation in her argument, but she has already known this for some time and it was the entire reason she became the Mockingjay. The phrasing suggests this is a fresh revelation or primary motivation she's articulating for the first time, which is inconsistent with her established character arc and previous events."
070.txt,"[cross_chapter] Katniss mentions 'the latest version of Peeta' as someone she wants to avoid being stuck with in District 13. However, this phrasing suggests Peeta has undergone recent changes that Katniss has witnessed directly. At this point in the narrative (after Chapter 67), Peeta has been 'hijacked' by the Capitol and is psychologically damaged, but Katniss has not actually spent time with him since his rescue—he tried to strangle her upon arrival (Chapter 66) and their subsequent interactions have been limited and traumatic. The phrase 'latest version' implies a progression Katniss has observed, but she has barely seen Peeta since his rescue, making this characterization odd. Additionally, in Chapter 70, Peeta's decorated cake at Finnick and Annie's wedding is presented as a surprise positive moment, yet here Katniss frames any version of Peeta in 13 as unbearable to be around.",
071.txt,"[cross_chapter] Katniss says 'From my first moment in the Games, when I ran for that orange backpack' but in the first Games, Katniss ran for a backpack at the Cornucopia that was described as containing a sleeping bag, water bottle, and other supplies—not specifically orange. More importantly, she was focused on the bow and arrow near Glimmer, not an orange backpack. The 'orange backpack' is a misremembered or fabricated detail.","[coherence] Katniss states she doesn't know what's between Johanna and Finnick, but in Chapter 70 (previous summaries), she interacts extensively with both Johanna and Finnick in the hospital and would have observed their relationship dynamics. More importantly, in Chapter 48-49 (previous summaries), Finnick reveals his love for Annie Cresta to the entire group including Katniss, making Katniss's claim of not knowing what's between Johanna and Finnick misleading—she knows Finnick is devoted to Annie, not Johanna."
071.txt,"[cross_chapter] Katniss claims Johanna 'can swim' and remembers her 'swimming around some in the Quarter Quell,' but in the 75th Hunger Games arena, Johanna was explicitly unable to swim and had to be carried by Finnick. This is a direct contradiction of established events from Chapter 46-47 where Finnick carries Mags and Peeta while swimming, and Johanna's swimming ability is never shown—she was from District 7 (lumber), not a fishing district.","[cross_chapter] Katniss claims she 'hardly knows' Johanna and that Johanna has 'No family. No friends. Not so much as a token from 7,' yet in this very chapter, Katniss brings Johanna a bundle of pine needles specifically because she's 'from Seven' and references their first meeting in the Quarter Quell arena when Johanna was 'a tree.' This demonstrates significant knowledge of Johanna's background and shared history, contradicting the claim of hardly knowing her. Additionally, in previous chapters (Chapter 42, 49, 50, 52, 53), Katniss and Johanna were allies in the Quarter Quell arena, fought together, and shared intense experiences including Johanna attacking Katniss as part of Beetee's plan."
071.txt,"[coherence] Katniss is told she 'should be getting my hair buzzed' as a mark of going into battle, but then later learns she must 'skip the military haircut because they would like the Mockingjay to look as much like the girl in the arena as possible.' However, earlier in the same chapter she already observed that 'you can tell when someone's received orders because they're given a very short haircut, the mark of a person going into battle.' This creates a logical tension: she has already been assigned to Squad 451 and stamped, which should mean she's 'received orders,' yet she hasn't gotten the haircut and seems surprised by this protocol only after the fact.",
071.txt,"[cross_chapter] Katniss says 'I consider saying a final good-bye to Peeta, decide it would only be bad for both of us. But I do slip the pearl into the pocket of my uniform.' However, the pearl was given to her by Peeta during the 74th Hunger Games after he found it while harvesting oysters with Haymitch. She kept it as a token. The problem is that in Chapter 67, after Peeta tries to strangle her and is revealed to be hijacked, Katniss would likely have discarded or lost emotional attachment to such tokens. More significantly, she mentions slipping 'the pearl' (singular) but Peeta gave her a pearl and a locket with pictures—she previously kept them together. The sudden reappearance of just 'the pearl' without explanation of where it was stored or why she's still carrying it after Peeta's hijacking and attempted murder is inconsistent with her emotional state and prior events.",
072.txt,"[cross_chapter] Katniss says Boggs saved her life and she owes him, but there is no previous mention of Boggs saving Katniss's life in any provided chapter summaries. Their relationship is described as professional (he's her commander in Squad 451), but no life-saving event is established.",
072.txt,"[cross_chapter] Katniss refers to a rope as 'the one Finnick lent me that night in the bunker,' but there is no previous mention of Finnick lending Katniss a rope in any provided chapter summaries. This appears to reference an event that was never narrated.",
072.txt,"[coherence] Katniss claims she 'always thought of you as…an ally' after the Careers incident, but this contradicts her established feelings and actions in the first book where she developed genuine feelings for Peeta, trusted him, and risked her life for him multiple times (the berries, nursing him, etc.). The word 'ally' is intentionally empty here, but her claim that she only saw him as an ally after the Careers incident is false based on previous events.",
073.txt,"[coherence] Katniss says she can't read the Holo and there's no time to figure it out, yet immediately after Jackson takes it and shows her a map, Katniss is able to analyze the map in detail and notice pods Plutarch didn't know about. This suggests she can in fact read and interpret the Holo display, contradicting her earlier claim of incompetence with it.","[coherence] Katniss says 'I don't know how to use this' about the Holo, but Boggs specifically transferred prime security clearance TO her with print recognition and voice command, and she had just watched him type in commands. The Holo was already activated and she had been holding it. Her claim that she doesn't know how to use it contradicts her direct experience with it moments before."
073.txt,"[cross_chapter] Katniss mentions the barbed wire net 'decorated the top of the fence around 12,' but in previous chapters, District 12's fence was consistently described as electrified with no mention of barbed wire decoration. The fence was primarily a boundary to keep wild animals out and citizens in, with electricity as the main deterrent.","[coherence] Katniss claims Boggs's last orders were 'Don't trust them. Don't go back. Kill Peeta. Do what you came to do' and decides to carry out 'the first two orders: to not trust anyone and to move deeper into the Capitol.' However, 'move deeper into the Capitol' was not one of Boggs's stated orders. She conflates his actual order 'Do what you came to do' with her own interpretation, creating a logical inconsistency in how she frames her decision-making."
073.txt,"[coherence] Katniss claims Boggs's last orders were 'Don't trust them. Don't go back. Kill Peeta. Do what you came to do,' and she decides to carry out 'the first two orders: to not trust anyone and to move deeper into the Capitol.' However, 'move deeper into the Capitol' is not one of Boggs's stated orders. She conflates 'Don't go back' with 'move deeper into the Capitol,' but these are not equivalent—'don't go back' could mean simply staying put or finding another route, not specifically advancing toward Snow.","[cross_chapter] Katniss claims Cressida lies for her about Peeta being useful as a guide to Snow's quarters because of his post-Games interviews, but this contradicts established facts from previous chapters. Peeta's interviews with Caesar Flickerman were NOT in Snow's personal quarters—they were in the Training Center and on stage for public broadcast. The victors' interviews are a standard Capitol television production, not filmed in the President's private residence. This is a fabricated detail that contradicts how the Hunger Games victory interviews work."
073.txt,"[causality] Katniss claims she needs to justify keeping the Holo and making the squad move deeper into the Capitol, yet when she fabricates her assassination mission story, she doesn't actually need the Holo for this purpose—the Holo is for navigation, not mission authorization. Her stated reasoning for keeping the Holo (that it's part of her special mission) doesn't logically follow, since the Holo's function is tactical navigation, not proof of mission assignment. Jackson could simply take the Holo and still follow Katniss's supposed orders if she believed them.",
074.txt,"[cross_chapter] Katniss mentions having a nightlock pill 'in the breast pocket of my uniform,' but earlier in Chapter 60, Plutarch gave nightlock pills to Katniss, Gale, and Haymitch during the flight to District 8. There is no indication she was given a second pill or that she transferred it to her uniform. More importantly, she specifically notes 'There's one pill back at camp, in its special slot on the sleeve of my Mockingjay suit'—but the Mockingjay suit was left behind when they fled the apartment after Boggs's death, and she's now wearing a standard military uniform. The location of this second pill is unexplained and seems to be a continuity convenience.","[cross_chapter] Katniss thinks about slipping Peeta a poison pill and pulling the trigger, but earlier in Chapter 66, she explicitly demanded public immunity for Peeta and other captured tributes as one of her conditions for becoming the Mockingjay. Her willingness to kill him here contradicts her earlier insistence on protecting him."
074.txt,"[coherence] The Capitol broadcast shows images of the dead including 'Boggs, Gale, Finnick, Peeta, and me'—but Gale, Finnick, Peeta, and Katniss are all alive and present watching the broadcast. While this is clearly Capitol propaganda falsely declaring them dead, the narrative treats it as Snow genuinely believing they're dead (he says 'when we pull Katniss Everdeen's body from the ashes'). Yet immediately after, Finnick says 'Except that you won't find her,' and Katniss notes 'Once they dig through those ashes and come up missing eleven bodies, they'll know we escaped.' This suggests Snow knows they're not dead, contradicting his own broadcast's premise. The broadcast's internal logic is muddled—if Snow is trying to demoralize rebels by claiming Katniss is dead, he undermines this by promising to show her body tomorrow, which he can't produce.","[coherence] Katniss mentions having a nightlock pill in the breast pocket of her uniform, but earlier she states the pill is in the special slot on the sleeve of her Mockingjay suit back at camp. She then says 'they didn't issue one to Peeta,' implying she only has access to one pill, but she seems to have two (one in her suit at camp, one in her uniform pocket). The math and distribution of pills is inconsistent."
075.txt,"[coherence] Peeta is simultaneously described as functional enough to get everyone moving after Messalla's death, yet moments later Katniss notes he 'should be flipping out and bashing my brains in' and that his hijacked state 'could happen any second.' The narrative treats him as both dangerously unstable and surprisingly composed without clear transition.","[coherence] Peeta's behavior is contradictory within the chapter. Initially, he is hissing Katniss's name and programmed to hunt her ('Peeta's programmed to respond to the hissing chorus, to join in the hunt'), causing Katniss to prepare to kill him. Yet seconds later, he is fully coherent, warning her to run, and 'the only one still functional enough to get us moving' after Messalla's death. There is no explanation for this rapid, complete reversal from hijacked hunter to lucid ally, especially when his hijacking was previously established as triggered by proximity to Katniss and stress."
075.txt,"[coherence] Katniss claims 'the only one without a weapon is Peeta,' but this is immediately contradicted when the crew (armed with 'nothing but cameras and clipboards') are given guns. The statement is premature since weapons are redistributed in the very next sentences, making it technically true at utterance but narratively misleading about the actual armed status.","[cross_chapter] The chapter states that 'the only one without a weapon is Peeta,' but in the previous chapter (Chapter 75), Peeta was explicitly described as having a gun with a blank cartridge that was loaded with a real bullet: 'Eject the blank cartridge from Peeta's, load it with a real one, and arm Pollux.' This implies Peeta had a weapon, yet this chapter claims he has none. Additionally, the text says 'anyone whispering my name with a bunch of mutts doesn't need one anyway,' but Peeta was not whispering her name with the mutts—he was hissing it due to hijacking, then immediately became lucid. The disarmament of Peeta is not shown or explained."
075.txt,"[cross_chapter] Katniss states that the mutts 'won't stop until they get to her,' implying they are specifically programmed for her. However, the mutts kill indiscriminately (Avoxes, Peacekeepers, Jackson, Leeg 1, Finnick, etc.), and their behavior of attacking anyone contradicts Gale's assertion that they're uniquely fixated on Katniss. The narrative later confirms they're drawn to her scent specifically, yet they waste time killing others rather than pursuing her directly.",
075.txt,"[coherence] Katniss experiences Finnick's life-flashing-before-his-eyes vision as if she is him, with no established mechanism for this psychic connection. This is an unexplained narrative device that breaks from the series' established reality—Katniss has never before experienced another person's dying visions, and no justification (trauma, tracker jacker residue, etc.) is provided for this impossible perspective shift.",
076.txt,"[coherence] Katniss states she killed the Capitol woman and took her boots, but earlier in the chapter she explicitly says the woman was alone when they found her, with no indication Katniss killed her. The woman's death is implied to have been from the general chaos or explosion, not directly by Katniss's hand. Katniss's sudden claim 'I killed her, too' contradicts the earlier description where the woman was simply found dead with an arrow in her heart—yet Katniss never describes shooting her.","[cross_chapter] Katniss states she doesn't have a Holo, but in the previous chapter (Chapter 76), she detonated the Holo to kill the mutts that were hunting them. The Holo was destroyed in the previous chapter, so her statement that she 'doesn't have a Holo' is technically true but misleadingly framed as a present lack rather than a recent loss. More critically, the narrative treats this as a current limitation rather than acknowledging the recent destruction."
076.txt,"[cross_chapter] Katniss counts 'Six, seven, eight—Castor, Homes, and Finnick being decapitated by the rose-scented lizard mutts' but in the previous chapter summary (Chapter 76), only Finnick was killed by mutts, and the deaths of Castor and Homes are not mentioned in that summary. The previous chapter states 'Jackson and Leeg 1 sacrifice themselves at the Meat Grinder, and Finnick is torn apart by mutts' with no mention of Castor or Homes dying in the tunnels. This contradicts the established events where Castor and Homes were still alive when the group surfaced.","[cross_chapter] Katniss mentions 'the silver knee-high boots I stole from the woman's home' as something she forgot about, but earlier in this same chapter, she describes hiding their boots by hanging them around their necks and putting on 'silly shoes' from the woman's apartment. There's no mention of stealing silver knee-high boots specifically for herself—she took shoes to replace their boots, but silver knee-high boots would be conspicuous and impractical for their disguise."
076.txt,,"[coherence] Katniss claims she 'killed' the unarmed woman whose apartment they took refuge in, but earlier in the chapter it states 'we find she was alone' and there's no description of Katniss killing her. The woman was already dead or they found her alone—the text says 'after searching the apartment, we find she was alone' with no indication Katniss killed her. This appears to be a false memory or guilt-induced delusion rather than an actual event, but it's presented as fact without clarification."
077.txt,"[coherence] Katniss states that Gale doesn't have any nightlock, but earlier in the chapter Gale gave his nightlock tablet to Peeta. This is internally consistent within the chapter, but Katniss's thought contradicts the established fact that Gale gave away his pill. However, re-reading shows Katniss is correct that Gale has no nightlock—he gave his to Peeta. The actual error is that Katniss thinks 'Gale doesn't have any' as a problem, but this is accurate since he gave it to Peeta. The real coherence issue is that Katniss worries Gale has no nightlock, but Gale explicitly told Peeta 'Don't worry. Beetee showed me how to detonate my explosive arrows by hand. If that fails, I've got my knife.' So Gale has alternative suicide methods. Katniss's panic about Gale lacking nightlock ignores his stated alternatives, making her emotional reaction somewhat incoherent with the information she just heard.","[coherence] The text contains a typo/spelling error: 'explotions' instead of 'explosions', and 'capitol' is lowercase when referring to the city (should be capitalized as 'Capitol' when referring to the city, though 'capitol' is sometimes used for the building). More significantly, 'hitting the building nearer to us' is grammatically awkward and unclear which building is meant."
077.txt,"[cross_chapter] Katniss references 'the tune playing in my head again' when thinking about Peacekeepers dragging Gale away, and the text includes lyrics 'Are you, are you Coming to the tree'—this is 'The Hanging Tree' song. However, this song was established in Chapter 63 as something Katniss sang in District 12 that became a rebel symbol. The narrative treats it as a recurring tune in her head, but earlier in the story this song was associated with her father and childhood, not specifically with Gale or death/suicide. The emotional association here seems slightly shifted from its original meaning, though this is minor. More significantly, Katniss says 'starts the tune playing in my head again' implying this has happened before in relation to Gale, but there's no previous instance in the provided summaries of this tune playing specifically when thinking about Gale being captured.","[cross_chapter] Katniss mentions 'the nightlock' and that Gale doesn't have any, but earlier in Chapter 76, Jackson and Leeg One sacrificed themselves at the Meat Grinder, and Finnick was torn apart by mutts—prompting Katniss to detonate the Holo. The nightlock pills were distributed by Plutarch in Chapter 61 ('distributes nightlock suicide pills'), but there's no clear indication Gale ever received one or that they still have them. However, more critically, Gale gives his nightlock tablet to Peeta in this chapter, but earlier in Chapter 76, the squad had redistributed weapons and the Holo was detonated—it's unclear if nightlock pills were part of their supplies that survived. The bigger issue: Katniss says 'Gale doesn't have any' nightlock, but then Gale says 'I'll have Katniss...She won't give them the satisfaction of taking me alive'—implying he expects Katniss to kill him rather than use nightlock, which contradicts the established protocol of suicide pills for capture."
077.txt,,"[coherence] Katniss realizes Gale was mouthing 'Shoot me' after the fact, but earlier she describes seeing his lips move twice and shaking her head in confusion. However, she had just been thinking about nightlock and how 'no one will be there to help you'—the connection between 'shoot me' and their 'unspoken promise' is only made after reflection, yet she immediately turns and runs without processing this. The timing of her realization ('I fall into a doorway, tears stinging my eyes. Shoot me. That's what he was mouthing') suggests a delayed epiphany that stretches credibility given the urgency."
077.txt,,"[cross_chapter] Katniss states 'I did not come all this way, and lose all those people, to turn myself over to that woman' referring to Coin, but earlier in Chapter 72, Katniss was specifically assigned to Squad 451 by Coin and was planning to use the mission to reach Snow. The narrative has established that Katniss is already on a mission to kill Snow, not to surrender to Coin—yet her internal monologue here frames her presence in the Capitol as somehow independent of Coin's authority, when in fact she was deployed by the rebel command structure. This creates a false dichotomy between 'turning herself over' and her current situation, when she's already operating under rebel auspices."
078.txt,"[cross_chapter] Katniss says 'There is no District 12' but previous chapters established District 12 was firebombed and destroyed, not erased from existence. More importantly, this directly contradicts Chapter 54 where Gale revealed Prim and her mother survived, and Chapter 55 where Katniss actually visited the ruins of District 12. The district physically still exists as ruins, and its residents (including her mother and Prim) were relocated. The phrasing suggests total non-existence rather than destruction.","[cross_chapter] Katniss states 'There is no District 12' as part of her mental recitation, but this contradicts her earlier knowledge and experiences. In Chapter 55, she returned to the ruins of District 12 and walked through the devastation, retrieving personal items. She knows District 12 was firebombed but still physically exists as ruins. The phrase 'There is no District 12' is more metaphorical (the community is destroyed), but in her mental state, she's listing facts about herself, making this an imprecise statement that could confuse her actual situation. However, more critically, in Chapter 38 she had already thought about District 12 existing as a place with the electrified fence, and in Chapter 55 she physically visited it. The statement works as psychological trauma shorthand but is factually inaccurate about physical reality."
078.txt,"[cross_chapter] Katniss's father sings 'The Hanging Tree' during her morphling hallucination/visitor sequence, but this is presented as part of her delirium. However, in Chapter 63, Katniss sings 'The Hanging Tree' herself and it becomes a rebel symbol. The song's origin is established as something her father taught her, but presenting him singing all four stanzas here as a hallucination creates confusion about whether this is memory or fantasy. More significantly, Katniss later says 'my father sings all four stanzas of ""The Hanging Tree"" and reminds me that my mother—who sleeps in a chair between shifts—isn't to know about it.' This implies the father is actively keeping secrets from the mother, but in the earlier timeline of the first book, the father was already dead. This is presented as a current visitation, not a memory.",
078.txt,"[coherence] Katniss describes her back 'continues to burn beneath the water' when she floats in the 'foamy sea the color of Finnick's eyes,' but then says 'the agony quiets to pain.' Water would extinguish fire, making it physically impossible for her back to continue burning while submerged. This is part of her delirium/dream sequence, but even within dream logic, the simultaneous burning and drowning creates a physical contradiction that isn't resolved as metaphor.",
079.txt,"[cross_chapter] Katniss says 'everyone I trust is dead' and lists Cinna, Boggs, Finnick, and Prim, but Cinna died in Catching Fire (Chapter 45/46) before the Quarter Quell arena, not during the recent war events. More importantly, Haymitch is alive and has been her trusted mentor throughout—she immediately goes to him for help after this statement, contradicting her claim that everyone she trusts is dead.","[cross_chapter] Katniss states 'everyone I trust is dead' and lists Cinna, Boggs, Finnick, and Prim. However, Haymitch is alive and she explicitly goes to him for help immediately after this statement. While she may not fully trust Haymitch in the same way, she literally turns to him as the 'only one person to turn to who might know what happened and might still be on my side,' making her claim that everyone she trusts is dead factually inconsistent with her subsequent actions and her established complex but functional relationship with Haymitch."
079.txt,"[coherence] Katniss votes 'yes' for another Hunger Games 'for Prim'—but Prim was killed by the very Capitol/rebel violence that the Games represent. Having another Hunger Games would perpetuate the system that destroyed her sister. This is presented as Katniss's genuine vote, yet her entire character arc has been about protecting children and rejecting the Capitol's brutality. The narrative later reveals she was manipulating Coin, but the text presents her vote as sincere in the moment, creating a logical inconsistency with her established values unless read as purely strategic—which the text doesn't clearly support until after the execution.",
079.txt,"[cross_chapter] Katniss asks Coin to make sure Snow wears the white rose 'just over his heart' and Coin agrees, but during the actual execution, Snow is secured 'hands behind a post' with no mention of the rose. Katniss then aims at 'the rose' on Snow, implying he is wearing it, but this was never confirmed in the execution scene description. The rose was left in Katniss's room in a glass of water—there's no clear indication Snow actually received it or wore it.",
080.txt,"[cross_chapter] Katniss states 'I haven't left the house' and 'I haven't even left the kitchen except to go to the small bathroom,' yet earlier she went down the hall to the study where she found her father's hunting jacket and other items. This directly contradicts her claim of not leaving the kitchen.","[cross_chapter] Katniss says 'I start screaming for Gale' and thinks 'A good clean shot to end it all. Only there's no arrow, no bullet. Is it possible he can't see me? No. Above us, on the giant screens placed around the City Circle, everyone can watch the whole thing being played out. He sees, he knows, but he doesn't follow through.' However, according to Chapter 54's summary, Gale was with the rebels on a hovercraft and was the one who revealed District 12 was destroyed. He was not present in the City Circle during Coin's execution. This is confirmed later in this chapter when Haymitch says 'My mother's not coming back' and 'She's helping to start up a hospital in District Four' - but there's no mention of Gale being present, and Katniss only learns where Gale went later from Greasy Sae ('District Two. Got some fancy job there'). Gale was not in the Capitol during the execution."
080.txt,"[cross_chapter] Katniss says 'No one in this house can knit anymore,' implying her mother won't return, but later she receives a letter from her mother and speaks with her on the phone. The statement is technically true (her mother is in District 4 and not present to knit), but the phrasing suggests permanent absence rather than temporary separation, which is slightly misleading though not a strict contradiction. However, more significantly, Katniss later says 'My mother's not coming back' as a statement of fact, which Haymitch confirms, yet she had already received the letter earlier and knew this. The 'no one can knit' line is more emotionally revealing than erroneous.","[coherence] Katniss thinks 'Taking my life is the Capitol's privilege. Again.' This implies the Capitol previously prevented her suicide or controlled her death, but there's no established precedent for this in the text. In the first Games, she threatened suicide with Peeta and they were stopped, but that was to force a dual victory, not as a 'privilege' of taking her life. The Capitol has never before explicitly taken her life as a privilege. This seems to be a mischaracterization of past events - the Capitol wanted her alive as a victor and symbol, not dead. The 'again' doesn't properly reference any established pattern."
081.txt,"[cross_chapter] Katniss states 'It took five, ten, fifteen years for me to agree' to having children, but later says 'more than twenty years' have passed since she started her list of goodness acts. If it took 15 years to agree and she had children after that, plus the children are now playing (the girl knows about the Games, the boy is a toddler), the timeline doesn't add up to 'more than twenty years' of making the list. The list began after the trauma of the Games, which would be before or around when she had children, not 20+ years before the present.","[cross_chapter] The chapter states 'the arenas have been completely destroyed, the memorials built, there are no more Hunger Games,' but earlier in Chapter 80, Coin proposed 'a final Hunger Games using Capitol children' and Katniss voted yes. The narrative here presents a definitive end to the Hunger Games without acknowledging that final proposed Games or its outcome, creating ambiguity about whether that final Games actually occurred or was cancelled after Coin's death."
