Chapter,Error_Original,Error_Modified
001.txt,"[coherence] The text mentions 'the elf-rune, .' with a period where a specific rune character should appear, suggesting a missing or corrupted character in the original text. This is a typographical/rendering error that creates an inconsistency in the narrative description of Gandalf's mark.",
002.txt,,"[cross_chapter] Gandalf states he has seen Gollum and extracted the true story from him, yet in Chapter 1's summary, the true story of Bilbo finding the One Ring was already recounted as established fact. However, the more significant inconsistency is that Gandalf says 'I have seen him' regarding Gollum, and describes interrogating him with fire, yet later in this same chapter Gandalf admits 'I let him go' and 'I have paid for it since with many dark and dangerous days' and needed Aragorn's help to find Gollum again. The cross-chapter issue is subtle: in Chapter 1, the 'true story' of Bilbo finding the ring was presented as already known/corrected, but here Gandalf presents his discovery of Gollum's history as a recent revelation that filled in gaps. More directly, there's a temporal inconsistency within this chapter: Gandalf says he saw Gollum and wrung the truth from him, but then says Gollum escaped/was released and had to be hunted again by Aragorn, suggesting the detailed interrogation Gandalf describes ('I put the fear of fire on him') happened during a capture that he then 'let...go' — yet he speaks of learning Gollum's history as if from a completed interrogation."
003.txt,"[cross_chapter] In Chapter 3, Gandalf explicitly commands Sam to accompany Frodo as punishment for eavesdropping, with Sam being frightened and reluctant. However, in this chapter, Frodo treats Sam's inclusion as his own choice ('I will take Sam to visit the Elves; he will be delighted') and Sam is portrayed as a willing, eager companion. There is no mention of Gandalf's command or Sam's punishment, and Sam's enthusiastic behavior contradicts his previously established reluctance and fear.","[coherence] Frodo says he has 'never even considered the direction' he must go, yet immediately before this he had already decided to go to Rivendell with Gandalf's advice, and even earlier in the conversation he says 'I go to lose one, and not return, as far as I can see'—showing he had indeed been thinking about where he was going. The claim that he never considered direction contradicts his active engagement in planning his journey."
003.txt,,"[cross_chapter] In Chapter 3, Gandalf explicitly tells Frodo 'Do not use it!' regarding the Ring, warning him of its dangers. However, in this chapter, when Frodo feels the desire to use the Ring to hide from the Black Rider, he thinks 'The advice of Gandalf seemed absurd. Bilbo had used the Ring.' This misrepresents Gandalf's advice—Gandalf never suggested using the Ring was acceptable, he strictly forbade it. Frodo's internal thought that Gandalf's advice was to not use it (implying it was merely advisory rather than imperative) and his comparison to Bilbo's usage distorts the actual warning from the previous chapter."
006.txt,"[coherence] Merry says 'I don't know what stories you mean' when Pippin asks about the Old Forest, but then immediately describes 'the old bogey-stories Fatty's nurses used to tell him.' This is contradictory—Merry claims not to know what stories Pippin means, yet instantly identifies and describes specific stories he supposedly doesn't know about.","[coherence] Merry is described as both inside the room banging on the door and needing to enter, which creates a spatial contradiction. If Merry is already inside with a candle, why is he banging on the door? The text says 'Merry was standing there with a candle in one hand, and banging on the door with the other' — but 'there' implies he's inside Frodo's room, yet he's banging on a door as if trying to get in or wake someone. This is ambiguous but reads as if he's inside banging on the door to wake Fatty, though the door is described as if it's the door to Frodo's room."
006.txt,,"[cross_chapter] In Chapter 6, the conspirators' plan was for all five hobbits to leave together through the Old Forest at dawn, with Fatty remaining behind at Crickhollow. However, in this chapter, Frodo tells Fatty to 'Tell Gandalf to hurry along the East Road' — but Gandalf had left in Chapter 4 to investigate troubling news and had not returned. There is no indication Gandalf was expected at Crickhollow or that Fatty would have any way to communicate with him. This contradicts the established plot where Gandalf's whereabouts are unknown and the hobbits are on their own."
007.txt,"[coherence] Tom Bombadil puts the Ring on his little finger and does not disappear, yet when Frodo later tests the Ring on himself, Merry cannot see him and Frodo is confirmed to be invisible. The text states 'There was no sign of Tom disappearing!' as something remarkable, establishing that the Ring normally makes wearers invisible. However, Tom's ability to see Frodo while wearing the Ring ('Hey! Come Frodo, there! Where be you a-going? Old Tom Bombadil's not as blind as that yet') contradicts the established mechanics of the Ring—Tom should not be able to see an invisible Frodo unless he has some special power over the Ring, but this is never explained as an exception to the Ring's invisibility property.",
007.txt,"[coherence] Frodo puts on the Ring to verify it still works after Tom's strange handling of it, and Merry 'was staring blankly at his chair, and obviously could not see him.' This confirms the Ring makes Frodo invisible as expected. Yet Tom can somehow see Frodo perfectly well and calls out to him by name. This creates a logical inconsistency: either Tom has unexplained powers that allow him to see through the Ring's invisibility (which would be a significant narrative anomaly requiring explanation), or this is a coherence error in the text's established magic system.",
008.txt,"[coherence] Merry claims memory of 'The men of Carn Dûm came on us at night' when waking from the Barrow-wight's spell, but this is presented as a false dream/memory. However, Tom later confirms the blades were forged by Men of Westernesse who were 'overcome by the evil king of Carn Dûm in the Land of Angmar,' suggesting a genuine historical connection. The narrative treats Merry's words as dream-confusion, yet the historical detail he mentions is factually accurate to the blades' origin, creating ambiguity about whether he experienced a true vision or random dream imagery. More significantly, the text states 'Merry, to whom the others belonged, had not, in fact, given them any such names' regarding the ponies' new names, but this contradicts no prior establishment of pony ownership—the ponies were obtained from Tom's stable or were their own riding ponies from Crickhollow, making the 'to whom the others belonged' reference unclear and seemingly inaccurate.","[coherence] Merry claims the ponies belong to him ('Merry, to whom the others belonged'), but earlier in Chapter 6, the ponies were acquired for the journey by Merry's preparations at Crickhollow, and in Chapter 7, the hobbits entered the Old Forest on foot without ponies. The ponies were left behind at the Forest's edge or at Crickhollow. Tom Bombadil somehow retrieved them after rescuing the hobbits from Old Man Willow, but the ownership claim and how Tom obtained them is muddled—Merry didn't bring his own ponies into the Forest, and the text earlier suggests they were borrowed or arranged for the journey, not personally owned by Merry."
009.txt,"[coherence] Frodo introduces himself and his companions with false names, but contradicts himself by giving 'Mr. Took' as Pippin's name while earlier claiming they were from Buckland. Merry then gives his real name 'Mr. Brandybuck' to the gatekeeper, undermining their attempt at secrecy. Later at the inn, Frodo again uses 'Mr. Took' for Pippin and 'Underhill' for himself, but Merry had already revealed his true identity to the gatekeeper, making the continued deception inconsistent and pointless.","[coherence] The chapter states that Frodo and his companions arrive at the Greenway-crossing and then the West-gate of Bree, but earlier in the chapter it is established that 'in former days Men and other folk of various sorts had travelled much on it' and 'the North Road was now seldom used: it was grass-grown, and the Bree-folk called it the Greenway.' The Greenway is described as the North Road crossing the East Road outside the dike at the western end. However, Frodo and companions are coming from the east (from the Shire, having traveled through the Barrow-downs), so they should be arriving on the East Road from the west, not at the Greenway crossing from the south. Their route from the Shire would bring them to Bree from the west, yet they encounter the Greenway-crossing as if approaching from the south, which contradicts their established journey direction."
009.txt,"[cross_chapter] In Chapter 6, Merry was part of the conspiracy and knew about the Ring, having helped plan the journey from Crickhollow. However, in this chapter, Merry acts as if unaware of the danger, warning the others to 'mind your Ps and Qs' and 'don't forget that you are supposed to be escaping in secret.' This is inconsistent with his established knowledge and role in the conspiracy. Furthermore, Merry's warning about not being far from the Shire contradicts the fact that they had already traveled through the Old Forest, Barrow-downs, and were now at Bree—far from the Shire.",
010.txt,"[coherence] Strider claims to have been behind the hedge on the Road west of Bree when the hobbits arrived and overheard them talking to 'old Bombadil' - but Tom Bombadil was not with them on the Road west of Bree. The hobbits left Bombadil far behind at the edge of the Barrow-downs and traveled alone to reach Bree. This appears to be a misstatement or confusion, as Bombadil escorted them to the Road near Bree but did not accompany them to the village itself, and certainly no conversation with Bombadil occurred at the location Strider describes.","[cross_chapter] Strider claims to have been behind the hedge on the Road west of Bree when four hobbits came out of the Downlands, and says he overheard them talking to 'old Bombadil.' However, Tom Bombadil was not with the hobbits when they approached Bree; he left them at the edge of his lands, and they traveled to Bree alone. The hobbits never spoke to Bombadil on the road west of Bree—they had left him behind much earlier."
010.txt,"[cross_chapter] The chapter summary for Chapter 10 states that Strider 'requests a private talk' with Frodo, but in this chapter, Strider claims that Frodo 'promised to have a quiet talk' with him. However, the previous chapter summary indicates Strider made the request, not that Frodo promised anything. More importantly, Strider says 'your friend promised to have a quiet talk with me' referring to Frodo's promise, but in Chapter 10 it was Strider who initiated contact by sending a message through the servant. This creates ambiguity about who promised whom, though this may be interpretable as Strider framing his own request as Frodo's promise to comply.","[cross_chapter] In the previous chapter (Chapter 10), Frodo accidentally put on the Ring and vanished during his song at The Prancing Pony, which was a major incident that caused alarm. However, in this chapter, Strider refers to it as 'your song' and 'that little prank,' and Frodo calls it 'sheer accident,' but the summary of Chapter 10 states Frodo 'accidentally puts on the One Ring and vanishes while performing on a table.' The inconsistency is that Strider speaks as if Frodo deliberately performed a song (which he did), but the vanishing was the accidental part. More significantly, Merry at the end of this chapter says 'Jumped over the Moon!' chuckled Merry, referring to Frodo's song performance, but this is odd because Frodo didn't jump over the moon—he was singing about the Man in the Moon who jumped over the moon in the song. However, the key error is that Strider says 'I should have stopped your going into the common-room, if I could; but the innkeeper would not let me in to see you, or take a message,' yet in Chapter 10, Strider was already in the common-room and had spoken to Frodo there, asking for a private word. The innkeeper's objection seems to be a new detail that contradicts Strider having already been present and spoken with Frodo in the common room."
010.txt,"[coherence] Gandalf's letter is dated 'Midyear's Day, Shire Year, 1418' and urges Frodo to 'get out of the Shire before the end of July at latest.' However, the narrative timeline indicates Frodo left the Shire on September 22 (his birthday), and the current date is later in September or early October. This means Butterbur held the letter for approximately 3-4 months, yet Gandalf's warning about leaving 'before the end of July' was already moot by the time Frodo could have received it. While this reflects Butterbur's incompetence rather than a narrative error per se, the urgency of the letter's timing creates a logical tension with the actual timeline of events - Gandalf's warning was predicated on a deadline that passed long before the letter could be delivered.",
011.txt,"[cross_chapter] In Chapter 10, Frodo accidentally puts on the Ring in the common room of the Prancing Pony and vanishes, which reveals him to the crowd and to Strider. However, in this chapter, when Frodo puts on the Ring on Weathertop, the narrative treats it as if this is the first time he has ever worn it, with no mention of the prior incident at Bree. More specifically, Strider's explanation that 'our shapes cast shadows in their minds, which only the noon sun destroys' and his general discussion of the Ring's visibility to the Riders seems to ignore that Frodo has already used the Ring once before in a populated area, with no disastrous immediate consequences from the Riders themselves. Additionally, Frodo's internal experience of putting on the Ring—feeling compelled, seeing the true forms of the Riders, and the Ring's effect on him—is presented without reference to his prior experience at Bree, which would have given him some foreknowledge of what to expect.","[cross_chapter] The chapter states that Fatty Bolger ran to 'the nearest house, more than a mile away,' but in Chapter 6, Crickhollow is described as being in a populated hobbit area near Bucklebury and Brandy Hall. The nearest house being 'more than a mile away' contradicts the established geography of Buckland as a settled hobbit region with clustered homesteads."
011.txt,"[temporal] The narrative states that 'It was the night of the fifth of October, and they were six days out from Bree.' However, earlier in the chapter, Strider interprets Gandalf's possible runic sign as 'G3' meaning 'October the third: that is three days ago now.' If it is October 5th when they reach the feet of the westward slopes (six days out from Bree), then Gandalf's sign was made on October 3rd, which would be two days prior, not three. But Strider says 'three days ago now' when discussing the G3 mark. This creates a temporal inconsistency: if October 3rd was 'three days ago,' the current date would be October 6th, but the text later explicitly states it is October 5th. Alternatively, if the current date is October 5th, then October 3rd was two days ago, making Strider's statement incorrect.","[temporal] The chapter states that 'It was the night of the fifth of October, and they were six days out from Bree.' However, earlier in the chapter, Strider interprets Gandalf's mark 'G3' as meaning 'October the third: that is three days ago now.' If October 3rd was three days ago, that would make the current date October 6th, not October 5th. This creates a one-day discrepancy in the timeline."
012.txt,"[coherence] Frodo asks 'Where is the pale king?' immediately after waking from being stabbed, but there is no prior mention of any 'pale king' in this or previous chapters. The leader of the Nazgûl is later referred to as the Witch-king, but 'pale king' is not established as a title or description for him. This seems to be an unexplained reference that doesn't match established terminology.","[cross_chapter] In Chapter 12, Frodo was stabbed in the shoulder by the Witch-king with a Morgul-knife. In this chapter, Strider states that 'all blades perish that pierce that dreadful King,' implying Frodo's sword made contact and wounded the Witch-king. However, in the previous chapter's attack, Frodo put on the Ring, saw the Ringwraiths clearly, and was stabbed while invisible—there is no indication he successfully struck the Witch-king with his sword. The slash in the cloak is presented as new information here, but the previous chapter described Frodo falling unconscious after being stabbed without any mention of him drawing his sword or striking a blow. This creates a contradiction in the sequence of events during the Weathertop attack."
012.txt,"[cross_chapter] In Chapter 12, the attack on Weathertop involved five Black Riders, and Frodo put on the Ring and saw their true forms. However, in this chapter, Strider says 'There seem only to have been five of the enemy,' implying uncertainty about the number, when the narrative previously established five attackers with certainty. Additionally, Frodo's experience of seeing the Ringwraiths' true forms while wearing the Ring contradicts his question about 'the pale king'—he should know what he saw, yet speaks as if confused about who was present.",
012.txt,"[coherence] The Morgul-knife blade vanishes 'like a smoke in the air' when Strider holds it up, leaving only the hilt. Yet later, Glorfindel takes the hilt from Strider and examines it, saying 'There are evil things written on this hilt.' If the blade vanished completely, the hilt should be all that remains, which is consistent. However, Strider earlier says 'all blades perish that pierce that dreadful King' referring to the Witch-king, but then says 'More deadly to him was the name of Elbereth'—yet the blade that pierced the King (Frodo's sword) did not perish, only the Morgul-knife blade did. This creates confusion about which blade perished and why.",
013.txt,"[coherence] Gandalf says he knew about the Black Riders only after leaving Frodo in June, but earlier in the conversation he already stated 'The Morgul-lord and his Black Riders have come forth' and discussed them extensively. This creates a contradiction about when and how much he knew.","[cross_chapter] Frodo states he has not spoken to the others about the Barrow, but in Chapter 9, all four hobbits were together when Tom Bombadil rescued them from the Barrow-wight and gave them daggers from the barrow. The other hobbits experienced the Barrow directly and would already know about it."
013.txt,"[coherence] Frodo says he has not spoken to others about the Barrow, but in Chapter 9, Tom Bombadil rescued all four hobbits from the Barrow together, and they all received swords from the treasure. Merry, Pippin, and Sam were all present and witnessed everything, making it impossible for Frodo to have kept this secret from them.","[cross_chapter] Frodo says 'I have had a month of exile and adventure,' but based on the timeline established in previous chapters, Frodo left Bag End on September 22 and arrived in Rivendell on October 20. This is approximately four weeks (28 days), which is roughly a month, but Gandalf later clarifies that Frodo was brought to Rivendell on the night of October 20 and it is now October 24, making his actual conscious experience much shorter since he was unconscious/wounded for much of that time. However, the more significant issue is that Frodo says 'I can't bring the total up to October the twenty-fourth. It ought to be the twenty-first. We must have reached the Ford by the twentieth,' which Gandalf confirms is correct. Yet Frodo also says 'a month of exile and adventure' when from September 22 to October 24 is about 32 days, slightly over a month. This is minor but Frodo's own calculation suggests he thinks it should be the 21st, making his 'month' statement slightly inconsistent with his own reckoning."
013.txt,,"[coherence] Gandalf says 'I have heard all about Sam' and 'He has no more doubts now,' but there is no indication in the chapter of how or when Sam's doubts were resolved. Earlier in the chapter, Gandalf mentions Sam was sent to rest 'about half an hour ago,' but the resolution of Sam's distrust of Strider is not explained. While not a strict contradiction, this is an unexplained knowledge gap—Gandalf seems to know about Sam's changed feelings without any clear mechanism for learning this, since Sam had been with Frodo constantly and Gandalf only recently arrived."
013.txt,,"[temporal] Gandalf says the splinter 'was working inwards' and was removed 'last night,' and that Frodo 'bore [it] for seventeen days.' If Frodo was wounded on October 6 at Weathertop (as established by the timeline: leaving Bree September 29, six days to Weathertop), then seventeen days later would be October 23, not October 23-24 when the splinter was removed. However, more significantly, Gandalf says Frodo was brought in on 'the night of the twentieth' and it is now 'the morning of October the twenty-fourth,' making it four nights and three days. But if the splinter was removed 'last night' (October 23), and Frodo bore it for seventeen days from October 6, that would be October 23—consistent. However, Frodo's wound at Weathertop was on October 6, and from October 6 to October 23 is indeed 17 days. The issue is Gandalf says 'seventeen days' but also says 'four nights and three days' since arrival, and Elrond tended him 'for days, ever since you were brought in.' The 'seventeen days' from wounding to splinter removal is correct, but the narrative creates confusion about how long Frodo was unconscious versus how long the splinter was in him after arrival at Rivendell."
014.txt,"[coherence] Bilbo claims he made up the poem about Aragorn 'a long time ago when he first told me about himself,' but this contradicts the established timeline. Bilbo left the Shire seventeen years before the Council, and Aragorn was known to him only as Strider during their brief interaction at Bree in The Hobbit (if at all). The poem contains specific references to 'the blade that was broken' and 'the crownless again shall be king'—details about Aragorn's identity and destiny that Bilbo could not have known 'long ago' when Aragorn first told him about himself, as Aragorn's true identity was concealed and the sword was still broken without prospect of reforging.","[coherence] Bilbo claims he composed the poem about Aragorn 'a long time ago when he first told me about himself,' but this contradicts the timeline. Aragorn reveals his identity as Isildur's heir and the rightful king at the Council of Elrond, which is happening now. Bilbo had known Strider as a Ranger but could not have known about his royal lineage 'a long time ago' since Aragorn kept his identity secret. The poem specifically refers to 'the crownless again shall be king' and the reforging of the broken blade, which are prophecies about Aragorn's destiny that Bilbo could not have known about before this Council."
014.txt,"[cross_chapter] Gandalf states that Isildur's scroll 'concerns the Ring' and that Isildur wrote it in Minas Anor, but earlier in the chapter, Boromir states that 'All know in Gondor that he went first to Minas Anor and dwelt a while with his nephew Meneldil.' However, Gandalf then says 'that is not remembered in Gondor, it would seem' regarding the scroll's existence. This creates a contradiction: if Isildur's time in Minas Anor is common knowledge in Gondor, and he made the scroll there, it is implausible that the scroll's existence would be completely forgotten while his visit is well-known. Additionally, Gandalf claims the scroll has been unread since the kings failed, yet Denethor is described as 'master of the lore of this City'—it strains credibility that such a significant document about the One Ring would remain completely unknown to the ruling Stewards.",
014.txt,"[coherence] Gandalf states that 'only one hand at a time can wield the One' when refusing Saruman's proposal to jointly use the Ring. However, this principle is not consistently applied elsewhere in the narrative. The Ring's nature is that it serves Sauron alone and corrupts all others who use it; there is no indication that two people could physically or magically share its wielding. Gandalf's statement implies a possibility of shared use that is limited by number rather than by the Ring's fundamental nature, which is misleading. More importantly, Gandalf later argues at the Council that even the Wise would become another Dark Lord if they used the Ring, making his objection to Saruman based on practical impossibility ('only one hand') rather than moral corruption somewhat inconsistent with his later argument.",
014.txt,"[temporal] Gandalf states that 'seventeen years ago' he first became aware of spies around the Shire and opened his heart to Aragorn. However, in the previous chapter summary (Chapter 3), Gandalf returns after a long absence, reveals the Ring's nature to Frodo, and catches Sam eavesdropping. The 'seventeen years' refers to the period between Bilbo's party and Frodo's departure, but Gandalf's awareness of spies and collaboration with Aragorn must have begun during this period. The timeline becomes confused because Gandalf says 'I called for the help of the Dúnedain, and their watch was doubled; and I opened my heart to Aragorn' seventeen years ago, yet Aragorn's direct involvement with the Ring's protection seems to have intensified much more recently. The temporal marker 'seventeen years ago' appears to conflate the beginning of general vigilance with the specific escalation of the threat.",
015.txt,"[cross_chapter] Gandalf claims he already knew about Gollum's escape from Gwaihir, but in the previous chapter's Council of Elrond, Legolas presented the news about Gollum as new information that surprised everyone. Gandalf's claim contradicts the established timeline where he was imprisoned by Saruman and escaped with Gwaihir's help—during which time he would not have been receiving updates about Gollum. Furthermore, if Gandalf already knew, he gave no indication during the Council when Legolas reported it.","[cross_chapter] Bilbo claims he brought all mementoes of his Journey except the Ring, yet in Chapter 1 it was established that he gave away the sword Sting (which he now gives to Frodo) and the mithril coat (which he also now gives to Frodo) before leaving Bag End. These items were not 'brought with him' as mementoes; he specifically left them behind for Frodo, or they were already at Bag End. More precisely, Bilbo says 'I brought all the mementoes of my Journey away with me, except the Ring' but the mithril coat was given to him by Thorin and was at Bag End, not Rivendell, until he apparently retrieved it. However, the text says 'I got it back from Michel Delving before I started, and packed it with my luggage' which implies he did bring it. The inconsistency is that Bilbo is in Rivendell with items he supposedly left at Bag End or gave away, yet the text explains he retrieved the mithril coat. The actual error is subtler: in Chapter 1, Bilbo left Bag End with almost nothing, and the sword and coat were at Bag End for Frodo. But here Bilbo has them in Rivendell, claiming he brought them. The text attempts to explain this with 'I got it back from Michel Delving before I started' for the coat, but Sting was explicitly left for Frodo at Bag End and there's no explanation for how Bilbo has it in Rivendell to give back."
015.txt,"[coherence] Elrond states the Company of the Ring shall be Nine, 'the Nine Walkers shall be set against the Nine Riders that are evil,' and proceeds to name eight members: Frodo, Sam, Gandalf, Legolas, Gimli, Aragorn, Boromir, and Pippin (with Merry to be determined). However, Pippin has not yet been confirmed—Elrond explicitly says 'My heart is against his going' and only relents after Pippin's defiant declaration. The count to nine is prematurely declared as 'filled' before Pippin's inclusion is actually settled, and Merry's inclusion is not even mentioned in the formal count despite both hobbits eventually going.","[coherence] Gandalf says 'I have written Gandalf is here in signs that all can read from Rivendell to the mouths of Anduin' after creating a magical fire with his staff. However, this is metaphorical hyperbole rather than literal truth, and doesn't represent an actual narrative inconsistency. Upon reflection, this is not an error but dramatic characterization. Removing this as a false positive."
015.txt,"[temporal] Bilbo references 'January the twelfth' in Frodo's imagined/dream diary, but the Shire-reckoning calendar established in the prologue and used throughout does not use month names corresponding to modern Gregorian calendar months. The Shire calendar has months named after seasons and patterns (Afteryule, Solmath, Rethe, etc.), not January/February/etc. While this occurs in a dream sequence, it represents Bilbo's voice and thought, which should conform to Shire conventions.",
015.txt,"[coherence] Aragorn states that further south 'there are no passes, till one comes to the Gap of Rohan,' yet later in the narrative (and known to those familiar with the geography), there is the Pass of Dol Baran and other potential routes. More immediately, Gandalf refers to 'the dark and secret way that we have spoken of'—Moria—which is not south but rather goes through the mountains near Caradhras itself. The geographical description of alternatives is misleading; Moria is not 'further south' but essentially in the same mountain range near their current position.",
016.txt,,"[coherence] Gandalf says he passed through Moria and came out alive, and later says he came from the East, yet he also says he does not know the opening word to the West-gate and has never entered that way. However, he also says 'I have not spoken of it to the Company before' and 'Aragorn was against it, until the pass over the mountains had at least been tried,' implying he had considered Moria as a route from the beginning. The inconsistency is that if Gandalf came from the East through Moria, he would not need to enter through the West-door and would not know its password, which is consistent; but his claim to have 'passed through' and 'come out again alive' suggests a complete traversal, which would require entering from one side and exiting the other. If he only exited from the East, he didn't truly 'pass through' in the sense of traversing the entire mines. This is a minor semantic inconsistency in his description of his experience."
017.txt,"[coherence] Frodo is stabbed by the orc-chieftain's spear on his right side and hurled against the wall, pinned there. Aragorn later expresses amazement that Frodo survived, saying 'I thought you were dead!' and 'That spear-thrust would have skewered a wild boar!' However, Frodo is wearing the mithril shirt that Bilbo gave him, which is described as impenetrable mail made of mithril rings. The spear should not have penetrated the armor, yet Frodo is bruised and in pain, saying he feels 'as if I had been caught between a hammer and anvil.' While this could be explained by blunt force trauma through the armor, the narrative treats the survival as miraculous and unexpected, without anyone mentioning the mithril shirt's protection. More significantly, Frodo himself seems unaware of why he survived, and Gandalf says 'I have never been more delighted in my life than when you spoke' (implying he expected Frodo to be dead). The mithril shirt's existence and protective qualities appear to be forgotten by all characters in this moment, only to become crucially important again later in the story.","[coherence] The text describes the Balrog as having 'a sense of serenity and gentle joy' emanating from it, which directly contradicts the established nature of Balrogs as demons of terror and shadow. This appears to be a corrupted or mistaken description, as the Balrog is immediately afterward described with fire, shadow, and menace, and all characters react with terror. The 'serenity and gentle joy' is completely inconsistent with both the Balrog's nature and the narrative context."
018.txt,"[cross_chapter] Aragorn says 'The Moon is almost spent, and it will be dark tonight,' but later that same night Frodo sees 'The sickle Moon was gleaming dimly among the leaves.' A moon that is 'almost spent' (near new moon, barely visible) would not be visible as a 'sickle Moon' gleaming among leaves. Additionally, if the moon was almost spent, it would be a waning crescent barely visible before dawn, not something seen at night after they've already traveled for hours. The chapter also states 'the fast-waning moon would not be seen till late' earlier, which contradicts Frodo later seeing the sickle moon.","[cross_chapter] Aragorn says 'Farewell, Gandalf!' and 'What hope have we without you?' at the beginning of this chapter, but Gandalf fell with the Balrog at the Bridge of Khazad-dûm in the previous chapter. This farewell appears to be spoken as if Gandalf were present or could hear him, but Gandalf is already gone. While this could be interpreted as a rhetorical farewell to the sky/mountains, the direct address 'Farewell, Gandalf!' and the use of 'you' in 'What hope have we without you?' suggests Aragorn believes Gandalf might hear him, which is inconsistent with Gandalf's confirmed fall into the abyss."
018.txt,,"[coherence] Frodo sees two pale eyes climbing the tree and then a shadowy figure slips around the trunk and vanishes. Haldir immediately arrives and says 'It was not an orc. It fled as soon as I touched the tree-stem. It seemed to be wary, and to have some skill in trees, or I might have thought that it was one of you hobbits.' However, Frodo just saw the creature's eyes and it vanished before Haldir arrived—there is no indication Haldir 'touched the tree-stem' while the creature was there, nor that the creature fled specifically because Haldir touched it. Haldir's explanation doesn't match what Frodo observed; the creature had already vanished before Haldir appeared."
019.txt,"[cross_chapter] Celeborn says 'Here there are eight' and 'Nine were to set out,' but the Company actually consists of eight members at this point (Frodo, Sam, Merry, Pippin, Aragorn, Legolas, Gimli, Boromir) since Gandalf fell in Moria. However, Celeborn's statement implies he expected nine including Gandalf, which is correct, but he says 'maybe there has been some change of counsel' rather than immediately understanding Gandalf is missing. More significantly, Galadriel later says 'Gandalf the Grey set out with the Company, but he did not pass the borders of this land,' showing she already knew he was missing, making Celeborn's surprise and question to Haldir somewhat inconsistent with what the Lady of Lórien clearly perceives. The deeper inconsistency is that Galadriel says 'I cannot see him from afar' and 'a grey mist is about him,' yet she also says 'I much desired to speak with him again' as if she didn't know his fate, while simultaneously Celeborn blames the Dwarves for stirring up evil 'if I had known that the Dwarves had stirred up this evil in Moria again, I would have forbidden you to pass'—but the Company entered Moria because the Redhorn Pass was blocked, not by choice, and Celeborn's knowledge seems incomplete compared to Galadriel's.",
019.txt,"[coherence] Sam sees Ted Sandyman cutting down trees and the Old Mill replaced by a red-brick building with a tall chimney in the Mirror. However, the Mirror shows 'things that were, and things that are, and things that yet may be.' Sam immediately assumes this is happening now ('They've dug up Bagshot Row') and wants to rush home, but Galadriel cautions that 'not all have yet come to pass.' The narrative later confirms in 'The Scouring of the Shire' that Saruman is indeed behind this industrialization, but at this point in the story, there is no causal mechanism explained for how Saruman could be operating in the Shire while he is still believed to be in Orthanc (the Ents have not yet attacked Isengard). This creates a coherence issue: the vision shows events that logically could not be happening yet given the timeline of Saruman's movements, unless the Mirror shows purely possible futures unconnected to actual causality. However, the Mirror's other visions (Bilbo restless, the Sea, the ships, Minas Tirith, the Eye) mix past, present, and future in ways that do come to pass, suggesting the Shire vision is genuinely predictive rather than merely possible. The error is that Sam's vision of industrialization with Ted Sandyman's involvement implies Saruman's corruption of the Shire is already underway, which requires Saruman to have agents acting there before his own downfall at Isengard—a temporal impossibility given the narrative timeline unless the Mirror shows highly conditional futures.",
020.txt,"[cross_chapter] Celeborn states that the bridges of Osgiliath are broken down and all landings held by the Enemy, but later in the chapter he advises Boromir and any going to Minas Tirith to 'leave the Great River above Rauros and cross the Entwash before it finds the marshes.' However, in 'The Two Towers' it is revealed that Boromir's horn was heard at Minas Tirith, implying he at least attempted to reach there, and more importantly, Faramir later holds the western shore of Osgiliath and the Causeway Forts, suggesting not all crossings were impossible. More critically, Celeborn's statement about Osgiliath being held by the Enemy contradicts the later-established fact that Gondor still holds some positions west of Osgiliath, and that Boromir himself came from Minas Tirith through the normal route. The most direct inconsistency is that if Osgiliath bridges are broken and landings held by the Enemy, Boromir could not have come from Minas Tirith by the route he describes in Chapter 15 (through the Gap, Isen, Greyflood), yet he also says at the Council he came because of the dream and his journey was urgent—if the eastern route was completely blocked, his western detour makes sense, but Celeborn's categorical statement seems overstated given later events.","[cross_chapter] Gimli praises Beornings as 'the best bakers that I know of' and says they are 'none too willing to deal out their cakes to travellers in these days.' However, in Chapter 7, the hobbits stayed with Farmer Maggot and received hospitality, and there has been no previous mention of Beornings being bakers or being reluctant to share food. More significantly, the Beornings as a distinct people with their famous honey-cakes have not been introduced in any previous chapter summary, making Gimli's specific knowledge of them and their baking habits appear unmotivated. While this is not strictly a contradiction, it is notable that Gimli speaks of them familiarly when no member of the Company has encountered them on the journey thus far."
020.txt,"[coherence] Galadriel gives Aragorn the Elfstone (Elessar) and says 'it was left in my care to be given to you, should you pass through this land,' implying this was prearranged. However, she also says 'I do not foretell, for all foretelling is now vain,' which creates tension with the idea that this gift was prepared specifically for Aragorn's arrival. The deeper inconsistency is that Aragorn responds 'Lady, you know all my desire, and long held in keeping the only treasure that I seek. Yet it is not yours to give me, even if you would,' referring to Arwen. But Galadriel is Arwen's grandmother and could in fact give her blessing for their union. More significantly, in the larger legendarium (though not necessarily in this chapter alone), the Elfstone was originally given by Galadriel to Celebrían, who gave it to Arwen, suggesting it should have come to Aragorn through Arwen rather than directly from Galadriel. Within this chapter alone, however, the more immediate coherence issue is that Aragorn says Galadriel cannot give him what he desires most, when she demonstrably can give him the stone that symbolizes his destiny and is connected to Arwen.","[coherence] Celeborn states that the boats 'will not sink, lade them as you will,' yet later Gimli complains that his boat 'is too low in the water with all this baggage.' While Gimli's concern may be hyperbolic or reflect his inexperience with these special boats, the juxtaposition of 'will not sink' with 'too low in the water' creates a minor tension in the narrative regarding the boats' actual buoyancy limits. The Elves' warning about boats being 'wayward if mishandled' also doesn't directly address weight capacity concerns."
021.txt,"[cross_chapter] Aragorn states that Gollum followed them 'all through Moria and right down to Nimrodel,' but in Chapter 19, the Company reached Lothlórien at nightfall and were immediately met by Haldir's Elves. There is no indication in the previous chapter that Gollum was spotted following them during this time, nor that Aragorn was aware of his presence so early. Frodo only mentions seeing eyes 'away back north before we reached Lórien' and on the flet, but Aragorn's claim of tracking Gollum through Moria and to Nimrodel contradicts the lack of any mention or concern about being followed during the Moria escape and immediate entry into Lórien. Additionally, if Aragorn knew Gollum was following since Moria, it is inconsistent that he never warned the Company or mentioned this during the dangerous passage through Moria or the blindfolded entry into Lórien.","[coherence] Sam claims he saw Gollum's eyes 'away back north before we reached Lórien' and on the flet, but in the previous chapter (Chapter 19), it was Frodo who saw eyes on the flet, not Sam. Sam was not present on the flet—only Frodo, Aragorn, Boromir, Legolas, and Gimli went up to the flet while Sam remained below. Sam also did not report seeing eyes before Lórien; Frodo kept his own counsel about his experiences. Sam is now claiming firsthand knowledge of events he did not witness."
022.txt,"[coherence] Boromir tells Aragorn 'Yes, and no' when asked if he has seen Frodo, and claims Frodo 'vanished' and he 'could not find him again.' However, Boromir was present when Frodo put on the Ring and vanished right in front of him—he witnessed this directly. His statement 'I have never seen such a thing happen before, though I have heard of it in tales' is technically true, but his claim that he 'could not find him again' and that he 'thought he would return to you' is misleading to the point of deception. More critically, Boromir does not reveal that he attacked Frodo and tried to take the Ring, which directly led to Frodo fleeing. While this is a lie of omission rather than a direct contradiction, the narrative later establishes that Boromir is truthful by nature ('Boromir isn't lying, that's not his way'), yet his account here is deliberately incomplete in a way that misleads the Company about the severity of what occurred. However, re-examining: Sam's assessment that 'Boromir isn't lying' is actually proven wrong by events—Boromir is concealing his assault on Frodo. This is not strictly a narrative inconsistency but rather Sam misreading Boromir's character under stress. No actual narrative error exists in the text itself.",
023.txt,"[coherence] Aragorn states he 'sent [Boromir] to follow Merry and Pippin,' but there is no prior indication in this or previous chapters that Aragorn explicitly sent Boromir anywhere. Earlier in the chapter, Aragorn was separately tracking Frodo's footprints on Amon Hen while Boromir apparently remained with the other hobbits. The narrative suggests Boromir acted on his own initiative to pursue the hobbits after trying to take the Ring from Frodo, not that Aragorn dispatched him. This appears to be Aragorn misremembering or mischaracterizing events, or a narrative inconsistency in how Boromir came to be defending the hobbits alone.","[coherence] Aragorn states he sent Boromir to follow Merry and Pippin, but there is no previous indication of this arrangement. Earlier in the chapter, Aragorn was separately tracking Frodo's footprints on the hill while Boromir was apparently with the hobbits. The statement contradicts the narrative flow where Aragorn went up the hill alone and Boromir was left with the hobbits without any explicit command from Aragorn to follow Merry and Pippin specifically."
024.txt,"[temporal] Aragorn states 'It is now the fourth day since he was slain' regarding Boromir's death, but earlier in the chapter Aragorn says 'One day now had passed since Boromir fell' and later 'Three suns already have risen on our chase.' This creates confusion: if three suns have risen on their chase (meaning three days of pursuit), and they began the chase the evening Boromir fell, then it should be the third day since Boromir fell, not the fourth. The timeline is inconsistent.",
024.txt,"[coherence] Legolas states he can see 105 riders and count their number precisely, including noticing three empty saddles, from a distance of five leagues (approximately 15 miles). This is presented as remarkable but plausible for Elven sight. However, later Éomer is astonished that the Three Hunters covered 'Forty leagues and five' in less than four days on foot, calling it 'Wingfoot.' Yet Legolas's vision of counting individual riders and empty saddles from five leagues is treated as merely 'Keen are the eyes of the Elves' without similar astonishment. The narrative inconsistently treats extreme Elven capabilities.",
024.txt,"[cross_chapter] Aragorn tells Éomer that Gandalf 'fell into darkness in the Mines of Moria and comes not again.' However, in Chapter 15 (Council of Elrond), Gandalf was present and fully explained his return. Aragorn was present at that Council and knew Gandalf had returned. This is a direct contradiction with established facts from a previous chapter. Aragorn should know Gandalf is alive, yet he speaks of him as permanently lost.",
025.txt,"[cross_chapter] In Chapter 23, Boromir died after attempting to take the Ring from Frodo, and his horn was heard by Aragorn. However, in this chapter, Pippin's memory includes Boromir blowing his horn 'till the woods rang' during the Orc attack on Merry and Pippin. This creates a contradiction: if Boromir was with Merry and Pippin when they were captured, he could not simultaneously be at Parth Galen dying after his confrontation with Frodo. The timeline and location don't align—Boromir's death at Parth Galen and his presence at the capture of the hobbits are presented as separate events in different locations, yet this chapter implies Boromir was defending Merry and Pippin when captured, which contradicts Chapter 23-24 where Aragorn finds Boromir dying far from where the hobbits were taken.","[cross_chapter] In Chapter 21, the Fellowship received lembas from Galadriel in Lothlórien. However, Pippin and Merry still have lembas after being captured by Orcs and searched. The Orcs were explicitly ordered not to search or plunder the prisoners ('The prisoners are NOT to be searched or plundered'), which explains why the lembas wasn't taken, but it's notable that Pippin still has his brooch (used to leave a trail) and both hobbits still have their lembas despite being captured and bound. More significantly, Pippin states 'I've got some' lembas and Merry confirms 'I had a packet in my pocket,' suggesting the Orcs completely failed to find food items during capture, which stretches plausibility given how thoroughly Grishnákh later gropes them searching for the Ring."
025.txt,"[coherence] Pippin manages to cut his wrist bonds with the dead Orc's knife, then reties them loosely as a deception. However, when the Orcs later pick up the prisoners, one 'put its head between his tied hands, grabbed his arms and dragged them down.' This description implies Pippin's hands are still bound together in front, which is consistent. But later, when Pippin is running with the Orcs, he is able to 'swerve aside' and dive into mist, and eventually 'groped with his two tied hands at his throat, and unclasped the brooch of his cloak.' The narrative never clearly establishes when or if his hands were retied properly after the initial deception. More importantly, after Grishnákh captures him, Pippin is described as having 'two tied hands' when unclasping the brooch, but then later tells Merry 'I've managed to free my hands. These loops are only left for show.' The timing of when his hands were actually freed versus when they were merely pretending to be bound is unclear and inconsistent—he seems to have functional use of his hands at some points while supposedly bound, yet the narrative treats this as a secret until the revelation to Merry.","[coherence] Pippin uses the black knife from the dead Orc to cut his wrist-cords, then quickly re-knots them into a loose bracelet to disguise his freedom. However, when the Orc later seizes him 'like a sack' and puts 'its head between his tied hands, grabbed his arms and dragged them down,' Pippin's disguise holds despite the cords being merely looped loosely. More problematically, after this rough handling and being carried jolting for miles, Pippin is still able to easily slip the cords off his wrists later when talking to Merry, with no mention of the cords having been retightened or the disguise failing during all the physical handling."
026.txt,"[cross_chapter] Treebeard states that the Entwives crossed the Great River and their gardens became the Brown Lands after the Darkness came in the North. However, in Chapter 21, the Company passes through the Brown Lands on the Anduin, and it is implied to be a recent desolation from Sauron's wars. Treebeard's account says the Entwives' land was destroyed 'in the time of the war between Sauron and the Men of the Sea' (which would be the Last Alliance, Second Age), yet he also says 'the Enemy today seems likely to wither all the woods' suggesting the Brown Lands are a current/recent phenomenon. The timeline of when the Brown Lands became desolate is somewhat muddled between ancient history and present threat.","[coherence] Treebeard says he has not seen Saruman's face 'for many a day,' but later describes Saruman's face as having 'become like windows in a stone wall: windows with shutters inside.' If he hasn't seen Saruman for many days, he cannot describe how Saruman's face changed over time to become like this. The description implies recent or repeated observation of a gradual change, which contradicts the claim of not having seen him for a long time."
026.txt,"[coherence] Treebeard says 'I am not going to tell you my name, not yet at any rate' and gives elaborate reasons why his name is long and takes time to tell, yet he has already told them multiple names: 'Fangorn is my name according to some, Treebeard others make it. Treebeard will do.' This creates a logical tension—he both has and hasn't told them his name. The distinction seems to be between his 'true' Entish name (which is growing and story-like) and his common names, but this is not clearly resolved and reads as contradictory in the moment.","[cross_chapter] Treebeard states that 'Wizards ought to know better: they do know better,' implying Wizards have some inherent knowledge or moral standing. However, in previous chapters, Gandalf was explicitly deceived and imprisoned by Saruman, another Wizard, and the Istari were established as fallible beings who could stray from their purpose. Treebeard's statement seems to grant Wizards a status that contradicts their established fallibility in the narrative, though this is more of a philosophical inconsistency than a factual contradiction."
026.txt,,"[coherence] Treebeard claims that Trolls 'are mighty strong' but 'only counterfeits, made by the Enemy in the Great Darkness, in mockery of Ents.' However, in Chapter 2 of The Hobbit and established lore, Trolls were created by Morgoth in the First Age, not Sauron (the Enemy in the Third Age). While 'the Enemy' could theoretically refer to Morgoth, in the context of the War of the Ring and Treebeard's contemporary concerns, this is ambiguous and potentially misleading. More significantly, Treebeard's claim that Trolls were made 'in mockery of Ents' is presented as fact here, but this is a simplification—the relationship between Trolls and Ents as mockery vs. original is more complex in the broader mythology, though within this chapter's immediate context it serves as Entish folklore."
027.txt,,"[cross_chapter] Gandalf says he 'did not know of their captivity, until the eagle told me,' but Gwaihir rescued him from Orthanc and Gandalf sent him to watch the River. However, in Chapter 22 (previous summaries), Legolas mentions seeing 'an eagle high and far off...three days ago, above the Emyn Muil,' and Gandalf confirms 'that was Gwaihir the Windlord, who rescued me from Orthanc. I sent him before me to watch the River and gather tidings.' Yet Gandalf also states he 'sat in a high place, and I strove with the Dark Tower; and the Shadow passed' before being weary and walking in dark thought. The timeline of when Gandalf learned of the hobbits' captivity versus when he strove with the Dark Tower and when he sent Gwaihir is unclear and potentially contradictory—he seems to have sent Gwaihir to watch the River before knowing of the captivity, yet only learned of it from the eagle."
027.txt,,"[coherence] Gandalf states that Saruman 'does not know of the quarrel between his servants and the Orcs of Mordor; nor does he know of the Winged Messenger.' However, immediately after, Gandalf describes how the 'Winged Messenger' (the Nazgûl on winged steed) is a new development that Saruman doesn't know about. But Legolas then reveals he shot at this Winged Messenger above Sarn Gebir, which was during the Fellowship's journey down the Anduin. This creates a logical tension: if the Winged Messenger was already active and known to the Fellowship (Legolas shot at it), and Saruman's Orcs and Mordor Orcs had already quarreled and been destroyed by Rohirrim, then Saruman could potentially know about these things through his own spies or by the time of this conversation. More importantly, Gandalf says Saruman doesn't know of the Winged Messenger, but then immediately reveals the Nazgûl now ride winged steeds—yet this was already demonstrated at Sarn Gebir, which Saruman could have learned of. The statement that Saruman 'does not know of the Winged Messenger' while the Messenger has already been active and shot at seems like a knowledge claim that may not hold."
028.txt,"[coherence] Gandalf is described as leaning on his staff throughout the journey, but when they arrive at Edoras, Háma demands he leave his staff at the door. Gandalf protests vehemently that he needs it as support due to his age, and Háma relents. However, immediately upon entering the hall, Gandalf casts aside his tattered cloak and stands up straight, no longer leaning on his staff, revealing his staff was not needed for physical support after all. This makes his earlier protest about needing it as a prop for age appear deliberately deceptive rather than genuinely needed, which while characteristically manipulative of Gandalf, creates a minor coherence issue with his stated physical need.",
028.txt,"[cross_chapter] Aragorn states that Andúril 'was made again' and calls it 'the Blade that was Broken and has been made again,' referring to Narsil being reforged. However, in previous chapters (specifically Chapter 15, the Council of Elrond), Aragorn presented only the broken sword Narsil, and there is no mention in any previous summary of the sword being reforged into Andúril yet. The reforging typically happens later in Rivendell before the Company departs, but the previous chapter summaries do not mention this, and Chapter 16's summary mentions Bilbo giving Frodo Sting and mithril shirt but does not mention Andúril being reforged. This appears to be a cross-chapter inconsistency where Andúril is referenced before its reforging has been established in the narrative flow provided.",
028.txt,"[coherence] Théoden names Éomer as his heir in front of the gathered lords, stating 'I name Éomer my sister-son to be my heir.' However, immediately after, when asking who should rule in his place while he is gone, Háma suggests Éowyn, and Théoden agrees saying 'It shall be so.' This creates a logical tension: Éomer has just been named heir to the throne, but then Éowyn is named to rule in Théoden's absence. While Éomer is going to war and Éowyn is staying behind, the narrative does not clarify whether Éowyn is being named as temporary regent or as alternative heir, creating potential confusion about succession.",
028.txt,"[temporal] The guards at Edoras gate state that 'It is but two nights ago that Wormtongue came to us and said that by the will of Théoden no stranger should pass these gates.' However, Éomer had apparently already returned and given warning of the strangers' coming, as Aragorn asks 'Has not Éomer then returned and given warning of our coming?' The guard's troubled response suggests Éomer's return is problematic or hidden. Given that Éomer was imprisoned by Wormtongue's counsel (as later revealed), and only freed when Théoden casts off Wormtongue's influence during this very chapter, it seems temporally inconsistent that Éomer could have returned to give warning before being imprisoned, yet Wormtongue's order about strangers was given only two nights ago. The timeline of Éomer's imprisonment, his alleged warning, and Wormtongue's order to the guards does not fully align.",
029.txt,"[coherence] Legolas reports seeing shapes moving in darkness near Isengard, describing 'a veiling shadow that some power lays upon the land, and it marches slowly down stream.' However, when Gandalf asks what he sees, Legolas first says 'Many miles lie between' and 'I can see a darkness. There are shapes moving in it, great shapes far away upon the bank of the river.' The description of the shadow 'marching slowly down stream' from the Wizard's Vale contradicts the later established fact that Saruman's forces are moving southward toward Helm's Deep, not downstream. The Isen flows west to the sea, so 'down stream' would be westward, but the forces are moving south toward Helm's Deep. Additionally, the 'veiling shadow' is described as moving, but this seems to be an observation of the actual army's movement rather than a magical concealment, creating confusion about whether Legolas sees through or is defeated by the shadow.","[coherence] The text contains a typo where 'sec' appears instead of 'see' in Gandalf's dialogue to Legolas. While this is a minor textual error, it represents a coherence issue in the published text."
029.txt,"[coherence] Gimli's kill count becomes inconsistent. After the sortie to defend the gates, Gimli reports 'Two!' and later 'Twenty-one!' after fighting in the Deep. However, Legolas says 'my count is now two dozen' (24), and after the culvert battle Gimli declares 'Twenty-one!' again, saying 'Now my count passes Master Legolas again.' But Legolas had just said 24, so 21 does not pass 24. This appears to be a mathematical error in the text—Gimli seems to have forgotten Legolas's higher count, or the author intended different numbers that don't properly contrast.",
029.txt,"[coherence] The chapter describes the Orcs using 'the fire of Orthanc' to blast open the Deeping Wall through the culvert. However, earlier Gimli and the Westfold-men had blocked the inner end of the culvert with stones, leaving 'only a narrow outlet,' and the Deeping-stream 'spread slowly in cold pools from cliff to cliff.' The text states 'The waters of the Deeping-stream poured out hissing and foaming: they were choked no longer, a gaping hole was blasted in the wall.' But if the inner end was blocked with only a narrow outlet remaining, how did Orcs get through to place explosives? And if water was pooling and spreading, how could it suddenly 'pour out' when blasted? The physical setup of the blocked culvert doesn't logically allow for Orcs to crawl through, place explosives, and then have water pour out in a way that matches the described damage.",
030.txt,"[coherence] Gimli claims his cap turned the blow that bloodied his head, yet he has 'no helm' and wears 'a linen band stained with blood' about his head. A cap that can be worn under a helm is not typically called a helm itself, but the description creates confusion—he has no helm yet claims a 'cap' saved him, with no prior mention of wearing any head covering other than the bandage.","[cross_chapter] Gimli claims to have seen the Glittering Caves of Aglarond and describes them in elaborate detail, but this is his first visit to Helm's Deep. In previous chapters, the Fellowship came nowhere near Helm's Deep—their path took them from Moria to Lothlórien, then down the Anduin, and the Three Hunters pursued the Orcs across Rohan. Gimli had never been to Helm's Deep before this chapter, yet he speaks of the caves as if he has long known their beauty and even compares them to Kheled-zâram (Mirrormere) which he saw only briefly during the Fellowship's passage. The elaborate description and emotional attachment he expresses are inconsistent with a first viewing during a brief battle refuge."
030.txt,"[cross_chapter] Gandalf states he will return to Isengard, implying he was recently there, but the previous chapter summary (Chapter 30) shows he was at Helm's Deep and then rode away on an 'urgent errand'—to gather Erkenbrand's forces. There is no indication in prior summaries that Gandalf had been to Isengard since his transformation to Gandalf the White; his knowledge of Isengard's state seems to come from unexplained sources, and his statement 'I was there at nightfall yesterday' contradicts the timeline where he was gathering forces and fighting at Helm's Deep.","[coherence] Gandalf claims he was at Isengard 'at nightfall yesterday' and that 'much may have happened since,' yet the Ents' destruction of Isengard clearly happened before this—Merry and Pippin are already established as 'doorwardens' with food and pipe-weed, and Treebeard has 'taken over the management of Isengard.' The timeline is confused: if Gandalf was at Isengard yesterday evening, he would have witnessed the Ents' attack or its immediate aftermath, yet he speaks as if uncertain what they will find. Moreover, Merry and Pippin could not have settled into their role as doorwardens with provisions in mere hours since nightfall."
030.txt,"[temporal] Gandalf claims to have accomplished extensive work at the Fords of Isen 'in an evening and a night'—gathering the dead, sending men with Grimbold, setting others to burial, sending Elfhelm to Edoras—yet this same period was when he was supposedly gathering Erkenbrand's forces and riding to Helm's Deep to arrive at dawn. The timeline is compressed impossibly; the battle of Helm's Deep lasted through the night, and Gandalf's arrival with Erkenbrand was at dawn, leaving no time for all these separate errands.",
030.txt,"[coherence] Merry states that Treebeard 'has taken over the management of Isengard' and commanded him to welcome the Lord of Rohan, yet Merry also says Saruman 'is within' and 'at the moment he is closeted with one Wormtongue.' If the Ents have taken over Isengard and Saruman is a prisoner, the description of him being 'closeted' with Wormtongue suggests voluntary activity rather than captivity, creating confusion about Saruman's actual status that is only resolved later by Gandalf's reaction.",
031.txt,"[cross_chapter] Gimli states he lost his pipe in Moria 'or before,' but in Chapter 21 when departing Lothlórien, Galadriel gave the Fellowship pipes and tobacco as part of her gifts. Gimli should still have had the pipe Galadriel gave him, making his claim of having no pipe inconsistent with previous events.","[temporal] Merry states that five months ago corresponds to five nights ago, which is mathematically impossible. If five months have passed, it cannot be only five nights ago. This appears to be a conflation of different timeframes or a character error that creates confusion."
031.txt,,"[coherence] Pippin mentions that Treebeard told them all about Moria, implying this conversation happened when they first met. However, in the previous chapter (Chapter 27), Merry and Pippin told their tale to Treebeard, not the other way around. Treebeard already knew about Gandalf's fall in Moria from the hobbits' account, which explains why he wasn't surprised to see Gandalf alive—but Pippin's statement reverses the information flow."
032.txt,"[cross_chapter] Gandalf says 'I have been in Orthanc and I know my peril,' but this contradicts previous chapters where Gandalf was imprisoned on the pinnacle of Orthanc by Saruman, not inside the tower itself. In Chapter 15 (Council of Elrond), Gandalf described being 'set on the pinnacle of Orthanc' and escaping via Gwaihir. He never entered Orthanc proper.","[cross_chapter] Gandalf says he has been in Orthanc before and knows his peril, but there is no previous mention in the provided summaries of Gandalf ever entering Orthanc. Earlier, Gandalf was imprisoned by Saruman at Isengard (Chapter 15 summary: 'Gandalf recounts his imprisonment by Saruman'), but being imprisoned by Saruman is different from having been inside Orthanc tower itself. The previous chapter summaries suggest Gandalf was held prisoner, not that he visited Orthanc's interior."
032.txt,"[coherence] Gandalf states that Saruman 'has the Key of Orthanc' after explicitly demanding that Saruman surrender 'the Key of Orthanc, and your staff' as conditions for his freedom. This is contradictory—either Saruman still has the key (and didn't surrender it) or Gandalf is speaking loosely about Saruman's continued possession of Orthanc itself, but the phrasing suggests physical possession of the key which was supposedly demanded.","[coherence] Gandalf states that Saruman has the Key of Orthanc and must not be allowed to escape, yet immediately after Saruman's staff is broken and he is cast from the order, Gandalf does not take the Key from him. Treebeard then says Saruman shall not set foot beyond the rock without his leave, but Gandalf had just offered Saruman freedom to leave if he surrendered the Key and staff. This creates confusion: Gandalf first offers freedom with conditions, then warns he must not escape, then breaks his staff but leaves him with the Key, and Treebeard then says he won't let him leave. The status of Saruman's freedom and who has the Key becomes muddled."
033.txt,"[coherence] Pippin replaces the palantír with a stone wrapped in cloth, but when Gandalf mutters in his sleep and clasps the wrapped stone, he seems unaware it's a fake. Yet Gandalf later immediately knows Pippin took the real palantír and looked into it, calling him 'this thief.' If Gandalf was truly asleep and deceived by the stone swap, he shouldn't instantly know Pippin took the real one. If he was feigning sleep, he would have stopped Pippin earlier or retrieved the real palantír before Pippin could look into it.","[coherence] Gandalf says 'So you heard that?' referring to Saruman calling Merry 'small rag-tag,' but Merry was riding with Gandalf at the time and could not have overheard Saruman's private words to Gandalf. This is impossible unless Saruman said it in their presence, but the context suggests a private exchange."
033.txt,"[cross_chapter] Gandalf tells Pippin 'All Wizards should have a hobbit or two in their care - to teach them the meaning of the word, and to correct them.' This implies Wizards need teaching, yet in previous chapters and established lore, Gandalf is explicitly described as having great affection for hobbits and learning from them, but the phrasing 'teach them the meaning of the word' (presumably 'mercy' or 'patience') contradicts Gandalf's established character as the wisest of the Istari who already exemplifies these qualities. More significantly, Gandalf later admits he was weary and fell asleep pondering the Stone, which allowed Pippin to take it—yet he claims to have 'given thought even to these simple matters' about their travel plans, showing no indication of the extreme weariness that would cause him to fall asleep guarding a dangerous artifact.","[cross_chapter] Gandalf says 'I do not ride elf-fashion, except on Shadowfax,' implying he normally uses a saddle and bridle on other horses. However, earlier in the story and in this very chapter, Shadowfax is specifically noted as having no harness, and there's no indication Gandalf uses saddles elsewhere. More importantly, this contradicts the established characterization of Shadowfax as uniquely willing to bear Gandalf without harness—the 'elf-fashion' comment suggests other horses require tack, but Shadowfax's special nature is that he alone accepts Gandalf bareback."
035.txt,[coherence] Typographical error: 'hir master' should be 'his master',[coherence] Sam refers to Gollum as 'hir master' instead of 'his master' - this appears to be a typographical error that creates a coherence issue in the narrative text.
035.txt,[coherence] Typographical error: 'hut' should be 'but',[coherence] The text contains 'hut' instead of 'but' - a typographical error that disrupts narrative coherence.
035.txt,[coherence] Typographical error: 'to bc on guard' should be 'to be on guard',[coherence] The text contains 'bc' instead of 'be' - a typographical error that disrupts narrative coherence.
036.txt,,"[coherence] Gollum claims the road going south from the crossing goes 'a hundred leagues, until you can see the Great Water that is never still' with fishes and birds. However, the Great Water (Belegaer/Sea) is far to the west, not south from Minas Ithil. The road south from Minas Ithil leads toward the Harad lands and eventually the Sea of Núrnen or lands beyond, not to the Western Sea. This appears to be a directional/geographical confusion in Gollum's description."
037.txt,"[coherence] Sam lights a fire to cook the rabbits, and Gollum warns that fire will bring enemies. Sam then explicitly states 'I'll see the fire don't smoke, if that's any comfort to you.' However, later Sam is shocked to discover smoke from his fire visible in sunlight, saying 'Never thought it would show like that!' This contradicts his earlier awareness and assurance about controlling the smoke. The fire had been burning for close to an hour while the rabbits stewed, yet Sam only notices the smoke problem when returning from rinsing gear, despite having been actively tending the fire earlier.",
038.txt,"[cross_chapter] Faramir says 'I first saw him [Gandalf/Mithrandir] when I was a child, and he has been twice or thrice since then.' However, in Chapter 15 (Council of Elrond), Boromir states that Faramir had the same dream repeatedly: 'I have heard the horn of the son of Denethor, but if he is not a changed man, he has passed to the House of the Dead.' This suggests Faramir and Boromir shared the dream that led Boromir to Rivendell. Yet Faramir here claims to have seen Gandalf only 'twice or thrice' since childhood, which seems inconsistent with the urgency of their shared dream and Boromir's journey. More significantly, in Chapter 15, Gandalf is present at the Council and interacts with Boromir, but there is no indication Faramir was present or had recently seen Gandalf. The dream that drove Boromir to Rivendell would presumably have been recent, yet Faramir's limited encounters with Gandalf suggest he would not have been able to consult with him about the dream's meaning before Boromir left, despite Faramir's statement here that 'Mithrandir never spoke to us of what was to be, nor did he reveal his purposes.' The phrasing 'us' suggests both brothers interacted with Gandalf together, which contradicts the limited meetings Faramir describes.","[cross_chapter] Faramir says Boromir 'was the older and the hardier' when referring to why Boromir went on the errand to Rivendell instead of Faramir. However, in the books, Faramir is actually the younger brother, not older. Boromir was five years older than Faramir (born TA 2978 vs. TA 2983). The text says 'he put himself forward, as being the older and the hardier (both true)' - this is correct that Boromir was older, but the phrasing 'he put himself forward, as being the older' implies Boromir claimed to be older, which is factually true but misleading in context since Faramir was younger. However, re-reading: this is actually correct - Boromir WAS older. The error is more subtle: earlier Faramir says 'I should have been chosen by my father and the elders but he put himself forward, as being the older and the hardier (both true)' - this is accurate. Let me re-check... Actually upon closer reading, this is not an error. The text correctly states Boromir was older."
039.txt,,"[cross_chapter] Faramir says 'I do not think that Mithrandir would have chosen this way,' but in Chapter 37, Frodo explicitly states that Gandalf DID intend to take them through Cirith Ungol: 'He said: Gollum, you have been to Mordor. How did you come there? ... He said: There is a path near to Minas Ithil. He said that it was secret, and known to few, and that he had found it by chance.' Frodo also says in Chapter 37: 'He told me to come this way.' This directly contradicts Faramir's assumption that Gandalf would not have chosen Cirith Ungol."
040.txt,"[cross_chapter] Faramir says 'May no hunger trouble you on the road' and provides food, but earlier in Chapter 38, Sam cooked rabbit stew over a fire against Gollum's warnings, which drew Faramir's attention and led to their capture. Faramir's comment about 'no hunger' seems to ignore that their hunger (and Sam's cooking) is precisely what caused them to be discovered by his rangers in the first place. This creates a minor ironic contradiction where Faramir's blessing against hunger ignores the role hunger played in their recent capture.","[cross_chapter] Frodo says Elrond told him he would find 'friendship upon the way, secret and unlooked for,' but this is a misattribution. In Chapter 2 of Book I, it was actually Gandalf who spoke these words to Frodo before departing the Shire: 'I hope you will find some of the things that you desire. But I doubt if you will find any of the things that you need. You will have to do without many of the things that you are used to, and you will find many things that are strange to you. But you will find also some friends, and I think that you will find them when you least expect them.' The specific phrasing 'secret and unlooked for' does not appear to be Elrond's words."
040.txt,,"[coherence] Sam dreams of looking for his pipe in the Bag End garden and wakes thinking 'It's in your pack all the time!' However, in Chapter 5 of Book II ('The Ring Goes South'), at the Council of Elrond, Sam had explicitly packed his pipe but discovered he had no pipe-weed: 'He had not much hope that anything of Durin's Day would be found still in flower in the bleak December weather; but he did not at all like the idea of leaving the Shire without one last look. He had just made up his mind that it was his duty, that he must ask leave—at least to try and find one; when to his surprise he found that he could not say a word. He blushed, and scuffled his feet. 'It is most extraordinary,' he thought, 'but I don't feel I can say anything to him. And why not? He's only Mr. Bilbo's heir, not Gandalf. Though I must say I feel easier in my mind now that he's given up the Ring. But I wish I could get the hang of it.' He had by this time quite made up his mind that it was no good trying to say anything, when to his astonishment he found that he had said it. 'Begging your pardon, sir,' he said, 'but I have a job to do in the garden before dark, and if you will excuse me, I think I must go and do it.' Frodo looked at him in amazement. 'Very well, Sam,' he said. 'Do it now, and get back as soon as you can. I shall be going soon.' Sam went off at a run. But to his dismay, when he got to the garden, he found that he had no pipe-weed. He looked in all his pockets, and then in his pack, but it was not there. He had left it behind.' More critically, in Chapter 7 of Book I ('The House of Tom Bombadil'), Tom specifically warns the hobbits about their pipes: 'You won't need your hats, nor your boots, nor your cloaks, nor any dry clothes, nor yet any pipe, Tom will look after all that.' Yet here Sam dreams of his pipe being in his pack, and earlier in this same chapter, Sam had already noted they had no pipe-weed: 'Then he remembered what he was looking for. ""My pipe!"" he said, and with that he woke up. ""Silly!"" he said to himself, as he opened his eyes and wondered why he was lying down under the hedge. ""It's in your pack all the time!"" Then he realized, first that the pipe might be in his pack but he had no leaf.' This creates a minor inconsistency about whether Sam even has a pipe at all after Tom's care, though the text clarifies he has no leaf. The dream logic is excusable, but Sam's waking thought that the pipe is in his pack contradicts Tom's explicit statement that they wouldn't need pipes."
041.txt,"[coherence] The text states that Frodo 'turned his back on the West and followed as his guide led him, out into the darkness of the East,' but later describes them looking at 'the city of the Ringwraiths' which is Minas Morgul, and then 'the wraith-road from the dead city to the Nameless Pass' with 'Cirith Ungol' mentioned. However, the narrative describes them climbing toward a pass in the Ephel Dúath mountains, which is geographically north/northwest of Minas Morgul, not east. The directional description of heading 'into the darkness of the East' is inconsistent with their actual path toward Cirith Ungol, which is north of Minas Morgul and leads into Mordor from the northwest.","[coherence] The text describes the Wraith-king's helm as 'like a crown that flickered with a perilous light,' but later Frodo thinks of him as 'the haggard king whose cold hand had smitten down the Ring-bearer with his deadly knife.' However, it was the Witch-king who stabbed Frodo at Weathertop, not with his hand but with a Morgul-knife. The description conflates the stabbing with a hand-smite, and more importantly, Frodo's wound from Weathertop was from a knife, not a hand, making the 'cold hand' description inaccurate to his actual experience."
041.txt,"[cross_chapter] In Chapter 21, Galadriel gives Frodo 'a phial of starlight' (the Phial of Galadriel). In this chapter, Frodo uses it to resist the Ring's influence when facing the Morgul-king. However, the text states 'a thing lying hidden near his breast. Cold and hard it seemed as his grip closed on it: the phial of Galadriel, so long treasured, and almost forgotten till that hour.' This contradicts the earlier description of the phial as containing light (the light of Eärendil, captured in water), which would not be 'cold and hard' but rather liquid in a glass container. The description makes it sound like a solid object rather than a phial of water/light.","[cross_chapter] In Chapter 40, Faramir explicitly warned Frodo against going to Cirith Ungol and specifically instructed him not to trust Gollum, saying 'Do not go that way.' Yet in this chapter, Frodo has chosen exactly that path and is still trusting Gollum as his guide. While Frodo explains to Sam that Gollum has his own motives regarding the Precious, he does not acknowledge or reflect on Faramir's specific warning about Cirith Ungol, which seems like a significant omission given how strongly Faramir warned against it."
042.txt,"[coherence] Sam closes his hand around the Phial and his hand shines red with his own living blood, but there is no explanation for why his hand is bleeding at this moment. The text does not mention any injury to his hand prior to this point, making the description of 'his own living blood' appearing without cause inconsistent.","[coherence] Sam closes his hand around the Phial, causing his hand to shine red with his own blood, but there is no explanation for why his hand is bleeding at this point. The text mentions 'his own living blood' without any prior injury to Sam's hand in this scene."
042.txt,,"[cross_chapter] Sam is described as having 'Faramir's staff' hanging by its thong on his left arm, but there is no previous mention in the chapter summaries of Faramir giving Sam a staff. In Chapter 40, Faramir gives them 'provisions and staves of lebethron wood,' but these are described as general walking staves for the journey, not specifically 'Faramir's staff' as a personal gift from Faramir to Sam. The phrasing suggests a specific named staff belonging to Faramir, which contradicts the earlier description."
043.txt,"[coherence] Sam uses both hands to hold the elven-blade point upwards while being crushed by Shelob, but earlier he had seized the sword in his left hand and used his other hand to stab at Shelob's eyes. The text states 'with both hands he held the elven-blade point upwards' after previously establishing he used his right hand to stab while holding the sword in his left. This creates a physical impossibility—he cannot have been holding the sword with both hands for the upward thrust if he had just used his other (right) hand to stab at her eyes moments before, unless he somehow retrieved the sword from her foot after severing the claw, which is not described.","[coherence] Sam uses his left hand to seize the sword, but then uses 'his other hand' to stab Shelob's eyes. However, he is described as holding the sword in his left hand, and then using 'his other hand' (which would be his right) for the upthrust. Later, when using the Phial of Galadriel, he fumbles 'with his left hand' to find it, implying he was not holding the sword in that hand at that moment. More critically, after the battle when he takes the Ring from Frodo, he uses both hands to hold the elven-blade point upwards against Shelob, but then is described with 'his two hands still gripping the hilt of the sword' after she leaps away—yet he had just been using both hands to hold it point upward, and then somehow also uses his left hand alone to find the Phial while still gripping the hilt with both hands. The hand usage is inconsistent throughout the combat."
043.txt,,"[coherence] Sam takes Sting (the elven-blade) from the ground where Frodo dropped it, and uses it throughout the battle with Shelob. However, after the battle, when he lays Frodo out and prepares to take the Ring, he states 'I must take your sword, by your leave, Mr. Frodo, but I'll put this one to lie by you'—implying an exchange of swords. But 'this one' would refer to his own sword (which he had dropped earlier and is never described retrieving), not Sting which he had been using. Then when he departs, he says 'I'll need it, for I'll be always in the dark now' referring to the Phial, but he also clearly still has Sting. The sword arrangement is confused: he seems to leave his own sword (never recovered) rather than Sting, yet takes Sting with him as he later draws 'the sword, a flicker of blue in his wavering hand' when pursuing the Orcs—confirming he has Sting, not his own sword. The narrative implies he leaves a sword by Frodo, but it's unclear which sword, and he clearly retains Sting for the rest of the chapter."
044.txt,"[cross_chapter] Gandalf claims he has broken the staff of Saruman, but in Chapter 33 (The Voice of Saruman), it was Gandalf who broke Saruman's staff, not that he possesses or has broken his own staff. The phrasing 'I have broken the staff of Saruman' is ambiguous but implies Gandalf broke Saruman's staff, which did happen. However, this is presented as a recent accomplishment when it occurred before the journey to Gondor. More significantly, in Chapter 34, Pippin looks into the palantír and Gandalf then flees with him toward Gondor. This chapter begins with them already on the journey, but the timeline of when exactly they departed and how much time has passed is compressed.","[cross_chapter] Gandalf says 'I have not ridden hither from Isengard, one hundred and fifty leagues, with the speed of wind, only to bring you one small warrior' but in the previous chapter (Chapter 34), Gandalf and Pippin departed from Dol Baran near Isengard, not from Isengard itself. More significantly, in Chapter 34, Pippin looked into the palantír and Gandalf immediately rode for Minas Tirith with Pippin. The distance and timing are compressed—Gandalf implies a much longer journey than actually occurred, as they had only just left the Isengard area in the previous chapter and the ride was urgent but not of such extended duration."
044.txt,"[temporal] Pippin states he is 'nearly twenty-nine' years old, but in the chronology of The Lord of the Rings, this creates a timeline issue. The story takes place in 3019 of the Third Age. Frodo was born in 2968 (Shire Reckoning 1368), making him 50 at the time of the Party. Pippin was born in 2990 (SR 1390), making him 29 in 3019. However, 'nearly twenty-nine' suggests he is still 28, which would place this in 3018 before the Quest proper began, or indicates the journey has taken less than a year. Given the extensive travels, this is plausible but tight. More importantly, Pippin says 'it will be four years yet before I ""come of age""' — hobbits come of age at 33, so if he is nearly 29, four years would make him 33. This is internally consistent but worth noting as a potential timeline marker.","[temporal] Gandalf states 'There will be no dawn' at the end of the chapter, yet earlier Pippin had already witnessed sunrise and dawn when arriving at Minas Tirith: 'suddenly the sun climbed over the eastern shadow and sent forth a shaft that smote the face of the City.' The chapter clearly depicts morning, noon, and evening passing, with the sun setting. Gandalf's statement appears to be metaphorical about the coming darkness of war rather than literal, but it creates temporal confusion since dawn has obviously already occurred and the day has nearly ended."
044.txt,,"[coherence] Pippin states he is 'nearly twenty-nine' years old to Bergil, which is inconsistent with hobbit aging and the timeline of the story. In the Prologue and early chapters, Pippin is established as the youngest of the four hobbit travelers, and Frodo is fifty at the time of the Council of Elrond. Given that the journey from the Shire to Rivendell took place when Pippin was in his late twenties, and less than a year has passed since then, Pippin being 'nearly twenty-nine' would make him older than previously implied (he was described as a 'young hobbit' and 'lad' in earlier chapters). This appears to be an inconsistency in hobbit aging conventions where 'coming of age' is thirty-three, making Pippin still a youth in hobbit terms, but his stated age seems slightly off from earlier characterizations."
045.txt,"[cross_chapter] The chapter states that Aragorn looked in the Stone of Orthanc (the palantír) and that this happened since returning to Helm's Deep, but this event was not shown in previous chapters. More importantly, in Chapter 34 (previous chapter summaries), Pippin was the one who looked into the palantír and then Gandalf gave the Orthanc-stone to Aragorn. The narrative here treats Aragorn's use of the palantír as something that happened off-screen during this chapter, but there's a logical gap: Aragorn reveals he looked into the Stone and 'wrenched the Stone to my own will,' yet this major event was not foreshadowed or mentioned earlier in this chapter. Additionally, the chapter states 'I have looked in the Stone of Orthanc, my friends' as a revelation, but given the timeline, Aragorn would have had to seize the palantír from Pippin/Gandalf and use it without prior narrative establishment in this volume.",
046.txt,"[cross_chapter] The chapter states that Aragorn 'came at night, and rode away yestermorn, ere the Sun had climbed over the mountain-tops,' and Éowyn confirms he 'has passed into the shadows from which none have returned.' However, in Chapter 46 (the previous chapter summary), Aragorn and the Grey Company are described as having already passed through the Paths of the Dead, emerged at Erech, and summoned the Oathbreakers. This creates a contradiction: in Chapter 46, Aragorn has already completed the terrifying journey through the Paths of the Dead and emerged successfully, yet in this chapter Éowyn believes he has gone into 'shadows from which none have returned' and Éomer declares 'He is lost.' The timeline and knowledge states are inconsistent—if Aragorn has already emerged at Erech as described in Chapter 46, he is not lost, and the despair expressed here is based on outdated or incorrect information that contradicts the previous chapter's events.","[coherence] The Púkel-men are described inconsistently within the same paragraph. First they are said to be 'huge and clumsy-limbed, squatting cross-legged with their stumpy arms folded on fat bellies' with 'all features' worn away except 'dark holes of their eyes,' and the Riders heed them little with 'no power or terror left in them.' Yet immediately after, 'strange runes gleamed faintly upon the Púkel-men, drawing Merry's gaze, for they were fair of form and thrummed with a power both ancient and dreadful.' This directly contradicts the earlier description—they cannot simultaneously be featureless, clumsy, powerless stone figures AND fair of form with thrumming ancient dreadful power."
047.txt,,"[cross_chapter] Gandalf states that Denethor's wisdom would not have allowed him to set the Ring 'at a hazard beyond all but a fool's hope, risking our utter ruin, if the Enemy should recover what he lost.' However, in the previous chapter (Chapter 45), Denethor explicitly tells Pippin that had he known of the Ring, 'I should have made my own counsel known to him, and he would not have slipped away.' Denethor's actual stated position was that he would have tried to use the Ring or at least keep it hidden in Minas Tirith, not that he would have refused to take risks with it. Gandalf misrepresents Denethor's position here—Denethor never advocated for destroying the Ring or sending it into Mordor, but rather for keeping it as a weapon or bargaining piece."
047.txt,,"[coherence] Denethor claims Boromir 'would have brought me a mighty gift' and that he 'would have remembered his father's need.' This directly contradicts Gandalf's immediately preceding statement that Boromir 'would have stretched out his hand to this thing, and taking it he would have fallen. He would have kept it for his own.' While this is presented as a disagreement between characters rather than a narrative fact, the text treats Gandalf's assessment as true (Boromir did try to take the Ring at Parth Galen). Denethor's insistence that Boromir would have brought him the Ring is therefore a character error based on paternal blindness, but the narrative structure presents both statements as equally arguable positions in their debate, without clear authorial indication that Denethor is deluded. However, given the established facts from Book II Chapter 10 where Boromir explicitly tried to take the Ring from Frodo by force, Denethor's claim is factually wrong within the narrative world, and Gandalf's rebuttal is understated."
048.txt,"[cross_chapter] In Chapter 47, Merry is armed by Éowyn and secretly rides with Dernhelm. However, in this chapter, Merry thinks of Pippin as 'lonely and afraid' in Minas Tirith, but Pippin only arrived in Minas Tirith in Chapter 45 after the beacons were lit and swore service to Denethor. More significantly, Merry wishes he could 'go galloping to his rescue'—but Merry is himself riding with the Rohirrim toward Minas Tirith, so he is actually approaching Pippin's location, not separated by vast distance in a way that would require rescue. The emotional framing suggests Merry sees himself as unable to help Pippin, when in fact he is riding directly toward the same destination. Additionally, the chapter states 'He had ridden now for four days on end' since leaving Dunharrow, but in Chapter 47 the host departed in 'gathering darkness' and now they are 'less than a day's ride from the out-walls of Minas Tirith'—this timeline is plausible, though tight. The more substantive issue is that Merry feels 'small, unwanted, and lonely' and thinks Dernhelm 'never spoke to anyone,' yet in Chapter 47, Merry was specifically placed with Dernhelm by Éowyn's arrangement and there was no indication of Dernhelm's silence then; this characterization appears suddenly without prior establishment.","[cross_chapter] The chapter states that scouts found two dead errand-riders of Gondor, with one 'maybe' being Hirgon, and that 'his hand still clasped the Red Arrow.' However, in Chapter 47 (previous chapter summary), Hirgon delivered the Red Arrow to Théoden at Dunharrow and departed. There is no indication Hirgon was killed, and the Red Arrow would have been delivered to Théoden, not still clasped by Hirgon. This contradicts the established timeline where Hirgon successfully completed his mission and left. The discovery of dead riders with the Red Arrow suggests these were different messengers returning to Minas Tirith, not Hirgon specifically."
049.txt,"[coherence] The narrative states that 'No other blade, not though mightier hands had wielded it, would have dealt that foe a wound so bitter, cleaving the undead flesh, breaking the spell that knit his unseen sinews to his will.' This directly contradicts the earlier statement that Merry's sword 'had pierced the sinew behind his mighty knee.' The text establishes that Merry's blow was essential and effective, yet then claims no other blade could have wounded the Witch-king, creating a logical tension about whether Éowyn's final blow alone would have sufficed without Merry's disabling strike. The prophecy that 'no living man may hinder me' is fulfilled by Éowyn being a woman, but the narrative's claim about the uniqueness of the Barrow-blade's effect on the Witch-king seems overstated given that Merry's blow was explicitly effective in piercing sinew and breaking spell-binding.",
051.txt,"[cross_chapter] Aragorn states he removed the Star of the North Kingdom and gave it to the keeping of the sons of Elrond, but in the previous chapter (Chapter 46), Elladan and Elrohir arrived with Arwen's standard, not the Star. The Star of Elendil (Elendilmir) was not mentioned as being brought by them, and Aragorn was already wearing it or had it previously. This creates confusion about when and how Aragorn obtained and then removed the Star.","[coherence] The herb-master quotes a rhyme about athelas ('When the black breath blows and death's shadow grows and all lights pass, come athelas! come athelas! Life to the dying In the king's hand lying!') that explicitly states the herb's healing power in the hands of a king. Yet immediately after, he dismisses it as 'but a doggrel' with no real virtue, despite the rhyme perfectly predicting Aragorn's successful healing. This is internally inconsistent—the herb-master knows enough lore to quote the rhyme in multiple languages (including Valinorean) but fails to recognize its actual meaning or significance, even when a king (Aragorn) is literally standing before him asking for the herb. His scholarly pride in knowing the names contrasts absurdly with his dismissal of the very prophecy he recites."
051.txt,"[coherence] Gandalf says 'The other perian Meriadoc who is under my care' but this is spoken by the Warden, not Gandalf. The dialogue attribution is confused—the Warden asks about Merry, but the response about Merry being fit to arise tomorrow is given by Aragorn, yet the preceding line 'And the other perian Meriadoc who is under my care, what of him?' lacks proper closing quotation marks and speaker attribution, creating ambiguity about who speaks which lines in this exchange.",
052.txt,"[cross_chapter] Gimli states he will offer Aragorn the service of stonewrights from Erebor to rebuild Minas Tirith, but later in the same chapter when the Gate's destruction is discussed, Aragorn says 'In Erebor in the Kingdom of Dáin there is such skill... and if all our hopes do not perish, then in time I will send Gimli Glóin's son to ask for wrights of the Mountain.' This creates a minor inconsistency in initiative—Gimli volunteers the offer earlier, but Aragorn later speaks as though he will be the one to send Gimli, not as though Gimli has already offered. However, this is weak and arguable. More significantly, Legolas tells Imrahil 'I am one of the Nine Companions who set out with Mithrandir from Imladris'—but the Fellowship was not 'the Nine Companions' as a formal title at departure; they became the Company of the Ring at Rivendell, and 'Nine Companions' or 'Nine Walkers' was a later formulation. This is a very minor point. The most substantive issue: Legolas says 'It was at early morn of the day ere you came there, Merry, that we left Dunharrow'—but Merry came to Dunharrow with Théoden's host, not after Legolas and Gimli left. Merry was already at Dunharrow when Aragorn took the Paths of the Dead, and Merry departed with the Rohirrim, not arriving after. Actually re-reading: Merry says he came to Dunharrow with Théoden, and Éowyn was there. Legolas says they left Dunharrow 'the day ere you came there'—but Merry was already there before Aragorn left, as shown in Chapter 47 where Merry arrives at Dunharrow with Théoden and sees Éowyn, and Aragorn departs the next morning. So Legolas's statement that they left 'the day ere you came there' contradicts Merry's earlier arrival at Dunharrow before Aragorn's departure.",
053.txt,"[cross_chapter] Gandalf states that Pippin has 'yet to match' Merry's deed, referring to Merry's role in killing the Witch-king. However, in the previous chapter (Chapter 50), Merry was crucial in helping Éowyn destroy the Witch-king—he stabbed him behind the knee with his blade of Westernesse, which broke the spell that made the Witch-king invulnerable. Yet in this chapter, Pippin is the one chosen to go with the army while Merry is left behind 'to his shame.' Aragorn's statement that Pippin has 'yet to match your deed' implies Merry's deed was greater, but the narrative treats Merry as unfit while Pippin goes, despite both having performed significant deeds. More importantly, Merry's emotional state of despair contradicts his heroic status—he should be celebrated, not shamed, and his wound from the Witch-king (which caused him pain earlier) is mentioned but the narrative doesn't acknowledge his actual heroic accomplishment in the same way Aragorn's speech implies.","[cross_chapter] Beregond is mentioned as fighting alongside Pippin and being struck down by a troll, but in Chapter 51, Beregond was explicitly at the House of the Stewards in Minas Tirith helping Pippin rescue Faramir from Denethor's pyre, and was then sent by Gandalf to bear Faramir to the Houses of Healing. He could not have traveled to the Black Gate and joined the army to Morannon in time for this battle."
053.txt,"[coherence] The Mouth of Sauron displays Frodo's mithril-coat, elven-cloak, and Sam's sword as proof of capture, claiming the hobbit is their prisoner. Yet Gandalf later demands to see the prisoner before accepting terms, and the Mouth admits Sauron 'gives none' in the way of surety. However, if Sauron actually had Frodo as a prisoner (which he did not—Frodo was captured by Shelob's Orcs and the Ring taken, but this was unknown to Sauron), the Mouth would not need to bluff about 'slow torment of years.' The inconsistency is that the Mouth presents these items as proof of capture but cannot produce the prisoner when challenged, which should immediately reveal his deception. Gandalf's deduction that the Enemy doesn't actually have Frodo (or that the terms are a trap regardless) comes too late in the negotiation—logically, the inability to produce the prisoner when directly challenged should have ended the embassy immediately, yet Gandalf continues negotiating before finally rejecting the terms.",
054.txt,"[coherence] Sam puts on the Ring and becomes invisible to the normal world, yet the orc that encounters him sees 'a great silent shape, cloaked in a grey shadow' rather than nothing at all. This contradicts how the Ring's invisibility normally works—Sam should be completely invisible to the orc's eyes, not visible as a menacing shape. The text explicitly states earlier that 'to his sight the things of this world seemed thin and vague' when he wears the Ring, implying he becomes invisible to others, yet the orc perceives a visible form.","[cross_chapter] The chapter states that Shagrat and Gorbag came to blows and that Gorbag is dead, killed by Shagrat. However, in the previous chapter (Chapter 43), it was Gorbag's company that found Frodo and took him to the tower, and Shagrat was the one who wanted the mithril coat. The roles and fates seem confused here—Shagrat is described as Captain of the Tower and kills Gorbag, but earlier it was Shagrat who took Frodo to the tower. The narrative now has Shagrat surviving and escaping with a bundle (the mithril coat), while Gorbag was supposedly killed in the tower fight, contradicting the earlier implication that Shagrat had been killed or defeated by Gorbag's larger force."
054.txt,"[coherence] Sam sings aloud in the Tower of Cirith Ungol, explicitly described as 'the voice of a forlorn and weary hobbit that no listening orc could possibly mistake for the clear song of an Elven-lord.' Yet Snaga the orc, upon hearing this singing, threatens to come deal with 'you dunghill rat' and asks 'what you're up to'—behavior suggesting he thinks it's another orc or prisoner, not an intruder. However, when Sam actually reveals himself, Snaga is terrified and flees. This inconsistency in orc reactions to the singing versus direct confrontation is jarring; Snaga's verbal threat doesn't match his subsequent terror, and his failure to recognize the singing as non-orcish contradicts the text's own assertion that no orc could mistake it for elven song.","[cross_chapter] Sam puts on the Ring and feels its weight and the malice of the Eye searching for him. However, in previous chapters (particularly Chapter 35 and others), it was established that Frodo was the Ring-bearer and Sam had never worn the Ring before. When Sam takes the Ring in Chapter 44 after believing Frodo dead, this is treated as a momentous first occurrence. Yet in this chapter, Sam puts on the Ring earlier in the pass and seems familiar with its effects, which contradicts the later treatment of his first wearing as a significant event in Chapter 44."
054.txt,,"[coherence] Sam sees Shagrat put the bundle on the floor and then Gorbag's body grabs it, but then Shagrat kills Gorbag. However, immediately after, Shagrat 'catching up the bundle he came loping towards the near door of the stairs.' This suggests Shagrat still has the bundle, but the narrative says Gorbag grabbed it. Then when Sam confronts Shagrat, Shagrat uses 'the heavy bundle as both shield and weapon.' But if Gorbag had grabbed it, how did Shagrat have it? The sequence is confused—Gorbag grabs the bundle, Shagrat kills him, but then Shagrat has the bundle without any explicit moment of retrieval."
055.txt,"[coherence] Sam gives Frodo his elven-cloak, but later when they are hiding from the Black Rider and traveling, there is no mention of Frodo wearing or using this cloak for warmth despite his stated need. More significantly, when Sam later says 'I wish I'd got an orc's hide!' and complains about orc-gear being no good against thorns and flies, this ignores that Frodo is now wearing the elven-cloak which should offer better protection. The narrative treats their protective gear as inadequate without acknowledging the elven-cloak's presence.","[coherence] Sam reaches to grab water-skins from 'the table beside him' while they are hiding in brambles under a rock-face in the wilderness of Mordor. There is no table present in their hiding place, making this a physical impossibility."
055.txt,"[cross_chapter] Frodo gives Sting to Sam, saying 'I have got an orc-blade, but I do not think it will be my part to strike any blow again.' However, in the previous chapter (Chapter 55 summary), Sam had already used Sting to battle through the Tower of Cirith Ungol and rescue Frodo. The timeline is confused—this chapter appears to take place after the rescue, yet Frodo is giving Sting to Sam as if Sam doesn't already have it, when Sam would have needed it to fight in the tower. Additionally, the Phial of Galadriel is mentioned as being in Sam's keeping ('Keep it safe for me, Sam'), but in the previous chapter Sam had already used the phial multiple times to enter the tower and pass the Watchers.","[cross_chapter] Frodo gives Sting to Sam, saying 'Sting I give to you. I have got an orc-blade.' However, in the previous chapter (Chapter 55 summary), Sam already had Sting and used it to fight Shelob and the orcs. The narrative in Chapter 55 states Sam 'wounded the giant spider with Sting,' and he carried Sting throughout Frodo's captivity. This chapter treats the transfer of Sting as happening now, when it logically should have occurred earlier or Sam already possessed it."
056.txt,"[coherence] Frodo claims he cannot remember sensory experiences or memories, yet earlier in the same conversation he confirms remembering events from Ithilien (the rabbit, the warm bank, seeing an oliphaunt). This is a direct contradiction—he says 'I know that such things happened, but I cannot see them,' which acknowledges memory without sensory recall, but then claims 'no memory of tree or grass or flower' which contradicts his earlier acknowledgment.","[cross_chapter] Sam refers to Gollum as 'Stinker' and mentions him picking up an orc-shirt, but this is the first time in this chapter that Gollum is mentioned, and the previous chapter summary indicates Gollum was spotted stalking them but not that he had picked up any orc-shirt or that Sam had nicknamed him 'Stinker' in Sam's internal thoughts. However, more critically, Sam says 'He isn't going to add a sword to it' and 'he isn't going to mess with my pans' - but there is no prior indication in this chapter's narrative that Gollum had any opportunity or stated intention to take these items. The reference to 'Stinker' and the orc-shirt appears to reference events not fully established in the immediately preceding narrative as presented in the summaries."
056.txt,"[cross_chapter] Sam refers to Gollum as 'Stinker' and mentions him picking up 'that orc-shirt,' but this is inconsistent with previous events. In Chapter 56, Frodo and Sam were the ones wearing orc-gear and discarding it, while Gollum was not present with them during their escape from Cirith Ungol and subsequent journey. Gollum had been following them separately since their parting at the stairs before Shelob's lair. The reference to Gollum picking up an orc-shirt seems to confuse the timeline of when Gollum reappeared.","[coherence] Sam experiences a sudden sense of urgency 'as if he had been called: ""Now, now, or it will be too late!""' and Frodo 'also seemed to have felt the call.' This is described as an unexplained compulsion with no clear source. While this could be interpreted as narrative tension, it functions as an unexplained external force acting on both characters simultaneously without any established mechanism in the text. However, re-reading more carefully - this is actually foreshadowing of the Ring's call or Sauron's attention shifting, and Frodo's later turning to face East and seeing Barad-dûr suggests this is atmospheric rather than error. Let me reconsider: The actual error is that Sam feels 'the burden light' when carrying Frodo, specifically noting he expected 'to share in the dreadful dragging weight of the accursed Ring' but 'it was not so.' Yet earlier in the chapter, Frodo is described as nearly spent, and Sam had just been carrying all their gear. The text offers possible explanations ('whether because Frodo was so worn... or because some gift of final strength was given to him'), but this still creates a slight inconsistency with the physical reality established - if Frodo is so weakened, he should be dead weight at minimum, and the Ring's weight should still affect Sam through proximity if not through direct carrying. However, this is arguably magical realism rather than error. The clearer error is temporal: Sam says 'I said I'd carry him, if it broke my back' - but searching back through the chapter, Sam's earlier internal debate included 'I'll carry Mr. Frodo up myself, if it breaks my back and heart' - the phrasing 'I said' implies he said this aloud to Frodo, but in the text this was an internal debate with himself in his own voice. This is a misattribution of internal thought as spoken promise."
056.txt,"[coherence] When Frodo puts on the Ring at the Crack of Doom, he vanishes from Sam's sight, yet Gollum is somehow able to fight with him and bite off his finger. If Frodo is invisible, Gollum should not be able to see him to attack him specifically, nor should the fight be described as visible. The narrative describes Gollum 'fighting like a mad thing with an unseen foe' and then specifically biting Frodo's finger that still wears the Ring—yet Gollum had no way to locate the invisible Frodo so precisely, especially since the Ring's invisibility should have hidden both Frodo and the Ring itself.",
057.txt,"[cross_chapter] Gandalf states the New Year in Gondor will begin on March 25 when Sauron fell, but in the Shire-reckoning calendar established in Chapter 1, the New Year already begins on April 6 (or April 1 in the Shire). The text states 'The fourteenth of the New Year' equals 'the eighth day of April in the Shire reckoning,' which contradicts the earlier established Shire calendar where Yule and the New Year fall in late March/early April. Additionally, the dating creates confusion: if March 25 is the New Year, then April 8 would be the 14th day, but this doesn't align with Shire-reckoning as previously described.",
058.txt,"[cross_chapter] Éowyn says she 'rode with the king and was sorely hurt,' but in Chapter 50, she rode disguised as Dernhelm, not openly as herself. The king (Théoden) did not know her true identity, and she explicitly concealed herself to join the ride. The Warden's statement to Faramir that 'she rode with the king' implies open knowledge inconsistent with her secret disguise.","[coherence] Faramir recoils from Éowyn with scorn and no warmth passes between them, which directly contradicts the immediately preceding romantic proposal and acceptance, as well as the subsequent description of them walking 'hand in hand' with 'light that shone about them.' The text abruptly inserts hostile physical and emotional reactions that are inconsistent with the narrative arc of their reconciliation and betrothal."
058.txt,"[cross_chapter] Faramir tells Éowyn that 'the healers would have me lie abed seven days yet,' but earlier in this same conversation, the Warden explicitly told Éowyn 'You should not have risen from your bed for seven days yet, or so I was bidden.' Faramir was not present for this exchange and has no way of knowing this specific instruction. He later reveals he is 'also a prisoner of the healers' with no indication he was told about Éowyn's specific seven-day restriction.",
059.txt,"[cross_chapter] Bilbo gives Frodo Sting and the mithril-coat again, forgetting he already did so. However, in Chapter 16 (established by previous summaries), Bilbo already gave Frodo Sting and his mithril shirt before the Company departed Rivendell. This is consistent with Bilbo's forgetfulness in old age, but the narrative presents it without acknowledging the prior gift explicitly in this scene's dialogue, creating potential confusion about whether this is a second gift or the same one.","[coherence] Bilbo gives Frodo his mithril-coat and Sting, forgetting he had already done so. However, this is not actually an error—Bilbo's forgetfulness is explicitly noted in the text as a character trait due to his great age. The narrative intentionally shows his memory failing. Upon closer reading, this is a deliberate portrayal of Bilbo's decline, not a narrative error."
059.txt,"[coherence] Arwen gives Frodo a white gem like a star on a silver chain, saying 'wear this now in memory of Elfstone and Evenstar.' However, she identifies herself as Evenstar, so she is asking him to wear it in memory of herself while she is still alive and present. This is logically awkward—one does not typically give a memorial gift in memory of living people. The phrasing suggests she anticipates her own eventual death or departure, but it remains semantically strange to 'remember' someone who is standing before you.","[cross_chapter] Bilbo gives Frodo Sting and the mithril-coat again in Rivendell, but these were already given to Frodo in Lothlórien in Chapter 21 according to the previous summaries. The summary for Chapter 21 states 'Bilbo gives Frodo Sting and his mithril coat' before the Company departs Rivendell. However, checking the actual text of this chapter, Bilbo is in Rivendell and gives these items to Frodo before Frodo leaves for the Shire. The previous summary for Chapter 16 mentions Bilbo giving Frodo Sting and mithril coat before departing Rivendell the first time. This creates a contradiction—Bilbo gives these items twice, once before the Fellowship departs and once when Frodo returns. But the text explicitly notes Bilbo 'forgetting that he had already done so,' which accounts for this. This is intentional characterization, not an error."
059.txt,"[cross_chapter] Saruman tells the hobbits 'I know where it comes from' regarding pipe-weed, implying knowledge of the Shire. In Chapter 32 (previous summary), Aragorn noted the mystery of Southfarthing pipe-weed reaching Isengard, suggesting Saruman had agents in the Shire. However, in this chapter, Saruman's knowledge is presented as more direct and specific—he knows exactly where the weed comes from. While not strictly contradictory, the narrative never fully explains how Saruman gained this knowledge or who his agents were, leaving a causal gap. More significantly, Saruman's threat about the Southfarthing being 'short of leaf' foreshadows the Scouring of the Shire, but the narrative gives no indication of how Saruman could effect this from his current position as a beggar, creating an unexplained causal mechanism.","[coherence] Treebeard says 'But not Ents. There are no Entings.' Yet earlier in Chapter 27, Merry and Pippin learned from Treebeard about the Ents and Entwives, and Treebeard's search for them. The lack of Entings is consistent with this established lore. However, Treebeard also says 'Forests may grow. Woods may spread. But not Ents.' This seems contradictory to Aragorn's statement 'Yet maybe there is now more hope in your search'—but this is Aragorn offering hope, not a statement of fact. Upon review, this is not an error but thematic consistency about the Ents' decline."
060.txt,"[temporal] Frodo states that his wounding at Weathertop was 'a year ago today' on October 6th, but according to the timeline of the story, the Fellowship departed Rivendell on December 25th and the destruction of the Ring occurred on March 25th of the following year. The return journey would place this in late September or early October, making it approximately 1.5 years since the Weathertop wounding (October 6th of the previous year), not exactly one year. However, more precisely, Frodo was wounded on October 6th of Year 3018, and this chapter takes place in October of 3019, making it roughly but not exactly one year—though the text treats it as exactly one year to the day, which is approximately correct but not precisely accurate given the full timeline.","[cross_chapter] Butterbur says 'Bob's gone: goes home to his folk at nightfall now' but earlier in Chapter 10, Bob was described as the ostler at The Prancing Pony with no indication he had family elsewhere. More significantly, in Chapter 11, Nob and Bob helped barricade the parlour and Bob was present during the night attack. The phrasing 'goes home to his folk at nightfall now' suggests a recent change, but this contradicts the established staffing of the inn and the previous narrative where Bob was a regular employee."
060.txt,"[cross_chapter] Butterbur mentions that 'the Rangers have all gone away, folk tell me,' and is surprised to learn they have returned. However, in Chapter 10 (as summarized), Strider was already in Bree acting as a Ranger, and the hobbits knew of Rangers' presence. More significantly, Gandalf states 'The Rangers have returned. We came back with them,' but earlier in Chapter 25 (as summarized), Éomer told Aragorn, Legolas, and Gimli that 'the Rangers have all gone away' and folk in Bree didn't understand what they did. This creates a contradiction: Butterbur in this chapter says the Rangers have gone and he's only now learning they've returned, but Éomer in Rohan already knew this information and told Aragorn about it. The timeline of when the Rangers returned and who knew about it is inconsistent between chapters.","[cross_chapter] The Gate-keeper at Bree carries 'a great cudgel' and Butterbur comes out with 'a club in his hand.' This shows armed defensive posture in Bree. However, in Chapter 11, when the Black Riders attacked, there was no mention of such defensive measures or weapons, and the gatekeeper Harry Goatleaf actually helped the enemy. The current chapter establishes that 'the fight was early in the New Year' and watchers are now kept, but the defensive transformation seems more complete than the timeline suggests—especially since Butterbur says 'we showed them the gates and pushed them out: before the year's end' yet now maintains heavy guard months later for robbers who 'live outside.' The cudgel/club detail seems exaggerated for 'before' vs 'after' the fight timeline Butterbur describes."
060.txt,,"[temporal] Frodo says 'It was a year ago today' referring to his wounding by the Witch-king on Weathertop, and Gandalf confirms 'Alas! there are some wounds that cannot be wholly cured.' However, the Witch-king's wound was with a Morgul-knife at Weathertop on October 6th (as stated: 'It was the sixth of October'). But Frodo was actually stabbed on October 6th of the previous year, and the text says 'It was a year ago today.' Yet the Fellowship departed Rivendell on December 25th, spent months traveling, and the destruction of the Ring occurred on March 25th. The return journey should place them in October of the following year, making it more than a year (approximately 13 months) since Weathertop, not exactly 'a year ago today.' This is imprecise at best, and the 'sixth of October' date seems artificially maintained for symbolic resonance rather than accurate chronology."
060.txt,,"[cross_chapter] Gandalf says 'The Rangers have returned. We came back with them. And there is a king again, Barliman.' This implies Aragorn has been crowned and the Rangers have officially returned to their duties. However, in Chapter 60 (the previous chapter in the sequence), the Companions are still journeying home and have not yet reached the Shire. Aragorn's coronation was described in Chapter 59, but the timeline of the return journey and the Rangers' movements is compressed. More significantly, Gandalf says 'He knows it and loves it' about the King and Bree, and later reveals 'He's Strider. The chief of the Rangers.' Butterbur's reaction suggests this is completely new information, yet Aragorn had already revealed himself as Isildur's heir at the Council of Elrond (Chapter 15), and Strider's identity was known to the hobbits for over a year. The dramatic revelation to Butterbur now, after Aragorn is king, seems artificially staged—Butterbur should have learned this from travelers or messengers in the intervening months, especially since Gandalf says 'The Rangers have returned' as established fact."
061.txt,"[cross_chapter] Frodo states he passed Saruman on the road as a beggar, but in Chapter 60, the company encountered Saruman and Wormtongue as beggars together near Rivendell on their own journey north, not on Frodo's route. More importantly, Frodo claims to have passed Saruman 'on the road' during his own travels, but the text of Chapter 60 clearly shows the entire company (including Frodo) encountered Saruman together, not that Frodo passed him separately. Additionally, Frodo's phrasing suggests this happened during his journey to confront the ruffians, but the encounter in Chapter 60 was on the return journey from Minas Tirith, after the destruction of the Ring and Sauron's defeat.","[cross_chapter] Frodo claims to have passed Saruman 'on the road' as a beggar, but this never happened in previous chapters. The last time Frodo saw Saruman was at Isengard before the Ents took over, and Saruman was not a beggar on the road at that time. Gandalf, Aragorn, and the others encountered Saruman on their journey north, but Frodo was not present for this encounter."
061.txt,"[coherence] The ruffian leader at Bywater refers to 'Sharkey' as being in charge and states 'Sharkey's come now,' yet later in the same chapter Saruman reveals himself as Sharkey at Bag End. However, the ruffians act as if Sharkey is a separate person from the 'Boss' (Lotho), with one saying 'Lotho! He knows all right... He'll do what Sharkey says.' This creates confusion about whether Sharkey is present and in charge, or whether the ruffians even know who Sharkey truly is. The bigger issue is that the ruffians speak of Sharkey as if he's a known figure giving orders, but when Saruman appears, he reveals himself as Sharkey only to the hobbits, with no indication the ruffians knew his true identity—yet they were using the name 'Sharkey' freely. This suggests the ruffians knew Saruman as 'Sharkey' without knowing he was Saruman, but the text never clarifies this, and Saruman's later revelation to Frodo implies 'Sharkey' was merely a nickname from Isengard that his men used, not a public identity in the Shire.","[cross_chapter] Frodo states he 'never expected' that the last stroke of the War would fall at Bag End, yet in Chapter 61, Gandalf specifically warned the hobbits about troubles in the Shire and new gates on the borders, and the general atmosphere at Bree indicated significant problems ahead. Frodo had also seen visions in Galadriel's Mirror showing the Shire being destroyed, so he had some forewarning of possible trouble at home."
062.txt,"[coherence] The chapter contains the text 'APPENDICES APPENDICES APPENDIX A' and similar appendix headers appearing mid-chapter, which is a formatting/publishing error where appendix material has been concatenated with the main narrative text. The chapter abruptly transitions from the emotional conclusion of Frodo's departure to the Havens into dry historical appendices about Númenorean kings, then back to narrative, then into more appendices.",[coherence] The text contains a malformed word 'would'' with an extra apostrophe before 'not' - appears to be a typographical error that creates incoherence.
062.txt,"[temporal] The appendices contain dates in the Third Age (e.g., 379 for first Thain) that are presented without clear distinction from the main narrative's Shire Reckoning dates. The chapter states 'The Third Age was held to have ended when the Three Rings passed away in September 3021, but for the purposes of records in Gondor F.A.I began on March 25, 3021' which creates a dating inconsistency (two different start dates for Fourth Age).",[coherence] The text contains a malformed word 'wen' instead of 'were' in the description of Dúnedain marriage customs.
062.txt,"[cross_chapter] The chapter states that Aragorn 'lived to be two hundred and ten years old, longer than any of his line since King Arvegil' but earlier in the appendices it states Eldacar lived to 235 ('Eldacar lived to his two hundred and thirty-fifth year'). Arvegil is listed as dying in 1743 with reign starting 1670, making him at most 73 years old. This contradicts the claim that Aragorn's 210 years exceeded all since Arvegil, when Eldacar clearly lived longer.",[coherence] The text contains a malformed word 'mat' instead of 'that' in Ivorwen's prophecy.
062.txt,"[coherence] The chapter contains numerous OCR or transcription errors including 'would'not' (with apostrophe in wrong place), 'cat value' instead of 'not value', 'be' instead of 'he', 'mat' instead of 'not', 'An6rien' instead of 'Anórien', 'lamp' instead of 'land', 'wen' instead of 'were', 'draught' instead of 'draft', 'norm' instead of 'north', 'lame' instead of 'same', 'bad' instead of 'had', 'tea' instead of 'ten', 'be' instead of 'he', 'world bad seen' instead of 'world had seen', 'die' instead of 'the', 'lad' instead of 'had', 'Cirion' instead of 'Círdan', 'Firth Age' instead of 'First Age', 'coast-tends' instead of 'coast-towns', 'follower' instead of 'followers', 'snips' instead of 'ships', 'Calimmacil' instead of 'Calimehtar', 'Arvaleg' instead of 'Arveleg', 'Periannath' instead of 'Periannath', '27939' instead of '2793-9', 'Théoden Ednew' mentioned without explanation, and 'APPENDICES' repeated. These appear to be scanning errors that create nonsense words and inconsistent spellings.",[coherence] The text contains a malformed word 'be' instead of 'he' in the description of Ar-Pharazôn's counsel.
062.txt,"[temporal] The chapter states 'The first of Sam and Rosie's children was born on the twenty-fifth of March, a date that Sam noted' and later mentions 'Little Elanor was nearly six months old, and 1421 had passed to its autumn, when Frodo called Sam into the study.' If Elanor was born March 25 and it is now autumn (September-October), she would be about 6 months old, which is consistent. However, Frodo says 'It will be Bilbo's Birthday on Thursday, Sam' and 'On September the twenty-first they set out together.' If they set out September 21, and Bilbo's birthday is September 22, this is consistent. But the timeline of Sam's marriage in spring 1420, Elanor's birth March 25 1421, and Frodo's departure September 1421 creates a compressed timeline where Sam has been married barely a year when Elanor is born, which is biologically possible but the narrative earlier suggests Sam was 'torn in two' for longer. More significantly, the chapter states 'When all was at last ready Frodo said: ""When are you going to move in and join me, Sam?""' suggesting Sam was not yet living at Bag End when Elanor was born, yet 'Sam stayed at first at the Cottons' with Frodo' and later 'Sam Gamgee married Rose Cotton in the Spring of 1420... and they came and lived at Bag End.' This is contradictory—if they lived at Bag End from spring 1420, why would Frodo ask when Sam is moving in after Elanor's birth in 1421?",[coherence] The text contains a malformed word 'bad' instead of 'had' in the description of the Great Armament.
