Chapter,Error_Original,Error_Modified
001.txt,"[cross_chapter] The previous chapter summary describes Bella facing imminent death from a hunter in a dramatic, fatal confrontation, but this chapter shows her mundane, ordinary first day moving to Forks with no such life-threatening event. The previous chapter's events are completely absent and unmentioned, creating a massive narrative gap. There is no hunter, no 'long room,' no fatal consequences, and no reflection on dying nobly.","[cross_chapter] The previous chapter summary describes Bella facing imminent death from a hunter, reflecting on her fatal situation as a sacrifice for someone she loves. However, this chapter depicts Bella's ordinary, chronological first day moving to Forks—arriving at the airport, meeting her father, getting a truck, and starting school. There is no connection between the life-threatening hunter scenario and this mundane relocation narrative. The 'hunter' and 'death' elements are completely absent, and the tone shifts from fatalistic reflection to typical teenage angst about moving. These appear to be from entirely different stories or a severe non-sequential chapter ordering."
001.txt,"[coherence] Bella states she had to spend 'a month every summer until I was fourteen' in Forks, but then says 'these past three summers, my dad, Charlie, vacationed with me in California for two weeks instead.' If she stopped at fourteen and is now seventeen, that would be three summers (15, 16, 17), but she describes this as a change that happened at age fourteen, which would make it four summers, not three. The math doesn't consistently work out.",
001.txt,"[coherence] Bella claims to have been born in Forks and lived there until she was 'a few months old,' yet she also says her room 'had belonged to me since I was born' and describes childhood memories of the room's details. However, she also states she only spent summers there from age fourteen and earlier, not that she lived there continuously. The description of the room as unchanged since her birth with only a crib-to-bed change implies more continuous residence than her stated history allows.",
002.txt,"[coherence] Bella claims she has never seen real snow fall before, only on TV, yet later says 'Sure I have' when Mike asks if she's ever seen snow fall. This is a direct contradiction within the same conversation.","[coherence] Bella claims she vividly remembers Edward's eyes as 'flat black' the last time he glared at her, but in Chapter 2's Biology class encounter, his eyes are described as 'coal black'—notably different from 'flat black,' and more importantly, the text states 'his eyes were black, coal black' with no mention of being flat. While minor, this shift in descriptive language suggests an inconsistency in how Bella recalls the encounter."
002.txt,"[cross_chapter] In Chapter 2, Edward's eyes were described as 'flat black' when he glared at Bella in Biology. In this chapter, Bella vividly remembers them as 'flat black' but now they are 'a strange ocher, darker than butterscotch.' While eye color changes are explained later in the series as a vampire trait, at this point in the narrative there is no explanation for this impossible physical change, making it appear as a contradiction. However, this is actually intentional foreshadowing in the source material, so this may not be a true error.","[cross_chapter] Bella claims she 'hadn't noticed their clothes before' when seeing the Cullens in the parking lot, but in Chapter 2, she specifically observed and described Edward's clothes in detail: 'He wore a light gray, long-sleeved henley... I couldn't see his expression, I could see the miraculous color of his eyes.' She also noted the other Cullens' appearances including 'the tall one' (Emmett) and 'the pixielike girl' (Alice). This contradicts her claim of not noticing their clothes before."
002.txt,"[coherence] Bella claims Edward's skin was 'less pale' and 'flushed from the snow fight,' yet vampires in this series do not have functioning circulatory systems and cannot flush or change skin color due to temperature or activity. This is inconsistent with established vampire physiology, though the vampire rules may not be fully established yet at this point in the narrative.","[temporal] The timeline of Edward's absence is inconsistent. Bella states 'Edward Cullen didn't come back to school' and 'For all I knew, he had dropped out of school,' yet his absence is only from Tuesday through Friday of one week (having been present Monday, absent Tuesday). The narrative treats this as an extended absence, but it's only four school days. More significantly, Bella says 'The rest of the week was uneventful' and 'By Friday I was perfectly comfortable,' implying a longer period than actually passed since their single Monday encounter."
003.txt,"[coherence] Edward claims he was standing right next to Bella and pulled her out of the way, but Bella clearly saw him standing four cars down before the accident. The text states she saw him 'standing four cars down from me, staring at me in horror' and later she insists 'You were by your car.' The physical impossibility of him reaching her in time to save her is the central mystery, but Edward's direct lie that he was 'standing right next to you' contradicts Bella's clear eyewitness account and the narrative's own description of events.","[cross_chapter] Chapter 2 states Edward 'violently hated' Bella with 'hostile' behavior in Biology, but this chapter says he was 'laughing' at her in the parking lot. The previous summary describes his return as 'confusing friendliness,' but this chapter's opening treats her attraction to him as new rather than following established hostile-then-friendly pattern. More critically, Bella states 'I was suspicious of him; why should he lie about his eyes?' implying previous interaction about his eyes, but no such conversation is mentioned in previous summaries. She also says 'after my brainless and embarrassing babbling yesterday' referring to Chapter 3's lab conversation, yet treats his hostility as ongoing ('I was still frightened of the hostility I sometimes felt emanating from him') despite his friendly behavior in Chapter 3."
003.txt,,"[coherence] Edward's physical feat of stopping a van with his bare hands and leaving dents in the metal, while himself remaining completely uninjured, is physically impossible for a human. Bella acknowledges this impossibility explicitly, yet the narrative treats it as a mystery to be explained rather than an error. However, the true inconsistency is that multiple witnesses (the crowd, Tyler, EMTs, teachers) somehow fail to observe or comment on Edward's impossible feat, despite it occurring in a crowded school parking lot with 'the entire school' watching. The narrative states 'All around us was chaos' and 'a crowd of people with tears streaming down their faces,' yet no one except Bella seems to have witnessed Edward's superhuman speed and strength."
003.txt,,"[coherence] Dr. Cullen's behavior and appearance create a logical inconsistency. Bella identifies him as 'Edward's father' from 'Charlie's description,' yet Charlie is described as having limited knowledge of the Cullens in previous chapters. More importantly, Dr. Cullen is described as 'young' and 'handsomer than any movie star,' with 'circles under his eyes'—physical characteristics that should make him conspicuously unusual as a small-town doctor, yet this is never remarked upon by others. Additionally, his medical assessment and behavior ('suddenly occupied with the papers in front of him,' looking away when Bella mentions Edward's proximity) suggest complicity in covering up the impossible event, yet he faces no professional consequences or scrutiny despite multiple witnesses and police involvement."
004.txt,,"[coherence] Bella claims Edward 'never turned' when she called to him in her dream, but then says 'he walked away from me, leaving me in the blackness.' If he never turned, she couldn't have seen his face to know it was Edward—she only saw his back. The description of him walking away while simultaneously never turning creates a logical contradiction in how she identifies him or what she perceives."
004.txt,,"[cross_chapter] In Chapter 4, Edward was furious and hostile to Bella at the hospital after saving her, telling her to 'just keep your mouth shut' and acting angry that she noticed his superhuman abilities. However, in this chapter, Bella recalls 'the last time I'd seen him, outside the ER, we'd both been so furious' and that 'I still was angry that he wouldn't trust me with the truth, even though I was keeping my part of the bargain flawlessly.' This reframes the hospital confrontation as mutual anger about a 'bargain' and trust issues, when in fact Edward was unilaterally hostile and threatening, and no 'bargain' was explicitly established in the previous chapter. The 'bargain' appears to be retroactively invented in this chapter."
005.txt,"[cross_chapter] Edward says 'I got tired of trying to stay away from you,' but in Chapter 5, he already used this exact same line when offering Bella a ride to Seattle: 'he admitted he was tired of trying to stay away from her.' This is presented as a new revelation in this chapter, but it's repetitive and inconsistent with the timeline—he already gave up trying to stay away in the previous chapter.","[cross_chapter] Edward says 'I told you—I got tired of trying to stay away from you. So I'm giving up,' but in the previous chapter (Chapter 5), Edward said 'I'm tired of trying to stay away from you' in the context of offering to drive Bella to Seattle. However, this chapter presents their cafeteria conversation as if it's the first time he's making this declaration, with Bella reacting with surprise and confusion as if she hasn't heard this before. The phrasing 'I told you' suggests repetition, but the context treats it as new information."
005.txt,"[cross_chapter] Edward claims he was 'in my car, listening to a CD' when he saw Bella faint, but earlier in the chapter he was sitting alone at an empty table in the cafeteria, talking with Bella, and then said 'I'm not going to class today.' He was physically present in the cafeteria during lunch, not in his car. The CD explanation contradicts his established location and activities.","[coherence] Edward claims he was 'in my car, listening to a CD' when he saw Bella fainting, yet he appears instantly at her side on the sidewalk carrying her, and then somehow was also able to observe Mike's facial expression from a distance to know he 'loathes' him. His ability to see Mike's face and read his emotions contradicts the physical setup—he would have been in a parked car at some distance, not positioned to see facial expressions clearly. Additionally, his speed of arrival suggests he wasn't actually in his car as claimed."
005.txt,,"[coherence] Edward tells Bella to 'Go out to the office, Bella' and claims 'I smelled the blood,' yet immediately afterward contradicts her by saying 'People can't smell blood.' If Edward is trying to hide his supernatural nature, he shouldn't have admitted to smelling blood in the first place. His instruction to leave because he smelled blood, followed by denying that people can smell blood, creates a logical inconsistency in his behavior—he reveals something impossible and then immediately claims it's impossible."
006.txt,"[cross_chapter] In Chapter 6, Edward specifically says 'Emmett and I are going to be hiking' as his reason for not attending the beach trip. However, in this chapter, Bella hopes Edward might appear at the beach despite knowing 'he wasn't going to be there.' While this could be read as her wishing against reality, the narrative presents Edward's absence as expected, yet his stated reason was hiking with Emmett—not a prohibition or other commitment that would make his appearance impossible. The more significant issue is that Jacob reveals the Cullens are treaty-forbidden from the reservation, which Edward never mentioned, instead offering a mundane hiking excuse that concealed the true reason.","[cross_chapter] Bella asks Charlie about 'Goat Rocks' as a camping location, claiming 'some kids were talking about camping there.' However, Edward was the one who mentioned this location to Bella in the previous chapter as where he and Emmett would be camping. Bella is deliberately hiding her real reason for asking (to verify Edward's story), but the narrative presents this as a casual inquiry about what 'some kids' said, when in fact only Edward mentioned it. This creates a minor inconsistency in how Bella frames her question—she's lying to Charlie, but the narrative doesn't acknowledge she's referencing a specific conversation with Edward, making it seem like she's inventing a source."
006.txt,"[cross_chapter] In Chapter 4, Edward demonstrates supernatural speed and strength by stopping a van with his bare hands, and Bella explicitly confronts him about this at the hospital. In Chapter 5, she continues to be obsessed with figuring out what he is. Yet in this chapter, when Jacob tells her the Quileute legend about 'cold ones' who are 'blood drinkers'—vampires—Bella reacts with shock and has to hide her reaction, as if this possibility had never occurred to her. Given she had already witnessed impossible strength/speed and obsessively analyzed his inhuman characteristics (cold skin, changing eye color, supernatural abilities), the vampire revelation should not be so surprising or require such effort to process. Her internal response is inconsistent with her established investigative mindset.","[coherence] Bella describes Jacob as looking 'fourteen, maybe fifteen' and later confirms he 'just turned fifteen.' However, she also states that his older twin sisters Rachel and Rebecca are 'only a little over a year older than I was.' Since Bella is seventeen (established in previous chapters as a junior in high school), this would make the twins approximately eighteen, and Jacob fifteen—creating a three-year age gap between Jacob and his twin sisters. While not impossible, this is biologically extremely unlikely for twins (who would be the same age) and for siblings born so close together unless they are not twins but rather triplets with a significant age gap, or the text contains an error. The narrative explicitly calls them 'the twins' and states they are 'only a little over a year older than I was,' which contradicts Jacob being fifteen while Bella is seventeen."
006.txt,"[coherence] Bella asks Charlie about 'Goat Rocks' as a camping location, claiming 'some kids were talking about camping there.' However, there is no indication in the text that any kids were actually discussing this—Bella fabricated this pretext to investigate Edward's claimed hiking destination. While this is a lie to Charlie, the narrative presents it as a casual question without establishing any actual source for the supposed camping discussion, creating a minor coherence gap where Bella's stated motivation lacks textual support.",
007.txt,"[cross_chapter] Bella refers to 'the beach trip' as if it already happened, but in Chapter 7 the beach trip was on Saturday and this chapter appears to take place after that. However, the timeline is confused because Bella mentions telling Charlie she went to the beach 'with some friends' in her email, but earlier in this chapter she says 'I told Charlie I had a lot of homework to do' and didn't mention going out. More significantly, Bella thinks about 'my walk with Jacob Black' as a past event, but then later the dream features Jacob warning her, suggesting the walk already happened. The inconsistency is that Bella's email says 'I went to the beach with some friends' but at the start of this chapter she told Charlie she had homework and didn't want to eat, with no mention of having already been to the beach that day. The chapter seems to span multiple days but conflates the beach trip timing.","[cross_chapter] Bella's paper is due on Wednesday in this chapter, but in the previous chapter summary, Edward told Bella that he and Emmett would be camping 'this weekend.' However, the timeline seems inconsistent. More importantly, in Chapter 6 summary, Edward reveals 'he and Emmett will be camping for the weekend.' In this chapter, Bella notes 'It was sunny again in the morning' after having a sunny day previously, and she plans to go to Seattle 'next week.' However, the bigger inconsistency is that in Chapter 7, Bella learns about vampires from Jacob on Saturday at La Push, then in this chapter she researches vampires on what appears to be Sunday (after the sunny day), and then it's 'sunny again in the morning' which would be Monday. But her paper is due Wednesday, and she mentions going to Seattle 'next week' - yet Edward had invited her to Seattle in Chapter 5 and confirmed it in Chapter 6. The inconsistency is that she seems to have given up on the Seattle trip without explanation, saying 'I refused to think that I might be shopping alone in Seattle this weekend, no longer interested in the earlier arrangement' - but the trip was supposed to be with Edward, and she doesn't explain why she thinks she might be going alone or why she's no longer interested."
007.txt,"[temporal] Bella's Macbeth paper due date changes within the chapter. First she says it's due Wednesday, then when talking to Mike she confirms Wednesday, but later she says she finished it before eight on what appears to be Monday (the day after the beach trip which was Saturday). However, the next day at school she tells Mike 'Wednesday, I think' and then later thinks 'a paper on Macbeth that was due Wednesday.' The inconsistency is that if she's finishing it on Monday for Wednesday, that's reasonable, but then she tells Jessica the trip is rescheduled for 'tomorrow night' (Tuesday), and the next morning is 'sunny again' (Tuesday), and she mentions the paper is due Wednesday. But then she says 'It was sunny again in the morning' after already having a sunny day. The timeline becomes confused with multiple sunny days and the paper due date shifting in context.",
007.txt,"[cross_chapter] Bella's knowledge of Edward's eye color shifting from black to gold is treated as established fact she observed herself, but in Chapter 3 she only noticed his eyes were black when hostile and golden when friendly—she never observed them actually shift in real-time. Here she lists 'eye color shifting from black to gold and back again' as something she observed, but this was an inference, not a direct observation. She also lists 'the way he sometimes spoke, with unfamiliar cadences and phrases that better fit the style of a turn-of-the-century novel' which was not mentioned in any previous chapter.",
007.txt,"[coherence] Bella's emotional state and decision-making are inconsistent. She spends hours researching vampires and concludes Edward might be dangerous, even having a nightmare where he's a threat. Yet she immediately decides she 'was already in too deep' and wants to be with him. This rapid switch from fear and rational analysis to romantic obsession lacks sufficient psychological transition. More specifically, she reasons that because she feared for Edward's safety in the dream (not her own), this proves her love and means she has no choice. This is logically incoherent—fearing for a dangerous predator's safety doesn't negate the danger he poses.",
008.txt,"[cross_chapter] Bella says Edward saved her twice, but this is actually the third time he has saved her. The first was when he stopped the van in Chapter 4, and the second was implied when he said 'Your number was up the first time I met you,' suggesting he saved her from his own initial murderous intent on her first day. Bella even acknowledges this third incident by saying 'That's twice now' after he saves her from the men in Port Angeles, but she's counting incorrectly—it should be at least three times by her own reasoning, or she's forgetting the van incident.","[cross_chapter] In Chapter 7, Jacob Black told Bella that the Cullens were prohibited from coming to the La Push reservation. However, in this chapter, Angela tells Bella that 'when the weather is good they go backpacking all the time—even the doctor.' This contradicts the established treaty that keeps the Cullens away from La Push. If the Cullens are prohibited from the reservation, they cannot be going backpacking there regularly as Angela suggests."
008.txt,"[coherence] Edward claims he was 'keeping tabs on Jessica, not carefully' and only noticed Bella was gone later, then found her by searching random people's thoughts. However, he also admits he followed Bella to Port Angeles specifically, and his miraculous arrival at the exact moment of her danger suggests much closer monitoring than he describes. His explanation of randomly searching thoughts doesn't align with his precise timing or his earlier statement about following her.","[coherence] Edward claims he was 'keeping tabs on Jessica, not carefully' and found Bella by reading Jessica's mind to see the bookstore, then knew Bella 'went south.' However, he also says he was 'randomly searching through the thoughts of people on the street' to find Bella. This is inconsistent—if he could read Jessica's mind to know the bookstore, he should have been able to continue reading her mind to know when Bella separated from the group, rather than needing to randomly search strangers' thoughts. His explanation of how he tracked Bella is internally contradictory."
008.txt,"[cross_chapter] Edward says 'Your number was up the first time I met you,' implying he wanted to kill her on their first day in Biology class. This contradicts his behavior in Chapter 3 when he returns friendly with golden eyes and claims he decided it would be 'more prudent' if they weren't friends—not that he wanted to kill her. The hostility in Chapter 2 was unexplained but never explicitly murderous from Bella's perspective; Edward's new revelation reframes it as lethal intent without adequate setup in previous chapters.",
009.txt,"[temporal] Edward says they got back Sunday, but Bella asks why they weren't in school 'today' (Monday), and Edward confirms they returned Sunday. However, in Chapter 8 summary, Monday was 'rare sunshine' and Edward was absent, and Tuesday was sunny again with Edward still absent. This chapter takes place Tuesday evening (dress shopping day), yet Edward says they got back Sunday and implies they could have been in school Monday. But Chapter 8 explicitly states Edward was absent Monday AND Tuesday, creating a contradiction about when the Cullens returned and whether they could have attended school.","[cross_chapter] Edward says he and Emmett returned on Sunday, but in Chapter 8's summary, the Cullens were absent for two sunny days and Bella made plans to go shopping. In Chapter 9, Edward rescues Bella in Port Angeles and takes her to dinner. The timeline is inconsistent—if they returned Sunday, they would have been in school Monday, but Chapter 8 indicates prolonged absence."
009.txt,"[cross_chapter] Bella tells Charlie she left her jacket in Jessica's car and needs her to bring it tomorrow, but earlier in this same chapter, Bella took off Edward's jacket and handed it back to him specifically because she didn't want to explain it to Charlie. There is no mention of Bella having Jessica's jacket or any other jacket. This appears to be a fabricated excuse to call Jessica, but it's inconsistent with what actually happened—Bella was wearing Edward's jacket, not Jessica's, and returned it to Edward.","[coherence] Bella claims Charlie raised her to abide by traffic laws, but she has previously been established as clumsy and accident-prone. More importantly, her immediate acceptance of Edward being a vampire contradicts her earlier stated fear and the life-threatening danger she acknowledged just moments before. She dismisses his nature as 'not mattering' despite having just learned he thirsts for her blood specifically."
009.txt,"[coherence] Edward states he can't go out in sunlight where anyone can see, yet he drove Bella home in daylight (before 8 PM in March in Forks, which would still have some twilight but earlier he was driving 'much too fast' on dark roads). More critically, he says 'I'll show you sometime' about the sunlight issue, implying he can't demonstrate it now, yet they were just driving together in the Volvo during conditions where he could potentially show her. The timing is ambiguous but his statement suggests current conditions don't allow demonstration, while they appear to be together in the car during visible hours.","[temporal] Bella tells Charlie she left her jacket in Jessica's car, but the jacket she's referring to is Edward's jacket that she borrowed during the rescue. She gives it back to Edward in the car, so there's no jacket left in Jessica's car. This creates confusion about which jacket she means and why Jessica would need to return it."
010.txt,,"[cross_chapter] Edward says he and his family 'try to blend in' with cars, yet Rosalie's red convertible is described as 'ostentatious' and conspicuous. This contradicts their established pattern of trying to remain inconspicuous in Forks, and specifically contradicts Edward's earlier behavior of avoiding attention. The Cullens' entire presence in Forks is predicated on blending in, yet they own multiple flashy vehicles that directly undermine this goal."
010.txt,,"[coherence] Edward claims he would take Bella hunting 'tonight' if it were only about her being scared, saying 'Nothing could be more beneficial for you' regarding fear. However, this directly contradicts his entire established character motivation of protecting Bella from danger and his own nature. He has consistently tried to warn her away and protect her from himself; suddenly suggesting he would expose her to his hunting behavior contradicts his protective stance and his later furious reaction to even the suggestion she might see him hunt."
011.txt,"[cross_chapter] Edward tells Bella 'Tomorrow it's my turn' to ask questions, and the next morning (Friday) he indeed questions her all day. However, this contradicts the established timeline from previous chapters. In Chapter 8, Bella notes 'Monday brought rare sunshine and Edward's absence from school, devastating Bella.' Then 'Tuesday was sunny again but Edward remained absent.' The Port Angeles trip (Chapter 9) happens after this, which would be at least Wednesday or later. Chapter 10's events follow that evening. This chapter then shows 'the next day' after Chapter 10's confession, which would be at minimum Thursday or more likely Friday. Yet in this chapter, after the Friday questioning day, they sit in front of Charlie's house until twilight when Charlie will be home 'soon,' and then 'So is it my turn tomorrow, then?' 'Certainly not!' This implies Saturday is coming. But earlier in the chapter, Charlie asks 'About this Saturday... Are you still set on going to Seattle?' and Bella confirms 'That was the plan.' This creates a timeline contradiction: Edward originally offered to take Bella to Seattle 'Saturday' in Chapter 5, which was the upcoming weekend from that point. But with multiple weeks elapsed (the beach trip was a weekend, then another week passed with the van accident aftermath, then another week with Port Angeles), the 'Saturday' Seattle trip should have already passed or be far in the future, not still the upcoming Saturday as Charlie implies.","[cross_chapter] Edward says 'Tomorrow it's my turn' to ask questions, but the next morning Bella says 'So what did you do last night?' and Edward replies 'Not a chance. It's my day to ask questions.' This is consistent. However, later in the chapter, after their day of questioning, Bella asks 'So is it my turn tomorrow, then?' and Edward says 'Certainly not!' claiming he's not done. But he had explicitly said 'Tomorrow it's my turn' - which would mean one day of his questions, then her turn. Instead, he extends his questioning indefinitely without clear explanation for why he reneged on the implied agreement."
011.txt,,"[cross_chapter] Bella asks Edward about his reaction to her wanting to see him hunt, and he describes the danger of losing control around her due to smell. However, in Chapter 10, Edward already confirmed Bella's vampire theory and explained his family's vegetarian diet and his nature. The way he describes hunting here - 'When we hunt, we give ourselves over to our senses... Especially our sense of smell' - seems to imply Bella doesn't fully understand this already, yet she does from their previous conversation. The framing suggests this is new information rather than elaboration."
011.txt,,"[coherence] Edward touches Bella's face with 'the back of his cool hand' and the touch feels 'alarmingly warm—like I'd been burned.' This is physically contradictory - his skin is described as 'as icy as ever' but leaves a 'warm' trail. While this could be interpreted as a subjective sensation, the text presents it as a physical effect ('the trail his fingers left on my skin was alarmingly warm') without explaining how cold skin could leave a warm sensation, creating a logical inconsistency in the physical description."
012.txt,"[cross_chapter] Bella tells Charlie 'My badminton team won all four games' and that Mike Newton is her partner, but in Chapter 12, badminton was described as a game she played with Mike during Gym class, not as a team sport with multiple games. The previous chapter described a single clumsy badminton game with Mike, not a competitive team with four victories.","[cross_chapter] Bella tells Charlie her badminton team won all four games, but there is no previous mention of Bella joining a badminton team or playing badminton. This activity appears suddenly without setup or prior reference in any previous chapter."
012.txt,"[coherence] Edward claims Bella's truck key will be in the ignition, and Bella thinks her key is in her jeans pocket under laundry. Yet when she checks later, the key is there and her jeans pockets are empty. While Edward's supernatural abilities could explain this, the narrative never addresses how he found the key if it wasn't where Bella thought, or if she was wrong about its location. The contradiction between her certainty and the empty pockets is left unresolved.","[cross_chapter] Bella tells Mike that Edward is 'gone away somewhere for the weekend,' but Edward is actually taking her out on Saturday. This is a lie to Mike, but she also told Jessica that Edward canceled on her. The inconsistency is that Bella is fabricating different stories to different people about the same situation, which while possible, creates a narrative inconsistency in what the reader is told versus what is actually happening. More importantly, Edward explicitly told Bella in the cafeteria that he was going hunting with Alice after lunch and would be gone for the weekend, yet he also made plans with Bella for Saturday. This creates confusion about whether Edward is actually gone for the weekend or seeing Bella Saturday."
012.txt,"[cross_chapter] Bella tells Jessica that Edward 'canceled' their Seattle trip, but in Chapter 12, there was no planned Seattle trip with Edward. The Seattle trip was originally Bella's excuse to avoid the dance, and Edward had offered to drive her to Seattle in Chapter 5 but this was never confirmed as a planned trip. In Chapter 12, they spent the day together going to school and sitting in his car. The 'canceled trip' appears to be a retroactive fabrication that contradicts the actual events of the previous day.","[coherence] Edward is described as having 'golden eyes' while sitting across from Bella at the lunch table, but earlier in the same chapter and consistently throughout previous chapters, his eye color changes based on his diet—golden when well-fed, black when hungry. However, the more significant issue is that Edward is leaving to go hunting because his eyes are presumably darkening (as mentioned: 'His eyes seemed to darken in color as I watched'), yet moments later when Alice arrives, his eyes are described as golden again without explanation of the change."
013.txt,"[cross_chapter] Edward's eye color is described as 'butterscotch' and 'golden' in this chapter, but in Chapter 3 his eyes were described as having shifted from black to golden when he returned after being absent. In Chapter 10, Bella noted his eyes were black again when he was thirsty. The chapter mentions 'after hunting' as the reason for the lighter color, but earlier established that golden eyes indicate vegetarian vampires who have recently hunted, while black indicates thirst. However, there's inconsistency in how this is tracked—Bella shouldn't be surprised by the golden color since she's seen it before, yet she notes it as if remarking on a daily change without clear reference to the established pattern.","[coherence] Edward's skin is described as having 'pale lavender lids' for his eyes, but earlier and consistently throughout the chapter his eyes are described as golden/butterscotch. Lavender refers to a purple color, which contradicts his established eye color. Additionally, 'pale lavender lids' suggests purple eyelids, which is inconsistent with his skin being described as white/pale and sparkling."
013.txt,"[coherence] Edward describes his skin as sparkling like diamonds in sunlight, which is a major vampire trait reveal, but in Chapter 10 he explicitly told Bella he 'cannot appear in sunlight' without explaining what would happen. The natural interpretation would be harm or destruction, but here he simply sparkles beautifully with no negative effects. This creates a coherence issue between what was implied/threatened and what actually occurs—sunlight is not dangerous but merely revealing, which contradicts the ominous warning he gave earlier.","[coherence] Edward rips a branch from a 'spruce' tree, but immediately before this he was standing 'in the deep shade of a huge fir tree.' These are different types of trees (fir vs. spruce), creating a location inconsistency within the same scene unless there are multiple large trees very close together, which is not described."
013.txt,,"[cross_chapter] Edward states that Jasper is 'the most recent to join our family,' but in Chapter 12's summary, it was established that Edward's family members include Carlisle, Esme, Rosalie, Emmett, Alice, and Jasper. The previous chapters never established Jasper as the newest member—this is new information that may contradict earlier implications. More importantly, Edward says 'Emmett has been on the wagon longer, so to speak,' implying Emmett joined before Jasper, but this ordering was not previously established and seems to be presented as if Bella should know it."
013.txt,,"[cross_chapter] Edward mentions that when he tried to avoid Bella after their first Biology class, he 'traded cars with [Carlisle]—he had a full tank of gas and I didn't want to stop.' However, in Chapter 3's summary, Edward was simply absent for several days with no explanation given to Bella. The car trade and immediate departure to Alaska is new information that doesn't directly contradict previous chapters, but Edward's sudden disappearance was previously mysterious. More significantly, Edward says 'By the next morning I was in Alaska,' yet in Chapter 3 he was absent for 'several days' (from Tuesday through the weekend). If he went to Alaska immediately after their first Biology class and returned by Monday, this timeline is compressed but possible. However, he says he 'spent two days there' and was 'homesick,' implying a longer absence than just a quick trip, which better matches the 'several days' absence. This is more of a clarification than a contradiction, but the 'next morning' arrival in Alaska with a two-day stay does fit the timeline roughly."
014.txt,"[cross_chapter] Edward says he was born in Chicago in 1901 and Carlisle found him in 1918 when he was seventeen. However, if he was born in 1901, he would have been sixteen or seventeen in 1918 (depending on birth month), which is consistent. But in Chapter 10's summary, Edward 'cannot sleep' yet in this chapter he says 'If I could dream at all, it would be about you' — this is consistent actually. More critically: Edward says 'In the last hundred years or so' suggesting he's been alive about 100 years, but from 1901 to the present (roughly 2005 in the story timeline) would be about 104 years, and as a vampire since 1918 would be about 87 years. The 'hundred years or so' as a vampire is slightly off but roughly acceptable. However, the main error: Edward says 'I'm only beginning to guess how difficult that journey was for her' referring to Rosalie carrying Emmett 100 miles, yet in Chapter 10's summary Edward already demonstrated perfect knowledge of vampire capabilities and limitations, and he should already fully understand how difficult carrying a human while resisting bloodlust would be.",
014.txt,"[coherence] Edward states that Carlisle changed him in 1918 when he was dying of Spanish influenza at age seventeen, and that his parents had already died. However, he also says Carlisle chose him because 'in all the chaos of the epidemic, no one would ever realize I was gone.' Yet Edward also says he 'was born in Chicago in 1901' and was in a hospital. If his parents had died and he was alone, why would anyone need to 'not realize he was gone'? If he was truly alone with no family, there would be no one to notice regardless. The explanation only makes sense if he had family who might miss him, but he explicitly states he was alone because his parents had died.",
014.txt,"[temporal] Edward says 'I come here almost every night' referring to watching Bella sleep. However, in Chapter 10's summary, this is described as 'the first night I came here' when discussing the night after Mike asked Bella to the dance. The timeline is inconsistent — Edward claims he's been coming 'almost every night' but earlier established that the night after the dance invitation was his first time. Additionally, Bella's internal thought 'See you creeping into my room tonight at midnight to check on me' suggests Charlie's checking is a known pattern, but this seems to be a new behavior triggered by her suspicious behavior rather than an established routine.",
015.txt,"[cross_chapter] Edward claims he could 'hardly leave in the clothes I came in' implying he went home, but previous chapter (15) established he stays in Bella's room all night watching her sleep and hides when Charlie comes home. There's no indication he left and returned with fresh clothes—he would have had to sneak out, go home, change, and sneak back in before Bella woke, which contradicts his established pattern of staying all night.","[cross_chapter] Edward claims Charlie reattached Bella's battery cables, but in Chapter 13, Edward himself disabled Bella's truck by removing the battery cables to prevent her from visiting La Push. There is no indication Charlie knew about this or that the cables were left disconnected. Edward's statement implies Charlie found and fixed the sabotage without comment, which contradicts the secretive nature of Edward's actions and Charlie's established character."
015.txt,"[coherence] Edward says Charlie left 'an hour ago' and reattached Bella's battery cables, but in Chapter 10, Edward removed Bella's battery cables to prevent her from going to see Jacob. There's no explanation for why Charlie would reattach them or how he knew they were disconnected. This creates a logical gap about who reconnected the cables and why.","[cross_chapter] Edward states that Alice 'sees some visitors coming soon' and that Carlisle wanted to tell him this news. However, earlier in the same conversation, Edward already revealed that 'Alice sees the future' to Bella when explaining family abilities. The phrasing 'some visitors' and Edward's later protective reaction suggests this is new information to him, yet Alice's ability to see the future should have made this foreseeable. More critically, Edward says 'they know we're here, and they're curious'—but the Cullens have lived in Forks for years, making 'coming soon' visitors who just now discover them inconsistent with established continuity unless these are specific nomadic vampires with prior knowledge."
015.txt,"[cross_chapter] Bella says 'He already knows you' when Edward suggests introducing himself as her boyfriend, but in Chapter 12, Edward specifically did NOT want Charlie to know about their relationship and hid in Bella's room when Charlie came home. Edward's sudden desire to formalize their relationship to Charlie contradicts his previous secrecy and fear of discovery.","[coherence] Edward claims Carlisle 'just celebrated his three hundred and sixty-second birthday' and was born 'in the sixteen-forties,' yet also states the cross was made in the 'early sixteen-thirties' by Carlisle's father. If Carlisle was born in the 1640s, his father could not have carved and used the cross in the 1630s as a vicar. The cross predates Carlisle's birth by approximately a decade, making it impossible for it to have been carved by his father for his own vicarage where he preached."
016.txt,"[cross_chapter] Edward states Carlisle found him in Chicago during the influenza epidemic, but in Chapter 15's summary, Edward said he was transformed by Carlisle in 1918 during the Spanish influenza epidemic. The Spanish influenza primarily hit in 1918, but the location discrepancy is notable—Chapter 15 doesn't specify Chicago, though this chapter does. More significantly, in Chapter 15's summary, Edward was said to be born in 1901 and transformed in 1918, making him 17 when transformed. This chapter's account is consistent with that timeline, but the summary of Chapter 15 says 'Edward was born in 1901 and transformed by Carlisle in 1918 during the Spanish influenza epidemic' without mentioning Chicago. This is a minor inconsistency in detail level but not a direct contradiction.","[cross_chapter] Edward says he went through a rebellious period 'about ten years after I was... born... created' and that 'It took me only a few years to return to Carlisle.' However, in Chapter 12, Edward tells Bella that Carlisle found Esme 'after he left me,' implying Esme was found during his absence. But in Chapter 16 (previous chapter summary), Carlisle's history is being told as a continuous narrative where he found Esme, and Edward was already part of the family when Esme was found. The timeline is inconsistent—if Edward left for 'a few years' during his rebellious period, this would be too brief for Carlisle to have 'left' him, found Esme, and for Edward to then return to them as a couple. The phrasing in this chapter suggests Edward returned to 'Carlisle and Esme' together, but the timeline of Carlisle finding Esme during Edward's absence doesn't align with the 'few years' duration mentioned here."
016.txt,"[cross_chapter] In Chapter 10's summary, Bella 'confesses that his nature doesn't matter to her because she loves him' and 'falls asleep with the certainty that Edward is a vampire who thirsts for her blood, and that she is irrevocably in love with him.' However, in this chapter, Edward says 'I know that at some point, something I tell you or something you see is going to be too much. And then you'll run away from me, screaming as you go,' and Bella's internal reaction to his vampire nature is still one of shock and surprise throughout this chapter (e.g., 'I flinched,' 'My voice was faint,' 'I shivered'). While not a direct contradiction, the emotional trajectory seems inconsistent—Bella already declared her love and acceptance in Chapter 10, yet in this chapter she is still reacting with fear and shock to basic vampire facts Edward reveals, and Edward acts as if he hasn't yet told her anything substantial about his nature.",
017.txt,"[cross_chapter] Billy's vehicle color contradicts previous chapter. In Chapter 12, Jacob and Billy arrive in 'a black car' and Edward describes it as 'the black car, a weathered Ford.' However, in this chapter, Bella notes 'their car as it backed out,' with no mention of it being black, and the initial description in this chapter also calls it 'a black car.' This is actually consistent—removing this error upon re-check. The actual error is: In Chapter 12, Billy arrives in a black car, but in this chapter's opening, Bella describes seeing 'the black car, a weathered Ford, parked in Charlie's driveway'—consistent. However, in Chapter 12, Edward says 'the child has no idea' about Jacob, yet in Chapter 7, Jacob already told Bella about the Quileute legends and 'the cold ones' being vampires, and Bella explicitly used 'feigned flirtation' to extract information about the Cullens. So Jacob does have some idea about supernatural matters, and more importantly, Bella already knows Jacob knows about supernatural legends, making Edward's claim that 'the child has no idea' misleading about what Jacob knows of supernatural matters generally, though Edward may mean Jacob doesn't know about Bella specifically dating Edward.","[cross_chapter] Billy brings 'Harry Clearwater's homemade fish fry' and says 'The fridge keeps it drier,' but then Charlie says 'I'll go grab a few pieces before they freeze' and Bella says 'I put it out in the freezer.' This contradicts Billy's explicit instruction to refrigerate it, and makes no sense for fish fry which would not normally be frozen."
017.txt,"[cross_chapter] Bella tells Jessica she 'just hung around outside to enjoy the sun' on Saturday, but in Chapter 7, Bella actually went to La Push beach with Mike, Jessica, and others, where she met Jacob Black and learned about the Quileute vampire legends. This is a direct contradiction—she was not 'just hanging around outside' but was at the beach with Jessica herself present.","[cross_chapter] Edward tells Bella 'I'll be back around dusk' and she notes 'knowing I would be in my raincoat all night anyway,' yet when Edward arrives it is still raining heavily and they drive to the baseball game. However, when they arrive at the field, 'The rain was a mere drizzle, slowing every second, the sky brighter through the clouds' and 'It was barely misting now; Alice was going to be right.' This timeline is compressed—dusk in Forks would be late, and the storm was supposed to be the reason for playing baseball at night, yet the rain clears too quickly and they seem to travel far in minimal time."
017.txt,"[coherence] Bella internally notes that Charlie 'likes the Cullens a lot' when trying to deflect Billy's concerns, but when she actually tells Charlie about dating Edward, he reacts with shock and anger, saying 'He's too old for you' and appearing to have an 'aneurysm.' This suggests Charlie does not actually 'like the Cullens a lot' in the context of his daughter dating them, which undermines Bella's earlier defensive claim to Billy. However, this could be interpreted as Charlie liking them as a family generally but not for his daughter romantically—partially defensible but still a tension in the narrative logic.","[coherence] Billy warns Bella about the Cullens and mentions their 'unpleasant reputation on the reservation,' yet he came to Charlie's house specifically to warn Charlie about Bella's involvement with Edward. However, Billy never actually speaks to Charlie—Charlie is conveniently not home. Billy then leaves without accomplishing his stated goal, and his entire visit becomes narratively pointless except to create tension. This is a coherence issue because Billy's actions don't logically follow from his stated motivations—if he were truly concerned, he would have returned or found another way to contact Charlie."
017.txt,,"[cross_chapter] Edward tells Bella 'The child has no idea' referring to Jacob, and Bella bridles at the word 'child.' However, in Chapter 7, Jacob was established as a high school sophomore (15-16 years old) while Bella is a junior (17 years old). The age difference is minimal, making Edward's characterization of Jacob as 'child' disproportionate and inconsistent with the established age gap. Additionally, Edward himself is over 100 years old, making his distinction between 17 and 16 as 'child' versus not-child logically inconsistent."
018.txt,"[cross_chapter] Edward claims to have seen James's mind and knows his plans, but in Chapter 9 and previous chapters, Edward explicitly states he cannot read Bella's mind—she is his sole exception. However, he never states he can read other vampires' minds, and in fact vampire minds are generally described as different. More critically, in Chapter 9 Edward says 'I can read every mind in this room apart from yours,' referring to humans. The narrative later establishes that Edward cannot read vampire minds consistently (Alice's visions block him, etc.). James is a vampire, so Edward reading his mind contradicts established limitations.","[cross_chapter] In Chapter 17, Alice and Jasper 'arrive' to invite them to baseball, implying they were not already present. However, in this chapter, Jasper is already with the Cullen family at the baseball game when the visitors arrive, and Alice is also present. The previous chapter summary states Alice and Jasper 'arrive' to invite them, suggesting they came from elsewhere, but all Cullens are together at the game in this chapter with no indication Alice and Jasper were separate."
018.txt,"[coherence] Bella's plan involves making James believe Phoenix is a ruse while actually going there, but her logic is circular and self-defeating. She says James will hear she's going to Phoenix, then claims he'll know they know he's listening, making it a 'ruse'—but then she's actually going there, which means it's not a ruse. The nested deception ('he'll know that we'll know that he's listening') doesn't logically support her conclusion that 'he'll never believe I'm actually going where I say I am going.' If anything, this meta-awareness would make him more suspicious, not less. The plan's internal logic is incoherent.","[coherence] Edward claims he 'saw his mind' regarding James's plan, but earlier in the series (Chapter 10 and others), Edward's mind-reading ability is established as hearing thoughts, not seeing them. This is a minor inconsistency in how his power is described."
018.txt,"[cross_chapter] Edward tells Bella 'We've been there before' regarding hiding from authorities, but this contradicts the established history in Chapter 16-17 where Carlisle's family has maintained permanent residences and specifically avoided detection by moving cautiously, not by being hunted by FBI. More importantly, in Chapter 16 Carlisle explains they have 'permanent residence' and in Chapter 17 Edward describes Carlisle's careful, isolated existence. The Cullens have never been in a situation where Charlie called the FBI on them specifically, making Edward's statement misleading or false.","[coherence] Alice says 'I don't see him attacking' but then immediately says 'He'll try to wait for us to leave her alone.' If she can see the future, she should be more definitive about whether he attacks or waits, not contradict herself in consecutive statements. The 'I don't see him attacking' implies he doesn't attack in her vision, but then she describes him waiting, which is a different action."
018.txt,,"[cross_chapter] In Chapter 10, Edward confirms he is a vampire and discusses his mind-reading abilities, his family's vegetarian diet, and his inability to sleep. However, in this chapter, Laurent expresses shock at the concept of a 'permanent residence' and 'home,' suggesting such things are unheard of among vampires. Yet Edward had already told Bella about Carlisle's studies in Europe, the Volturi, and other vampire civilizations. The idea that vampires wouldn't have permanent settlements contradicts what Edward already revealed about vampire society, and Carlisle's mention of 'another permanent settlement like ours up near Denali' suggests this isn't unique. Laurent's surprise seems artificially exaggerated for dramatic tension, inconsistent with established vampire worldbuilding."
019.txt,"[coherence] Bella tells Edward 'Don't listen to another word I say tonight!' immediately before kissing him and then yelling at him to go away. However, Edward does continue listening to her words and follows the plan—they coordinate her escape together, with Edward helping her pack, zipping her bag, and telling her where to meet him. If Edward had literally obeyed her instruction to not listen to another word, the plan would have failed. This is a logical inconsistency in the narrative: Bella's instruction is meant as dramatic irony for the reader (since she's about to perform a deception), but it's impossible for Edward to both follow the plan AND not listen to her words.","[coherence] Bella tells Edward 'Don't listen to another word I say tonight!' but Edward has already been listening to her throughout their conversation on the porch, including her declaration of love and discussion of the plan. This instruction is logically impossible to follow since he's already heard multiple words, and it makes no sense as a retroactive command."
019.txt,,"[cross_chapter] Bella claims she 'barely knew' Emmett, but in Chapter 16 she met Emmett at the Cullen house and interacted with him. More significantly, in Chapter 18 she attended a baseball game with the entire family including Emmett, and in Chapter 19 she was in crisis planning with him in the Jeep. She has had substantial recent interaction with him, making 'barely knew him' inaccurate for the timeline."
019.txt,,"[coherence] Edward drives Bella's truck with her on his lap after pulling her across from the driver's seat, yet the truck 'didn't swerve an inch' despite this impossible physical maneuver. The description of how he changed seats while the vehicle remained in motion at speed is physically implausible, especially given Bella was actively driving and crying."
020.txt,"[cross_chapter] Bella remembers 'the dead look in Edward's eyes after he kissed me the last time' but in previous chapters, Edward and Bella had only one kiss in the meadow (Chapter 14), and it was described as intense but not with Edward having a 'dead look' afterward. The 'last time' phrasing implies multiple kisses, but their first kiss was in the meadow scene which just happened, and Edward's reaction was bloodlust struggle, not a 'dead look.'","[cross_chapter] Bella says 'I haven't been there in almost ten years' and was 'eight or nine' when she attended dance lessons, yet she also says the studio was 'just around the corner from my mom's house' and she 'used to walk there after school.' However, in Chapter 2, Bella states she lived with her mother in Phoenix until age 17 and only moved to Forks recently. If she was 8-9 then and is now 17, that's about 8 years, not 'almost ten years.' More significantly, if the studio was in Phoenix and she lived there until 17, she would have been very familiar with the area, yet she acts as if Phoenix is distant from her current life. The timeline and her familiarity with Phoenix locations don't align with her recent move."
020.txt,"[cross_chapter] Bella says she learned about vampires from Jacob and 'the Quileute legends' in Chapter 10, but in Chapter 7 Jacob only told her about 'the cold ones' and that the Cullens were treaty-forbidden. He never used the word 'vampire' or explicitly said the Cullens were vampires—Bella deduced this herself. However, in this chapter, Bella recalls 'Edward said that it was very hard to do' regarding biting someone without killing them, but this specific conversation about the difficulty of controlled biting never occurred in previous chapters. Edward warned her away and revealed his nature, but never discussed the mechanics of controlled biting with her before.","[coherence] Alice describes the tracker being 'in the dark now' and 'watching TV… no, he's running a VCR, in the dark, in another place.' Later she says 'He's touching the VCR there, but he doesn't watch the way he does in the dark room.' This creates confusion about whether there are two rooms (the mirror room and a separate dark room) or if the dark room is where he's watching the VCR. The description shifts between 'the dark room' as a distinct location and 'in the dark' as a condition, making it unclear if Alice is describing one room or two separate locations."
020.txt,"[coherence] Alice claims 'It’s been almost a century that Edward’s been alone' but Edward was born in 1901 and transformed in 1918, making him alone for about 90 years. However, he was with Carlisle, Esme, and later Rosalie and Emmett during this time. The phrasing 'alone' is emotionally misleading—he had his family. More importantly, Alice herself only joined the family later (her history is mysterious but she wasn't there from the beginning), so her perspective of 'almost a century' is inconsistent with her own timeline of not knowing Edward for his entire vampire existence.","[coherence] Bella is extremely worried about her mother's safety and calls her home number in Florida to leave an urgent message. However, she never considers calling Charlie directly despite thinking about him multiple times. She thinks 'I thought about calling Charlie, but I wasn't sure if I should be home by now or not.' This is inconsistent with her established character motivation—she's desperate to protect loved ones from the tracker, yet she avoids contacting her father because of a minor cover story concern, even though she already told Charlie she was leaving in the previous chapter. Her prioritization doesn't match her emotional state."
020.txt,"[cross_chapter] Bella recognizes the dance studio from Alice's sketch and describes it in detail, including that 'the stereo was here' in the left corner and 'there wasn't a TV.' However, when she actually arrives at the studio later in the story, these details will be significant. More immediately problematic: Bella says 'I haven't been there in almost ten years' and 'I was eight or nine,' making her currently about 17-18, which matches. But she also says 'I used to walk there after school' and gives the address as 'Fifty-eighth Street and Cactus.' In Chapter 1, Bella's mother lives in Phoenix, and Bella moved to Forks to live with Charlie. The studio being 'around the corner from my mom's house' is consistent, but Bella's detailed memory of the interior layout after ten years, including the exact placement of a stereo, strains credibility and becomes suspiciously plot-convenient.","[temporal] The chapter states 'we'd raced across the black freeways at more than twice the legal speed' and 'I didn't have enough emotion left to be surprised that we'd made a three-day journey in one.' However, they left Forks during/after the baseball game which was in the evening, arrived in Phoenix at dawn (seeing the 'Valley of the Sun'), and Bella wakes at 3 AM the next day. The timeline suggests they traveled overnight and part of a day, not 'one' day for a 'three-day journey.' The compression of time is exaggerated—the journey from Forks, WA to Phoenix, AZ is approximately 1,400 miles, which at 'more than twice the legal speed' (so roughly 140+ mph average) would take about 10 hours, not three days normally. Normal driving would be about 20-22 hours (2 days with stops). The 'three-day journey in one' claim doesn't match realistic travel times for this route."
021.txt,"[cross_chapter] Bella says 'I can't win, Alice. You can't guard everyone I know forever' and later 'He's not tracking me at all. He'll find someone, he'll hurt someone I love,' but in Chapter 19, James explicitly became obsessed with hunting Bella specifically after catching her scent at the baseball game. The Cullens' entire escape plan was based on James tracking Bella, not her loved ones. This contradicts Bella's claim that James is not tracking her.","[cross_chapter] In Chapter 21, Bella leaves an urgent message for her mother Renée in Florida warning her not to return home. However, in this chapter, Bella's mother has apparently arrived ahead of schedule at her house in Phoenix, and James has captured her there. There is no explanation for why Renée returned to Phoenix despite Bella's explicit warning, or how James knew she would be there. The chapter states 'I was prepared to wait, but your mother arrived ahead of schedule,' but this contradicts the previous setup where Renée was warned to stay away."
021.txt,"[coherence] Bella states 'I already knew where I would go, and where this would end' and later 'I knew it may not work' regarding saving her mother, yet she also thinks 'there was no way to bargain, nothing I could offer or withhold that could influence him' and 'For I had no choices now but one: to go to the mirrored room and die.' This creates a logical contradiction: if she believes James will kill her mother regardless and she has nothing to bargain with, why does she believe going to him might save her mother? The text presents both certainty of futility and desperate hope without clear resolution.","[coherence] Alice has a vision of James in a room with a VCR, which Bella identifies as her mother's family room. However, Bella's mother had just moved to Florida with Phil, and Bella had been living in Forks. The house in Phoenix should be unoccupied or sold. Yet James somehow has Bella's mother captive there, and the room is described as if it's still furnished and lived-in. There's no explanation for why Renée would be back in this house or why it still has a VCR and phone."
021.txt,,"[coherence] Bella states she already knows 'where I would go, and where this would end' — referring to 'the mirrored room' and 'the mirror room' — but there has been no prior mention of a 'mirrored room' in this chapter or in the previous chapter summaries. In Chapter 21, Alice had a vision of 'a mirrored room with gold trim' which Bella recognized as a ballet studio from her childhood dance lessons. However, in this chapter, Bella refers to it as simply 'the mirrored room' multiple times without re-establishing this connection, and the 'gold trim' detail is omitted. More importantly, James instructs Bella to go to her mother's house and call a number, but Bella internally plans to go to 'the mirrored room' instead — yet these are presented as different locations (her mother's house vs. the ballet studio), creating confusion about where she actually plans to go and how James's instructions relate to her destination."
022.txt,,"[cross_chapter] Bella recognizes the ballet studio from her childhood, but in Chapter 21's summary, it states 'Bella recognizes as a ballet studio from her childhood dance lessons in Phoenix.' However, in this chapter, Bella thinks of her mother in relation to the studio ('my mother standing in the shade of the big eucalyptus tree where I'd played as a child') but never explicitly confirms she took dance lessons there herself. More significantly, in Chapter 22's summary, Bella receives a call where 'James reveals he has captured her mother Renée,' but in this chapter, James reveals it was a trick—her mother was never captured and is still in Florida. This contradicts the Chapter 22 summary which states James 'reveals he has captured her mother Renée' as if it were true, when in fact it was a deception."
022.txt,,"[coherence] James states that Alice was the one victim who escaped him, and that he 'destroyed the old one in vengeance.' However, he also says 'the old vampire made her a strong new vampire, and there was no reason for me to touch her then.' This creates a logical inconsistency: if there was 'no reason for me to touch her then' because she was already a vampire, then she didn't technically 'escape' him as prey—she was simply transformed before he could kill her. The framing of her as an 'escapee' implies he still intended to hunt her, but his own explanation suggests he lost interest once she was turned. Additionally, he says 'I destroyed the old one in vengeance' but also implies the transformation happened 'ages ago'—yet Alice appears young and was turned in the 1920s, which while old for a human is not 'ages ago' in vampire terms, and the Cullens have only been together for a few decades."
023.txt,,"[cross_chapter] In Chapter 22, Bella receives a phone call from James who reveals he has captured her mother Renée, and Bella believes this enough to sacrifice herself. However, in this chapter, Bella reveals 'He tricked me, Edward. He watched our videos' - meaning James never actually had her mother. While this is a revelation to Bella, the narrative issue is that James's phone call trick (using Renée's voice or a recording) is never fully explained in the previous chapter summary, creating a slight gap in how the deception worked. More importantly, in this chapter Bella says 'Alice, the video—he knew you, Alice, he knew where you came from' - but this revelation about Alice's past with James comes from James himself during the attack, and there's no indication in Chapter 23's summary that James revealed this information to Bella before she lost consciousness. The summary states 'James reveals his history with Alice as his only escaped victim' but Bella was unconscious from blood loss when this was supposedly revealed. This creates a contradiction: how does Bella know about Alice's connection to James if she was unconscious when he revealed it?"
024.txt,"[cross_chapter] Edward claims Alice called Charlie and Renée, but in Chapter 22, Bella was the one who called her mother in Florida to warn her not to return home. There is no indication Alice had any contact with Renée prior to this, and Renée's sudden presence in Phoenix contradicts the established timeline where she was supposed to stay in Florida for safety.","[cross_chapter] Edward states Alice was 'always in the dark' about why she didn't remember her past, but in Chapter 24's summary, Bella reveals to the Cullens that 'James's knowledge of Alice's past' during the ballet studio attack. If James told Bella about Alice's past, and Alice learned about her past from the tape (as mentioned in this chapter), then Alice was not 'always in the dark'—she learned her past from the tape that Edward confirms she saw."
024.txt,"[coherence] Edward claims the cover story is that Bella tripped on stairs at his hotel, yet earlier he states she 'fell down two flights of stairs and through a window.' These are contradictory explanations—tripping on stairs does not typically result in falling through a window, and the two explanations are presented as the same story without acknowledging the inconsistency.","[coherence] Edward claims he came to Phoenix 'to talk some sense into' Bella and convince her 'to come back to Forks,' but this contradicts the established narrative where Edward followed Bella to Phoenix specifically to save her from James after Alice had a vision of Bella at the ballet studio. The cover story for Renée doesn't match the actual reason Edward was in Phoenix, which was urgent rescue, not a casual intervention."
024.txt,"[cross_chapter] Edward states that Alice 'had a little bit too much fun fabricating evidence' including broken windows at the hotel, but in Chapter 20, the Cullens' plan involved elaborate scent confusion and multiple vehicles with no mention of Alice fabricating physical evidence at a hotel. The hotel cover story appears to be invented after the fact without prior setup, and the 'broken windows' detail contradicts Edward's earlier statement that there were 'no broken windows' as a flaw in the story.","[cross_chapter] Bella tells her mother she has 'a couple of girlfriends' in Forks as a reason to stay, but the previous chapters establish Bella as isolated and specifically not close to any girls. In Chapter 8, she struggles to maintain 'normal interactions' and her only social outing was dress shopping where she got separated from Jessica and Angela. Her closest associations are with boys who asked her to dances (Mike, Tyler, Eric), not female friends."
025.txt,"[cross_chapter] Edward claims he promised not to let go of Bella tonight, but there is no previous mention of such a promise in this chapter or earlier chapters. The only promise referenced in previous chapters was Bella's promise not to go into the woods alone (Chapter 10), not Edward promising to hold Bella all night.","[cross_chapter] Bella is described as having a 'bulky walking cast' and 'other foot was still securely encased in plaster,' but in Chapter 24, Carlisle treated her broken leg and in Chapter 25 she was in a hospital in Phoenix with no mention of a cast being applied. The timeline suggests she was immediately hospitalized, treated, and then returned to Forks, with no gap where a cast would have been applied and her condition worsened to need a walking cast rather than a more temporary solution."
025.txt,"[coherence] Bella states she is wearing mascara and worries about it smudging, but earlier she describes being dressed by Alice who 'played hairdresser and cosmetician.' However, Bella also claims she is 'very uncharacteristically wearing mascara,' which contradicts Alice having done her makeup—if Alice applied full makeup including waterproof makeup as Bella later speculates, then wearing mascara would not be 'uncharacteristic' for this occasion. Additionally, Bella's hand comes away 'unblackened' suggesting no smudging, but she had just been crying angry tears while dancing and being spun around, making it implausible that no mascara transferred at all, even waterproof mascara.","[cross_chapter] Bella mentions 'the shoe' and 'Only one shoe, as my other foot was still securely encased in plaster,' but she is described as wearing a stiletto with 'satin ribbons' on her good leg. However, in Chapter 24, her injuries included a broken leg and a bitten hand. The narrative doesn't explain how she could wear a stiletto heel with satin ribbons on a recently broken leg, even if it's healing. The description of her mobility and footwear doesn't align with the severity of injuries described in the previous chapter."
025.txt,,"[cross_chapter] Edward mentions that if he'd 'died in nineteen-eighteen like I should have,' but in Chapter 16, Carlisle's origin story placed his transformation in the 17th century (1600s), and Edward was transformed later. The timeline is inconsistent—Edward was not born in 1918; he was born in 1901 and transformed in 1918. Saying he 'should have died in nineteen-eighteen' refers to his transformation year, but this phrasing is awkward since he didn't die then, he was transformed into a vampire."
025.txt,,"[coherence] Bella states that 'In Phoenix, they held proms in hotel ballrooms,' implying this is her first Forks prom experience. However, she is a junior (established in earlier chapters) and this is her first year at Forks High School. She would not have attended a Forks prom before, so comparing Forks' gym prom to Phoenix proms makes sense, but her shock at the gym venue seems overstated given she's new to the school. More importantly, she mentions 'the date on the posters that decorated the school buildings' that she missed, but she had been absent from school due to her injuries and the James incident, making it unclear when she would have seen these posters or why they'd still be up if prom was imminent."
026.txt,"[cross_chapter] Bella states that Alice is trapped by brilliant sunlight and only she (Bella) is free to run, but in Chapter 14, Edward reveals that sunlight causes vampires to sparkle, not incapacitate them. Alice and other vampires can move freely in sunlight—they simply avoid it to prevent revealing their nature. There is no indication in previous chapters that sunlight physically traps or restrains vampires. This contradicts established vampire mechanics in the story.","[cross_chapter] The chapter states 'Alice had said there was a good chance we would both die here,' but in the previous chapter (Chapter 22), Bella escaped from Alice and Jasper at the Phoenix airport without Alice expressing any fatalistic predictions about their survival chances. Alice was actively trying to protect Bella and had no indication they would die. This appears to be a misattribution or invented prior conversation."
027.txt,"[cross_chapter] Bella asks 'What is a Volturi?' despite having learned about them in Chapter 17 when Edward showed her Carlisle's painting and mentioned 'Aro, Caius, and Marcus, nighttime patrons of the arts.' She also should remember from Chapter 10 when Edward mentioned 'the Volturi' by name during their Port Angeles conversation. This contradicts her established knowledge.",
027.txt,"[coherence] Bella claims she 'would never forget' Carlisle's painting and remembers 'the calm quartet of men' including Carlisle, yet earlier she had to ask 'What is a Volturi?' despite the painting depicting the Volturi. If she remembered the painting so vividly, she should have recognized the name or at least connected it to the 'three others' Carlisle knew in Italy.",
027.txt,"[cross_chapter] Bella says Edward 'had drawn many careful lines for our physical relationship, with the intent being to keep me alive' and mentions 'his razor-sharp, venom-coated teeth,' but in Chapter 14 they shared their first kiss in the meadow which 'dangerously triggered Edward's bloodlust.' The narrative here treats their physical relationship as established with ongoing boundaries, which is consistent, but the specific phrasing about 'many careful lines' and her tendency to 'forget about trivial things like that when he was kissing me' suggests a pattern of intimacy that doesn't fully align with the extreme danger established in Chapter 14 where a single kiss nearly caused him to kill her. However, this is minor and arguably developmental rather than a clear error.",
028.txt,"[cross_chapter] Bella asks 'His eyes were green?' and Carlisle confirms 'Yes,' but in Chapter 15, Edward already told Bella he was born in 1901 and transformed in 1918, and in Chapter 16-17, Edward showed Bella paintings and told her his entire history including his human appearance. Bella should already know Edward's original eye color was green from these previous conversations, making her surprise here inconsistent with established knowledge.","[coherence] Edward is described as 'not breathing' multiple times, but later 'his voice was breathless, too' during the kiss scene. Vampires don't breathe, making this impossible."
028.txt,"[coherence] Carlisle states he was born 'nearly four hundred years now,' but later says he became a vampire in 17th-century London (1640s). If this is 2005-2006 (when the story is set), he would be approximately 360-370 years old, which is close to but not 'nearly four hundred.' More importantly, in Chapter 17, Edward showed Bella paintings of Carlisle's history including his transformation in the 1640s, establishing this timeline. The 'nearly four hundred years' claim is slightly inflated but more problematically, Bella acts as if she's hearing Carlisle's history for the first time despite Edward already showing her the paintings and telling her this story in detail in Chapter 17.","[cross_chapter] Bella says 'I'd rather die than be with Mike Newton' and Edward responds 'Don't be melodramatic, please.' However, in Chapter 10, Bella already declared her love for Edward and her acceptance of his vampire nature, and they've been in a committed relationship for many chapters. Edward's suggestion that Mike Newton would be 'healthier' for her contradicts his established intense devotion and possessiveness."
028.txt,"[emotional] Edward's emotional state shifts abruptly and inconsistently. He leaves the room supposedly to find Jasper, but when he returns, his eyes show something he's 'trying very hard to hide.' Then he becomes detached and cold, suggesting Bella should be with Mike Newton, and refuses to stay the night—only to immediately reverse course when Bella uses 'reverse psychology' about her birthday. His sudden remoteness and self-loathing, followed by just as sudden compliance, feels emotionally incoherent without clearer transition. The 'death penalty' comment also contradicts his earlier intense protective behavior.","[coherence] Carlisle burns the bloody gauze and glass in a crystal bowl with a match, claiming 'That ought to do it.' However, vampire venom is described as highly flammable and dangerous throughout the series, and the smell of blood alone causes vampires to frenzy. The casual burning of blood-soaked materials in an open bowl in the same room where vampires are struggling with bloodlust is inconsistent with established vampire physiology and the extreme caution shown elsewhere."
029.txt,"[cross_chapter] Edward removes all evidence of his existence including photos, but Bella still has the developed photographs she picked up from Thriftway. The narrative states he was thorough in removing evidence, yet these external photos remain unmentioned as removed. More critically, Edward's ability to remove photos from Bella's CD player and album while she was in the living room with Charlie is never explained—he had no opportunity to enter her room undetected.","[coherence] Edward claims Alice wanted to say goodbye but he convinced her a clean break would be better, yet earlier Bella thought Alice would have to come back for school and would be at her place all the time to avoid hurting Charlie's feelings. If Alice truly left permanently with no intention of returning, this contradicts Bella's reasonable expectations about Alice's behavior patterns. More critically, Edward says 'They're all gone' and 'I stayed behind to tell you goodbye,' implying the entire family left together, but earlier Alice and Jasper had already left separately for Denali, and Rosalie and Emmett were mentioned as already gone. The timeline of departures is muddled—were they all gone already or did they all leave together now?"
029.txt,"[coherence] Bella develops the film from her camera and finds pictures of Edward, including one from 'Charlie's kitchen' with 'warm eyes touched with tolerant amusement' and another of 'Edward and Charlie, watching ESPN.' However, earlier in the chapter, Bella took pictures of her room, her truck, the house, and the forest—she never took a picture of Edward in the kitchen with warm eyes. The kitchen scene was tense and distant, not warm. The only picture she took of Edward was the sneaky one in the living room where his face was 'empty, expressionless.' The developed photos contradict what was actually photographed.","[cross_chapter] In Chapter 28's summary, Bella receives plane tickets to Jacksonville and a CD of Edward's original compositions as birthday presents. In this chapter, Bella checks her CD player and finds it empty, with the album from Renée on the floor. However, Edward had given her a CD of his compositions in Chapter 29 (per summary: 'a CD of Edward's original compositions'). The text states 'It was empty' and mentions only 'The album Renée had given me'—there's no mention of Edward's CD. If Edward gave her a CD of his music, it should be there unless he took it, but the text implies the CD player only ever contained the photos she was checking, with no acknowledgment of his gift CD."
029.txt,"[temporal] The timeline of photo development is implausible. Bella drops film off at Thriftway 'on her way to Newton's' and picks up 'the developed pictures after work' on the same day. Standard film development in the mid-2000s (when this is set) typically took 1-3 days, not a few hours during a single work shift. This accelerated timeline is unrealistic unless specified as one-hour photo, which is not mentioned.",
029.txt,"[emotional] Edward's behavior during the breakup contradicts his established character of extreme protectiveness and self-sacrificing love. He deliberately leaves Bella in the forest knowing she's emotionally devastated, with no concern for her physical safety in the dark woods. This directly contradicts his centuries of protective behavior, his habit of watching her sleep, and his recent panic about her safety. His coldness is explained as a performance to make her move on, but leaving her physically vulnerable in a forest at night is inconsistent with his core character—even if trying to be cruel, his protective instincts would not permit this.",
029.txt,"[causality] The note left for Charlie is described as having 'messy handwriting... remarkably close to my own,' implying Edward forged it. However, Edward was with Bella the entire time at her house—watching TV with Charlie, then leaving abruptly. There is no opportunity shown or explained for Edward to write and plant this note. Additionally, if Edward's goal was a 'clean break,' leaving a note that would trigger a search and potentially expose supernatural elements (Bella found in woods, hysterical) contradicts Carlisle's stated desire to avoid 'a big production.'",
030.txt,,"[temporal] This chapter appears to be a time-skip or transitional passage (TIME PASSES) that does not align with the chronological sequence established in previous chapters. Chapter 30 ended with Bella being found in the woods after Edward's breakup, with Charlie mentioning search parties and the Cullens' departure. This chapter's abstract meditation on time passing seems to follow from that emotional devastation, but the previous chapter summaries end at Chapter 30 with immediate aftermath events. Without knowing where this chapter fits in the sequence (it appears to be from a later book, likely New Moon based on the tone and Bella's devastated state), there is a temporal discontinuity in the provided sequence. The chapter numbering jumps from 30 to this unnumbered transitional piece, suggesting this may be Chapter 1 of New Moon rather than continuing the Twilight sequence, creating a temporal/chronological confusion in the chapter ordering provided."
031.txt,"[cross_chapter] Bella states she made a promise not to do anything stupid or reckless, referring to Edward's demand in Chapter 10 that she promise not to go into the woods alone. However, in Chapter 20, Edward explicitly makes Bella promise 'not to do anything stupid or reckless' as part of their escape plan from James. The phrasing here exactly echoes Edward's words from Chapter 20 rather than Chapter 10, creating confusion about which promise she refers to. Given the emotional weight of Chapter 20's events and the exact phrasing match, this appears to be a callback to the later promise, but the narrative treats it as an ongoing constraint on her behavior throughout the months since Edward left.","[cross_chapter] Bella states she made a promise not to do anything stupid or reckless, referring to Edward's frequent admonition. However, this specific phrasing ('Don't do anything reckless or stupid') was Edward's warning to Bella before he left in Chapter 30, not an explicit promise she made. More importantly, in Chapter 30, Edward erased all evidence of their relationship and the breakup was so traumatic that Bella was left catatonic. The narrative treats this 'promise' as a binding constraint on Bella's behavior, but there's no clear evidence from previous chapters that Bella explicitly promised Edward anything about her safety after the breakup—this was his command to her, not a mutual agreement. The text presents it as a promise Bella made, but the previous chapter summaries indicate Edward was the one issuing warnings, not extracting promises."
032.txt,"[cross_chapter] Bella states she 'hadn't seen him in months' when visiting Jacob, but based on the timeline from previous chapters, it has only been about 8 months since she met Jacob at the beach in Chapter 7, and she also saw him at the prom in Chapter 26 where he delivered Billy's message. The 'months' phrasing is technically possible but vague, and more importantly, she refers to Jacob keeping her truck 'in great shape when it had belonged to his father, Billy'—but the truck belonged to Jacob's father Billy Black, and Jacob was grateful when Charlie bought it. However, the main inconsistency is Bella's claim she hasn't seen Jacob 'in forever' and 'missed' his birthday when she saw him at prom. The prom was recent (end of junior year), and Jacob's birthday being missed suggests a closer timeframe than 'months' implies. More critically, in Chapter 26 Jacob specifically came to the prom to deliver Billy's warning, so Bella definitely saw him then, making 'I haven't seen you in months' and 'I missed your birthday' potentially contradictory depending on exact timing. Jacob says 'You missed it' about his birthday, implying it was recent enough to be missed, yet also says 'I missed yours'—Bella's birthday was in September (Chapter 7 reference to being older), and this chapter appears to be set in early spring (after prom, before graduation), making Jacob's birthday claim of 'I'm sixteen' potentially a retcon or error since he was fifteen at the beach.","[cross_chapter] Bella states she hasn't seen Jacob in 'months' and that she 'missed' his birthday, but based on previous chapter summaries, the timeline shows Jacob's birthday was in January (mentioned in Chapter 12 when Billy and Jacob visited), and Bella's 18th birthday was in September (Chapter 28). However, this chapter takes place after Edward left in Chapter 30, which was after her September birthday. Jacob says he's now sixteen, and Bella says 'You missed it' referring to her birthday. But in Chapter 12, Jacob was already fifteen (driving age concern), and now eight months later he's sixteen. The timeline is compressed and confusing—if it's been 'months' since she saw Jacob, and her birthday was in September, but Jacob's birthday was in January, the 'eight months' of growth Jacob experienced doesn't align cleanly with the stated timeline of events."
032.txt,,"[cross_chapter] Bella says she missed Jacob's birthday, but in Chapter 12 (based on summaries), Billy and Jacob visited Charlie's house for a football game, and Jacob was already fifteen then. If Jacob is now sixteen, his birthday would have been between that visit and now. However, Bella's own 18th birthday was in Chapter 28 (September), and Edward left shortly after. If Jacob's birthday was in January as implied by the 'before I was ten' motorcycle promise timeline from Charlie, then Bella's statement that she 'missed' his birthday suggests she hasn't seen him since before January, yet the Cullens were still in Forks then and she was actively involved with Edward. The timeline of her not seeing Jacob 'in months' contradicts her previous active social life where she would have interacted with Jacob at least peripherally through Charlie and Billy."
033.txt,"[cross_chapter] Bella refers to a 'hiker in just Saturday who saw the bear' and asks Mike to confirm this story, but there is no previous mention of this hiker or any bear sighting discussion with Mike in the provided chapter summaries. This appears to be a fabricated shared memory that didn't actually occur in the narrative. The hiker sighting is mentioned earlier in this same chapter as something Bella overheard at work, but she presents it to Mike as if they discussed it together, which they did not.","[cross_chapter] Bella refers to a 'hiker in just Saturday who saw the bear' when speaking to Mike, but there is no previous mention of this hiker in the provided chapter or summaries. The hiker sighting was actually something Bella overheard at Newton's store in Chapter 33, not something Mike witnessed or discussed with her. Bella presents this as a shared memory with Mike, but there's no evidence they discussed it together."
033.txt,,"[cross_chapter] Bella claims to have gone to a movie in Port Angeles with Jessica on Friday night, but in Chapter 32, Bella's movie night with Jessica was described as an arrangement she made to appease Charlie, and during that night she approached men outside a bar and had an Edward hallucination. However, the movie they saw is not mentioned in Chapter 32's summary, and Jessica's hostile behavior here suggests a very different dynamic than the 'movie night' described earlier. More importantly, Bella says 'Jessica and I went to a movie in Port Angeles' but the previous summary indicates Bella went with Jessica to appease Charlie and had a breakdown/Edward hallucination, not a normal movie experience. The timeline and nature of this event are inconsistent with how it's being presented here as a casual shared experience."
034.txt,"[cross_chapter] Bella refers to 'my ill-fated birthday party, so many months ago' but the previous chapter summaries indicate her birthday party was very recent (Chapter 28-29) and the Cullens left immediately after. The timeline suggests only weeks have passed, not 'so many months.'","[cross_chapter] Bella refers to 'the strange delusion Friday night' when she heard Edward's voice, but this event has not been described in any previous chapter summary. The last mention of Edward's voice was in Chapter 32 when she had a hallucination outside a bar in Port Angeles, but that was with Jessica and not on a Friday night, nor was it described as a 'delusion' involving his voice specifically. There appears to be a missing event or misattributed memory."
034.txt,"[cross_chapter] Bella recalls Edward's words 'It will be as if I’d never existed' from their breakup, but she describes hearing them 'tonelessly, like I was reading them rather than hearing them spoken.' This contradicts Chapter 30 where Edward actually spoke these words to her directly during their breakup in the woods—she heard them spoken, not read them.",
035.txt,"[cross_chapter] Jacob says he will disconnect Bella's foot brake tonight, but in the previous chapter (Chapter 35), Jacob had already finished repairing both motorcycles and they were ready to ride. The foot brake issue was never mentioned during the repair process, and now suddenly it's a concern that needs addressing after Bella has already crashed using it.","[coherence] Bella claims she instinctively used her right foot for the brake 'like I would in my truck,' but Jacob explicitly instructed her earlier to use only the hand brake on the right handlebar and specifically told her to 'forget the back brake.' Her truck analogy doesn't make sense as justification for using a foot brake on a motorcycle when she had just been taught the opposite, and she had no motorcycle experience to form instincts from."
035.txt,"[coherence] Bella claims she told Charlie she was hiking, but earlier in the chapter she told Charlie she tripped in Jacob's garage and hit her head on a hammer. These are two different cover stories for the same injury. When she later suggests going to the meadow, she thinks 'And I'd already told Charlie I was hiking'—but this hiking excuse was only used later to explain future activities, not the current injury.","[cross_chapter] Bella refers to 'the house' as 'a mistake' she made previously, implying she visited the Cullens' abandoned house before this chapter. However, Chapter 35 summary states she 'drives to the Cullens' abandoned house hoping to hallucinate Edward's voice again' - this chapter (36) appears to be that same visit based on context, yet she speaks of it as a past event. The timeline is confused: if this is her first visit to the house in Chapter 35, she shouldn't already know it was 'a mistake' before going. If this chapter occurs after that visit, the motorcycle events and Jacob interactions suggest this is the continuation of Chapter 35's events."
035.txt,"[temporal] Dr. Gerandy calls 'next Wednesday' to warn about possible concussion, but Bella's motorcycle accident and ER visit happened on a Saturday (she went to La Push on Saturday, crashed, went to ER, then 'next Wednesday' Dr. Gerandy calls). However, Bella picks up Jacob 'after school Friday' to discuss Charlie being nosy, then they plan to hike 'Saturday afternoon.' This suggests the ER visit was the previous Saturday, making Dr. Gerandy's call come a full week later, which seems delayed for a concussion warning.",
035.txt,"[coherence] Bella claims she needs to 'dispose of the evidence' before going to the hospital, but she has a bleeding head wound that requires stitches. Waiting to clean up and change clothes before seeking medical attention for a serious head wound is medically reckless and contradicts Jacob's urgency about her needing stitches. The timeline of going home first, changing, then going to ER adds unnecessary delay for an injury Jacob considered serious enough to require stitches.",
036.txt,"[cross_chapter] Bella tells Jacob 'I don't like music' and claims 'It just irritates me,' but in Chapter 8 she spent Sunday 'avoiding her fears by listening to music' and in Chapter 15 Edward revealed he heard her saying his name in her sleep while music played. Her dislike of music appears to be a new invention to avoid Mike's romantic advances and to bond with Jacob, contradicting established behavior.","[cross_chapter] Bella claims she never told Jacob she doesn't like music, but in Chapter 12, Jacob was present when Billy visited Charlie's house and witnessed Bella and Edward's interactions. More importantly, in Chapter 6, Bella fainted at the blood typing exercise and Edward carried her to the nurse—there was no scene where Jacob would have learned about her music preferences. However, the key issue is that Bella is surprised Jacob knows this, implying it's private knowledge, yet there's no established scene where Edward or anyone else told Jacob this. Jacob's knowledge seems to come from unexplained intuition or observation."
036.txt,"[coherence] Jacob claims he finished building the Rabbit 'just last night' and this is its 'maiden voyage,' yet he drove to Bella's house in it earlier that same day when he was waiting for her with the Valentine's candy. The 'maiden voyage' would have already occurred when he drove to her house previously, making this statement inconsistent.","[coherence] Bella describes Jacob's skin as 'blazing' hot and his head as 'burning up,' noting he feels feverish. Yet when she touches his forehead, she says 'Your hands are like ice' and considers 'Maybe it's me.' However, she had just been thinking how cold she always feels and how his warmth is comforting. The contradiction is that she first attributes the extreme heat to him having a fever, but then immediately questions whether she's just unusually cold. Given that werewolves (which Jacob is becoming) run at higher temperatures than humans, and Bella is established as unusually cold, the narrative seems to want both interpretations simultaneously without clear resolution. More problematically, if Jacob truly has a fever of supernatural proportions (as later revealed to be his werewolf transformation), Bella's casual dismissal and failure to recognize something seriously wrong strains credibility, especially given her later panic when he doesn't call."
036.txt,"[cross_chapter] Bella refers to 'the meadow' as a place she and Edward shared that she's trying to find again, but in Chapter 14, Edward was the one who led her to the meadow through a difficult hike where he carried her part of the way. Bella never knew the location independently and was blindfolded/disoriented during parts of the journey, yet now she searches for it with Jacob as if she knows where to look.",
037.txt,"[cross_chapter] Bella claims she knows nothing about mono except it's from kissing, but in Chapter 37 she had a group movie night with Jacob and Mike Newton where Jacob got sick. The narrative treats her mono research as entirely new, yet she had recent experience with a mysterious illness affecting Jacob and his friends that was explicitly noted as different from ordinary stomach flu, which should have made her more informed about symptoms and transmission.","[cross_chapter] Bella claims she has never seen another clearing so symmetrical, but this is the same meadow from Chapter 14 where Edward first revealed his sparkling skin to her. She has been there before with Edward and should recognize it immediately as their special place, not merely as 'the same place' she was searching for."
037.txt,"[coherence] Bella's internal logic about the wolves makes no sense—she first thinks the wolves must be after her as weaker prey, then is confused when they ignore her for Laurent. But she simultaneously recognizes the wolves are specifically targeting Laurent (a vampire) rather than behaving like normal predators, yet never considers they might have supernatural awareness of what he is. Her reasoning that wolves would prefer her 'warm-blooded and weak' body over an immortal vampire ignores that she herself has just established these are not normal wolves by their impossible size and behavior.","[cross_chapter] Bella says she is glad she came alone because she wouldn't have to explain her reaction to Jacob, but in Chapter 14 she already brought Edward to this meadow and had an extremely emotional reaction to him (nearly fainting, their first kiss). The meadow's significance is entirely tied to Edward, not to any need to hide reactions from Jacob specifically."
037.txt,,"[coherence] Bella assumes the wolves don't have opposable thumbs and therefore couldn't turn door handles, but wolves' paws cannot turn handles regardless of thumbs—this is a nonsensical distinction. More importantly, she has just witnessed five enormous wolves that behave with human-like intelligence (coordinated V-formation, deliberate stalking, ignoring her for Laurent), yet she dismisses them as mere animals incapable of operating a door handle rather than considering they might be something more."
038.txt,"[cross_chapter] Bella states Jacob 'promised' they would stay friends, but there is no evidence in previous chapters of such an explicit promise. Their relationship developed organically through motorcycle repair and hanging out, without a formal promise being made.","[cross_chapter] Bella states 'It had been a week, and no vampires had come for me yet' and decides this means she must not be a priority. However, in the previous chapter (38), she was nearly killed by Laurent in the meadow and only survived because wolves intervened. This directly contradicts her claim that no vampires had come for her. Laurent explicitly came to kill her on Victoria's orders."
038.txt,"[cross_chapter] Bella claims Jacob 'brought some semblance of reason back into' her life and that she had 'blank emptiness' before him, but this contradicts Chapter 31-32 where Bella was already beginning to recover through her dangerous behavior (approaching strange men, buying motorcycles) before Jacob became central to her life. Her recovery mechanisms predated her deep involvement with Jacob.","[coherence] Bella concludes that 'the chances of them following me to La Push were much lower than the chance of losing Jacob to Sam.' This risk assessment is illogical given what she knows. She believes Victoria and Laurent are hunting her specifically, and she also believes (incorrectly) that Jacob has been 'brainwashed' by Sam. If she truly believes Jacob is with Sam voluntarily or under Sam's control, he is not in immediate danger of being 'lost'—he's already with Sam. Meanwhile, leading vampires to La Push would endanger not just Jacob but the entire Quileute community. Her reasoning doesn't hold up to her stated beliefs."
038.txt,,"[cross_chapter] Bella tells Charlie that 'Sam Uley says Jacob can't be my friend anymore,' but this is not what happened. Jacob himself told Bella they couldn't be friends, and while he looked at Sam for approval before speaking with her, Sam never explicitly said Jacob couldn't be friends with Bella. Bella is misrepresenting the situation to Charlie, which could be intentional deception, but she internally reflects 'that wasn't exactly what he'd said. It was still true.' However, the narrative presents this as Bella's interpretation rather than an outright lie, creating inconsistency in how she processes Jacob's actual words versus her summary to Charlie."
039.txt,"[coherence] Bella thinks Jacob 'wasn't wearing a shirt, though the air blowing in the window was cold enough to make me shiver' and notes 'His skin was burning hot, like his head had been the last time I'd touched him. Like he was still sick with the fever.' However, she does not connect this to his werewolf nature until much later in the chapter, despite having already seen the wolves in the meadow and knowing about supernatural creatures. More critically, after Jacob leaves and she has her dream revelation, she recalls Jacob's exact words from their first meeting about 'wolves that turn into men' and 'werewolves,' yet earlier in this same chapter she failed to recognize any of these obvious signs (shirtless in cold, burning hot skin, supernatural agility jumping through window) that directly match the legends he told her. This is a coherence issue in Bella's reasoning process—she is unreasonably dense about connecting obvious clues that she explicitly remembers later.","[coherence] Bella reaches for her car keys at the 'glove box,' but she is inside her house preparing to leave, not in her car. A glove box is inside a vehicle, not accessible from inside a house."
039.txt,,"[cross_chapter] In Chapter 7, Jacob told Bella the Quileute legends on the beach, including that 'the cold ones are the natural enemies of the wolf' and that 'the wolves that turn into men' were 'werewolves.' However, in this chapter, Bella acts as if she only now realizes Jacob and the wolves are connected, and she specifically recalls him saying 'the wolves that turn into men, like our ancestors' as if this is a new revelation. Yet she already knew this information from their first meeting and even used it to deduce Edward was a vampire. Her shock and the narrative framing of this as a sudden realization contradicts her established knowledge."
040.txt,"[coherence] Bella assumes Jacob and the werewolves are killing people, but her reasoning is based on a false premise that contradicts information she already possesses. In Chapter 38, Laurent explicitly told her Victoria sent him and planned to kill Bella herself. Laurent also mentioned Victoria was 'making this... more difficult than it needed to be,' implying Victoria was already causing trouble. Bella should have connected the new killings to Victoria, not to Jacob's pack, especially since she witnessed wolves saving her from Laurent.","[cross_chapter] Bella claims she 'just remembered the right story now' about Jacob being a werewolf, but in the previous chapter (Chapter 40), she already figured out Jacob was a werewolf through her dream and was frantically trying to warn him. She didn't need to 'figure it out' again—she already knew."
040.txt,"[cross_chapter] Bella's internal comparison of werewolves unfavorably to the Cullens ('Did he have to be a monster, too?') contradicts her established character growth and the narrative's moral framework. In Chapter 26, Jacob delivered Billy's warning about the Quileute tribe watching, establishing tension but not moral judgment. More importantly, Bella's assumption that Jacob's pack are 'killers' directly contradicts what she learned in Chapter 38—that Laurent was the threat and the wolves saved her. Her thought 'I couldn't be friends with a killer and say nothing' shows she has completely forgotten or ignored that the wolves protected her from a vampire just days ago, and she never established any evidence linking them to the killings.","[cross_chapter] Bella is surprised to learn Laurent is dead and that the wolves killed him, but in Chapter 38, she was present when the wolves drove Laurent away. She never saw him killed, and Jacob now reveals they killed him 'a week ago.' However, Bella's reaction suggests she had no idea they were capable of killing vampires, despite witnessing them successfully drive Laurent away. More importantly, the timeline is compressed—her 'week of terror' in Chapter 39 and the events of Chapter 40 seem to follow immediately after Chapter 38, making 'a week ago' potentially inconsistent with the perceived timeline, though this is arguable. The clearer error is that Bella acts as if she didn't know the wolves were actively hunting vampires when she saw them do exactly that."
041.txt,"[cross_chapter] Jacob claims Victoria is trying to avenge her mate killed by the Cullens, but in Chapter 41 summary, Jacob reveals Victoria is James's mate and that the werewolves killed Laurent. This chapter incorrectly states the Cullens got her mate last year, when it was actually James (the tracker from Twilight) who was killed by the Cullens, not Laurent. The summary of Chapter 41 clarifies that Victoria is James's mate, not Laurent's mate, and that Laurent was killed by the werewolves. However, this chapter says 'the Cullens got her mate last year' which contradicts the timeline and facts—James was killed earlier in the first book, and Laurent was killed recently by werewolves.","[cross_chapter] Jacob claims Bella 'guessed right' about the werewolf secret, but in Chapter 40, Jacob had to sneak into her room at night and give her riddle-like hints before she finally pieced it together in a dream. She did not simply guess correctly on her own—Jacob actively helped her figure it out through their conversation and her subsequent dream. This contradicts Jacob's statement here that 'He didn't. I guessed right.'"
041.txt,"[coherence] Paul's clothes are described as being totally shredded and collected for trash, yet later Jacob and Paul both appear at Emily's house wearing clothes. The text mentions Jacob's clothes were shredded (black and white cloth), and Jared collects 'torn remnants of Jacob's and Paul's clothes,' but there's no explanation for how Paul obtained new clothes if his were destroyed and 'all the rest of this is headed for the trash.' Embry mentions 'if Paul even has any left,' implying he might not have clothes, yet both Jacob and Paul arrive fully clothed with no explanation of where the clothes came from.","[coherence] Paul's clothes are described as being 'totally shredded' and collected as trash, yet later when Jacob and Paul return to Emily's house, they are both fully clothed with no explanation of where Paul got new clothes. Embry specifically mentions 'if Paul even has any left,' implying Paul might lack spare clothes, yet he appears clothed without comment."
041.txt,"[cross_chapter] Bella claims Jacob told her about the treaty 'a long time ago,' but in Chapter 7 summary, Jacob told her about 'the cold ones' and the Cullen treaty during their first beach conversation. This was recent in the timeline, not 'a long time ago.' The phrasing suggests distant past when it was actually earlier in the same school year.",
041.txt,"[temporal] Charlie mentions Emily was 'mauled by a bear' more than a year ago, and Bella internally connects this to 'when there was just one werewolf in La Push.' However, the timeline doesn't align—Sam was the first werewolf to phase, and Emily's scarring happened when he lost control near her. If it was 'more than a year ago,' this predates the current pack formation, but the text suggests the werewolf phenomenon is recent and connected to the Cullens' return. The 'more than a year ago' timing contradicts the established timeline where werewolf transformations are triggered by vampire presence, and the Cullens only returned to Forks recently (within the past year).",
042.txt,"[cross_chapter] Jacob says 'Because Ephraim Black was my father's grandfather, and Quil Ateara was my mother's grandfather,' but earlier in Chapter 40, Bella recalls Jacob's exact words from their first conversation as 'wolves that turn into men.' However, in Chapter 7, Jacob actually told Bella the legends about 'the cold ones' and the treaty, not about wolves turning into men. The specific phrase 'wolves that turn into men' was not from their first conversation about Quileute legends—it was about vampires. Jacob is also misstating his lineage here; in Chapter 7, Jacob said 'the Quileutes'—his own great-grandfathers—'were spirit warriors' who transformed into wolves, but he didn't specify Ephraim Black and Quil Ateara as his direct ancestors on each side in that original telling.","[cross_chapter] Bella refers to 'last spring break' when she was hunted by a vampire, but the timeline is incorrect. James hunted Bella during the spring of her junior year (the same school year she met Edward), not 'last spring break.' The current events take place during her senior year, and the James incident was in March of the previous school year, not during spring break. Additionally, the 'last spring break' phrasing suggests a full year has passed since then, but Bella only met Edward in January and the James incident was in March—there was no 'spring break' involved in that timeline."
042.txt,"[coherence] Bella describes her hallucination of Edward's voice as becoming clearer and more detailed while she is drowning, eventually seeing his face 'as if he were really there' with 'the exact shade of his icy skin.' However, this contradicts the established nature of her 'hallucinations' throughout the book. Previously, these were triggered by adrenaline/danger and were auditory only (Edward's voice). Here, the hallucination becomes a full visual and auditory experience so vivid that she interacts with it conversationally and sees precise details, blurring the line between hallucination and reality in a way that isn't consistent with the established mechanics of her coping mechanism. The text also shifts from describing this as her 'subconscious' to presenting it as almost supernatural clarity.","[coherence] Bella states that Jacob 'always' holds her hand when they walk on the beach now, but this contradicts her earlier uncertainty about their relationship status and her internal monologue about how things 'looked from the outside.' The absolute term 'always' is inconsistent with the tentative, undefined nature of their relationship that she has been emphasizing, and with her recent admission that she hasn't 'consciously decided to progress in that direction.'"
042.txt,,"[cross_chapter] Bella tells Jacob that Edward 'sucked the venom out' of her bite 'like with a rattlesnake,' but this contradicts the established mechanics from previous chapters. Carlisle explicitly stated in Chapter 24 that Edward had to 'suck the venom back out' because the venom was 'working its way out through her blood'—it was already in her system, not something that could be treated like a localized snake bite. The rattlesnake analogy oversimplifies and misrepresents the vampire venom mechanism established earlier."
042.txt,,"[causality] Bella's internal reasoning for cliff diving contains a logical gap. She thinks 'Jacob had promised me cliff diving, hadn't he?' as justification for jumping alone, but Jacob explicitly promised to take her diving the next morning as a supervised activity with proper preparation. Her decision to jump alone from a higher, more dangerous location contradicts the actual promise, which was conditional on his presence and involved a specific lower outcropping. She substitutes her own desire for the actual promise to rationalize reckless behavior."
043.txt,"[coherence] Bella describes the rock hitting her back as both a real rock and Jacob's hand simultaneously. She first says 'The rock struck me again. The rock wasn't cold like the water; it was hot on my skin. I realized it was Jacob's hand, trying to beat the water from my lungs.' This creates a logical impossibility—she feels the rock 'smacked into my back again, right between my shoulder blades' as a distinct object, then immediately re-identifies it as Jacob's hand. The physical sensations described (rhythmic beating against her back center, then between shoulder blades) don't align with someone performing chest compressions or back blows for resuscitation, which would typically target the upper back between shoulder blades or the chest, not the center of the back.","[coherence] Bella describes the rock hitting her back as both painful and rhythmic, then realizes it's Jacob's hand. However, she also describes staying 'in one place' while waves heave around her, yet Jacob is simultaneously beating her back and dragging her with an 'iron bar' (his arm). The physical mechanics of how Jacob could hold her in place against rocks while also beating her back and dragging her are contradictory and physically implausible."
043.txt,"[cross_chapter] Bella recognizes Victoria's hair color ('the color of fire') on the water during her near-drowning, but only realizes its significance much later when she recalls Jacob's words about Victoria escaping into water. However, in Chapter 43's summary, Bella 'impulsively jumps off the cliff alone' and has 'vivid hallucinations of Edward's voice and face.' The current chapter shows she was actually conscious enough to observe Victoria's hair, remember Jacob's earlier statement about Victoria taking to water, and connect these facts—yet she describes this realization as happening only when she enters her house and recalls Jacob's words. The timeline of her recognition is muddled: she sees the 'fire' on the water during rescue, thinks it meaningless, then later in the truck thinks 'There was something familiar about that flash of color,' but only fully connects it when entering her house. This delayed recognition contradicts her established pattern of quickly identifying threats and her immediate panic about Victoria throughout previous chapters.","[cross_chapter] Bella thinks about Juliet and Paris as a metaphor for her situation with Edward and Jacob, but she explicitly states 'I was reading too much into the story' and that 'Romeo wouldn't change his mind.' However, she has never read or seen Romeo and Juliet in the previous chapters—she only knows the story from cultural osmosis. More importantly, she concludes 'Juliet gets dumped and ends up with Paris' would never be a hit, yet this directly contradicts her later actions in this same chapter where she actively considers choosing Jacob (Paris) despite still loving Edward (Romeo). The metaphor breaks down because she is considering exactly the 'unpopular' ending she dismisses as impossible."
043.txt,"[emotional] Bella's emotional arc regarding Jacob contains a jarring contradiction. She spends extensive time contemplating whether to romantically commit to Jacob, concluding 'I couldn't imagine my life without Jacob now—he'd become essential to my survival,' and even plans to 'stake a claim' on him. She considers kissing his shoulder and acknowledges 'It would be very easy.' Yet the instant she hears Edward's voice (hallucinated), she freezes and abandons this entire emotional trajectory. While this demonstrates her unresolved attachment to Edward, the narrative frames her Jacob contemplation as genuine consideration rather than self-deception. The immediate pivot—without any internal conflict about betraying Jacob in that moment—undermines the extensive psychological build-up. More critically, when Jacob detects a vampire and flees, Bella's 'remorse couldn't hold me very long' as she drives toward the Cullens. This rapid emotional discard of Jacob, after recognizing he would 'take me in spite of it all,' contradicts her earlier epiphany that Jacob was 'essential to my survival.' The narrative treats her Jacob-attachment as situational and disposable rather than the profound realization she had minutes before.","[causality] Jacob claims he followed tire tracks to Bella's truck and then heard her scream, but Bella drove to the cliff in her truck and jumped off. There would be no reason for tire tracks to lead to the cliff edge itself unless she drove dangerously close, and more importantly, Jacob couldn't have heard her scream over a storm that is described as turning into a hurricane, with waves loud enough to drown out other sounds. The storm conditions that make her cliff jump dangerous would also make hearing a scream from a distance impossible."
043.txt,,"[temporal] Bella notes that Jacob looks 'as exhausted as I felt' and wonders 'when he'd slept last,' yet Jacob had just been part of a group searching for Victoria, raced home fearing Victoria would double back, found Bella drowning, rescued her, and carried her home. However, the timeline suggests this all happened in one afternoon/evening. The previous chapter established Jacob was with the pack hunting Victoria, and now he's been awake for an impossibly long time with no sleep, yet the narrative treats this as same-day continuity without clear temporal markers."
044.txt,,"[cross_chapter] Alice claims she was in Denali visiting Tanya's family, but in Chapter 20, Laurent specifically went to Denali to join Tanya's coven. The Cullens would know if Laurent was there, and Alice's presence there would create a dangerous situation or at least be mentioned as significant given recent events with Laurent."
044.txt,,"[coherence] Alice states she 'saw you jump' and 'saw you go into the water and I waited and waited for you to come up, but you didn't,' yet she also says she 'knew I would be too late.' If she saw Bella go into the water and not come up, and thought she'd be too late, her surprise at finding Bella alive is inconsistent—she should have assumed Bella drowned, not that she was dead from the jump itself. Her statement 'I saw you jump' as opposed to 'I saw you fall' suggests she witnessed the action in real-time through her vision, yet she arrived to find Bella alive without explanation for how Bella survived until Jacob is mentioned."
044.txt,,"[cross_chapter] Alice claims Jasper didn't come because 'He didn't approve of my interfering. We promised.' However, in Chapter 20, the entire Cullen family including Jasper was deeply involved in protecting Bella from James. Jasper specifically served as Bella's protector in Phoenix. The idea that Jasper would object to Alice helping Bella now contradicts his established protective behavior and their close relationship."
044.txt,,"[temporal] Alice says she needs to hunt 'immediately' because she's thirsty, and promises to return in one hour. She leaves, and when she returns, Bella notes 'You're early.' However, Bella had time to shower, make dinner, eat, drink half a gallon of water, make up the couch, and try to watch TV. This seems like more than an hour of activity, yet Alice is 'early' rather than late, suggesting the timeline is compressed or inconsistent."
045.txt,"[cross_chapter] Bella states she 'picked the bloodsucker over him last night' but in Chapter 30, Edward broke up with Bella months ago and the Cullens left Forks. There has been no recent choice between Edward and Jacob. Additionally, Bella is now actively trying to save Edward's life, which contradicts the idea she 'picked' Alice/the Cullens over Jacob in any meaningful recent sense.","[cross_chapter] Alice is described as blind in the opening line, but this contradicts established canon where Alice has visions of the future and normal vampire senses. The text says 'Even blind, Alice wasn't slow' which appears to be a typo or error—Alice is not blind and this makes no sense in context. Bella is the one who was described as nearly blind without contacts in earlier chapters, not Alice."
045.txt,"[coherence] Alice calls Rosalie on a 'small silver phone' and speaks with her about Edward, but then tells Bella that Edward left his phone 'in a trash can in Rio.' If Edward left his phone in Rio, how could Rosalie have been in contact with him to tell him about Bella's supposed death? The narrative implies Rosalie tracked Edward down specifically to tell him, yet Alice also says Edward called 'here' (the Swan house) and that was him on the phone with Jacob. The timeline of how Rosalie found Edward to tell him, if he had no phone, is unclear and contradictory.","[coherence] Jacob claims he 'broke my promise' and apologizes for it, but there is no established promise that Jacob broke in this interaction. Earlier in the chapter, Jacob is hostile and antagonistic, then suddenly claims he broke a promise without any clear referent. The emotional shift and the 'promise' reference lacks setup—readers are expected to understand what promise is meant without textual support."
045.txt,"[emotional] Bella's internal thought 'I love Alice, too' is inconsistent with her established character motivations. Throughout the series, Bella's feelings for Alice have been purely platonic/familial, while her obsession has always been with Edward. The phrasing 'I love Alice, too' mirrors romantic language and seems designed to provoke Jacob, but Bella's internal narration treats it as genuine, which contradicts her established emotional patterns. This appears to be either an authorial slip or Bella deliberately distorting her feelings to manipulate Jacob, but the text presents it sincerely.","[cross_chapter] Bella tells Jacob 'I love Alice, too' and asks if she can be friends with both, but this is inconsistent with the romantic relationship established between Bella and Edward in previous chapters. While Bella cares for Alice as a friend/sister figure, the phrasing 'I love Alice, too' parallel to Jacob's romantic interest creates confusion about whether this is meant romantically or platonically, and contradicts the established Edward-Bella romance that drives the plot. The 'too' suggests equivalence with Jacob's feelings, which is emotionally incoherent given the narrative's established relationships."
045.txt,,"[coherence] Jacob answers the phone saying 'Swan residence' and speaks to 'Dr. Carlisle Cullen,' but then claims Carlisle 'hung up on me.' However, the narrative later reveals it was actually Edward on the phone, not Carlisle. Jacob's claim that Carlisle hung up is presented as fact in the dialogue, but Jacob had no way of knowing it was Edward—he genuinely believed it was Carlisle. This creates a logical inconsistency in how Jacob reports the call; he states 'He hung up on me' as if confirming a hang-up, but the narrative treats this as Jacob being deceived rather than Jacob accurately reporting what happened. The framing suggests Jacob is lying or mistaken, but the dialogue presents it as a straightforward report."
045.txt,,"[temporal] Alice has a vision of Edward going to the Volturi and calls Rosalie, learning Rosalie told Edward that Bella killed herself. However, the timeline of Edward's actions is extremely compressed and implausible. Edward receives false information, immediately decides to die, travels to Italy, and Alice sees all this in a vision—all while Bella is having a brief conversation with Jacob. The speed of Edward's decision-making and international travel, combined with Alice's delayed vision (she only sees it now, not when Rosalie told Edward), creates a temporal paradox where information travels faster than physically possible and Alice's precognitive abilities are inconsistently applied."
046.txt,"[cross_chapter] Alice claims she sees Edward's decisions about the Volturi clearly because 'it's immediate and close,' yet earlier in this same flight she describes seeing the Volturi's deliberations and their decision to tell Edward 'no'—events happening in Italy, not immediate or close to her physical location. This contradicts her own explanation that faraway things are 'just glimpses, faint maybes.' She also sees Edward's various changing plans (killing spree, attacking guard, lifting car) from a distance with enough clarity to report specific details to Jasper, which undermines her later claim that distance reduces clarity.","[coherence] Alice says she hates lying to Jasper about promising to get out before the Volturi kill her, but she explicitly told Jasper 'I promise, Jasper. One way or another, I'll get out' - this is not a lie, it's a genuine promise she's uncertain she can keep. She even says 'I promised him I would get out before they killed me, too. It's not something I can guarantee.' A broken promise due to failure is not the same as a lie. Her statement that she 'hate[s] lying to him' is incoherent with what she actually told him."
046.txt,"[coherence] Alice tells Bella that Edward's plan to expose himself in sunlight will force the Volturi to kill him because it violates their secrecy rules. However, she also reveals the Volturi have decided to offer Edward a place with them instead of destroying him, finding his talent 'useful.' If the Volturi want to recruit him, they have incentive to stop him without killing him—yet Alice frames Edward's exposure as certain death. The logic is inconsistent: if they value his gift and want to recruit him, they would likely prevent his exposure through capture or restraint rather than immediate execution, making Alice's certainty about his death unwarranted.","[cross_chapter] Alice states that Edward's mother was named Elizabeth and begged Carlisle to save him during the 1918 influenza epidemic, but in Chapter 29 (New Moon), Carlisle tells Bella that Edward's father died first and his mother 'begged me to do anything within my power to save him.' However, in this chapter Alice says 'Edward's mother, Elizabeth, begged Carlisle to save him.' The name Elizabeth was never mentioned in the previous account of Edward's transformation in Chapter 29, creating a minor inconsistency in how Edward's mother was referenced previously versus here."
047.txt,,"[coherence] Bella reaches into her pocket for an amulet and murmurs a protective shant (chant), feeling warmth and wholeness. This is a sudden, unexplained magical element that has never been established in any previous chapter. There is no prior mention of Bella possessing any amulet, magical protection, or ability to cast protective spells. This contradicts the established rules of the Twilight universe where humans have no supernatural abilities."
047.txt,,"[cross_chapter] Bella recognizes a quote from Romeo in the tomb, but in Chapter 44, she was contemplating Romeo and Juliet as a metaphor for her relationships. However, the specific line Edward quotes is from Act 5, Scene 3, when Romeo believes Juliet is dead. The inconsistency is that Bella immediately recognizes this specific Shakespearean line, despite no previous indication she has memorized Romeo and Juliet to this degree. More importantly, the narrative treats this as Bella recognizing the line instantly, which strains credibility given her established character as not particularly literary."
047.txt,,"[coherence] Edward states 'Carlisle was right' and says 'I didn't feel a thing—they're very good,' implying he believes he is dead and this is an afterlife experience. However, he then says 'You smell just exactly the same as always' and 'So maybe this is hell.' This is contradictory—he first states Carlisle was right (presumably about afterlife beliefs) with certainty, then hedges with 'maybe this is hell.' The logical inconsistency is that Edward, a vampire who knows he cannot die by ordinary means and has never experienced death, would have such confused and contradictory thoughts about his own state, especially when he can clearly see, hear, and feel Bella physically."
048.txt,"[coherence] Aro claims Edward wanted to die 'yesterday,' but based on previous chapters, Edward left Forks believing Bella was dead and traveled to Italy to provoke the Volturi into killing him. The timeline doesn't align—Edward's suicidal plan was enacted upon hearing (false) news of Bella's death, not 'yesterday' from some prior interaction with Aro. This suggests a compressed or confused timeline.","[cross_chapter] Carlisle is mentioned as gasping and trying to help Edward, but Carlisle is not present in this scene. The previous chapters establish that only Edward, Bella, and Alice went to Italy to stop Edward from provoking the Volturi. Carlisle remained in Forks or elsewhere with the rest of the Cullen family. This is a significant character placement error."
048.txt,"[cross_chapter] Aro states he 'smelled her through your memories,' implying he accessed Edward's memories of Bella's scent. However, in previous chapters, Edward's mind-reading ability allows him to hear thoughts in the moment, not transmit sensory experiences like scent memories. Aro's power requires physical contact to read thoughts, but Edward was only in Volterra briefly before—there's no established prior physical contact where Aro could have accessed these specific scent-based memories. Additionally, Edward's rebellious period hunting humans was centuries ago, and his 'yesterday' comment to Aro about wanting death has no basis in established events.","[coherence] The narrative describes Edward being thrown to the ground and writhing in agony from Jane's psychic attack, with Bella watching in horror and Alice restraining her. However, immediately after Jane stops, Edward is described as sitting up and springing lightly to his feet with no lingering effects. While vampires heal quickly, the transition from 'writhing in obvious agony' to perfectly fine is abrupt and lacks any description of recovery, especially given that Jane's power causes mental pain that shouldn't have physical aftereffects requiring healing in the first place."
048.txt,"[coherence] Marcus touches Aro's palm briefly to communicate his thoughts about relationships, and Aro reacts with 'Thank you, Marcus.' However, Aro previously established that he needs physical contact to hear thoughts, and Marcus's touch is described as brief. The mechanics are inconsistent—if brief contact suffices for Aro to receive complex relational analysis from Marcus, why does he need sustained contact with Bella to test her immunity? The power scaling seems inconsistent.",
049.txt,"[cross_chapter] Edward mentions 'la tua cantante' as the Volturi term for Bella's scent, but this contradicts established lore. In previous chapters, this was presented as a general vampire term Edward already knew and used, not something he learned from the Volturi. Edward says 'They have a name for someone who smells the way Bella does to me,' implying he just learned this from the Volturi, but he already knew this term and its meaning before meeting them.","[cross_chapter] Bella asks Edward about 'all that talk about singers' and Alice says 'La tua cantante,' but this conversation happened in Chapter 49 when Bella was unconscious/dying and Edward was explaining her scent to the Volturi. Bella was not conscious to hear this term being discussed, yet she recalls it here as if she witnessed it. Edward also says 'They have a name for someone who smells the way Bella does to me,' but in Chapter 49, it was established that 'la tua cantante' was used by the Volturi (specifically Aro/Caius's guard) to describe Bella, not something Edward's family or the Cullens generally used."
049.txt,"[cross_chapter] Alice says she'll see Jasper in less than twenty-four hours, but earlier in the chapter she was already on the phone with Jasper. In Chapter 46, Alice was 'murmuring to Jasper on the phone' during the flight. This chapter shows them arriving at Sea-Tac where Jasper is physically present, but the timeline from Volterra to Seattle with flights through Florence, Rome, and Atlanta would take more than 24 hours, making Alice's prediction inaccurate or the phone call with Jasper inconsistent with her stated timeline.","[coherence] Bella observes the sunrise over Seattle's cloud cover, but this is physically impossible given the flight path described. They flew from Rome to Atlanta, then presumably connected to a flight to Seattle (Sea-Tac). The sun rises in the east, and they would be flying westward toward Seattle. Seeing the sunrise would mean they're facing east, but a westbound flight would have the sun behind them or to the side, not visible through a side window in the manner described. Additionally, if they're arriving in Seattle (which is in the Pacific time zone, 3 hours behind Atlanta), and they left Rome in the evening/night, the timing of seeing a sunrise over Seattle's clouds during a westbound flight is geographically and temporally confused."
049.txt,"[coherence] Bella mentions watching 'the sun beginning to rise over Seattle's cloud cover' during the flight, but this is geographically and temporally confused. The flight is from Rome to Atlanta, then presumably connecting to Seattle. She couldn't see Seattle's sunrise while still on the flight to Atlanta or during a connecting flight in a way that matches the narrative flow. The sun rising over Seattle would be hours later in the day, and she's describing this as happening during the flight before arrival.",
050.txt,"[cross_chapter] Edward claims he was already planning to return to Bella before Rosalie told him the 'news,' but in Chapter 46, Alice explains that Rosalie told Edward about Bella's 'death' (the cliff diving incident), which is what triggered his suicidal mission to Italy. This contradicts Edward's claim here that he was already coming back regardless—if he was already returning, Rosalie's misinformation wouldn't have caused him to rush to the Volturi.","[coherence] Bella claims Edward's hallucinations were 'usually better fed' with golden eyes, but she never actually had visual hallucinations of Edward before this chapter. Her previous 'hallucinations' were exclusively auditory (his voice warning her away from danger in Port Angeles and during motorcycle rides). This is the first time she ever sees a visual hallucination of Edward, making the 'usually' comparison impossible."
050.txt,"[coherence] Bella claims Edward 'said thirty' and interprets this as him planning to leave, but Edward never actually said 'thirty' as a plan—he said he wouldn't be surprised if the Volturi didn't think of her until she was thirty. Bella's reaction misattributes this as Edward's intention to stay until she's thirty then leave, when Edward was actually arguing the opposite: that the Volturi work slowly and they have time to plan. This is a miscommunication that stretches believability given how clearly Edward states his intention to never leave.","[cross_chapter] Bella says 'Yesterday, when I would touch you, you were so… hesitant' referring to their interactions in Volterra/Italy, but based on the timeline from previous chapters, those events happened more than a day ago. They traveled from Italy (Rome to Atlanta to Seattle), arrived at Sea-Tac, and Edward carried her home where she passed out. She then slept for fourteen hours according to this chapter. The Italy rescue and their return journey would have spanned multiple days, not 'yesterday.'"
050.txt,"[cross_chapter] Edward claims he went to the Volturi because he thought Bella was dead and 'even if it wasn't my fault, I would have gone to Italy,' but this contradicts his earlier explanation in Chapter 46 (via Alice) and the established timeline. Edward went to Italy specifically because Rosalie told him Bella was dead from cliff diving—a death he indirectly caused by leaving her. His claim that he would have gone 'even if it wasn't my fault' is inconsistent with the actual trigger (Rosalie's call about the funeral) and his previous pattern of extreme guilt-based reactions.",
051.txt,"[cross_chapter] Edward claims Bella was better at surviving and made an effort to be normal, but previous chapters show Bella was catatonic for months, deliberately sought danger through motorcycles and cliff diving, and was described as completely non-functional. This contradicts Edward's characterization of her coping well.",
051.txt,"[cross_chapter] Bella claims she 'mostly tried not to think about' Edward, but previous chapters extensively show she was obsessively focused on him, sought dangerous activities specifically to hallucinate his voice, and was consumed by grief. Her statement minimizes her fixation.",
051.txt,"[coherence] Bella states she knew Edward's items were hidden 'the whole time' subconsciously, yet she was genuinely devastated when she discovered her room stripped of photos and mementos in Chapter 30, and showed no prior indication of knowing their location. This retroactive knowledge contradicts her earlier behavior.",
051.txt,"[cross_chapter] Edward claims he 'more or less curled up into a ball and let the misery have him' and couldn't be around anyone, but in Chapter 50, Rosalie reveals she told Edward about Bella's 'death' specifically because she didn't realize he would go to Italy to die—implying he was in contact with family who could misinform him, not completely isolated.",
052.txt,"[cross_chapter] Edward claims Jacob came to remind the Cullens of treaty points about biting humans, and Jacob emphasizes 'bite, not kill.' However, the treaty was established between the Quileutes and Carlisle's family long before Bella knew about vampires. Jacob should not know the specific treaty terms about 'biting' versus 'killing' unless he was told by his father or tribal elders, and more importantly, this specific distinction about 'bite, not kill' regarding Bella's potential transformation seems to be new information that contradicts earlier understanding. In Chapter 7, Jacob told Bella about the treaty that 'the Cullens are not allowed on our land,' but never mentioned any 'bite' clause. The sudden specificity of this treaty term, and Jacob's knowledge of it, appears inconsistent with what was established earlier. Additionally, Jacob's shocked reaction to learning Bella intends to become a vampire ('He hadn't realized—or didn't want to believe') contradicts the fact that he just came to deliver a warning specifically about biting humans, which would imply he already suspected or knew this was a possibility.","[coherence] Edward claims Jacob 'knows we're back' and is avoiding him due to 'enmity rooted too deeply,' but Jacob's actual motivation for planting the motorcycle was specifically to get Bella grounded so she couldn't spend time with Edward. This suggests Jacob didn't actually know or believe Bella and Edward were fully back together, contradicting Edward's assertion that Jacob 'ascertained that I'm with you.' If Jacob truly knew they were back together and was motivated purely by vampire-werewolf enmity, he wouldn't have needed to verify this through Billy or been surprised that Charlie had grounded Bella."
052.txt,"[coherence] Edward states that Jacob 'knows we're back, and I'm sure that he's ascertained that I'm with you,' and that Jacob 'won't come anywhere near me' due to 'enmity rooted too deeply.' Yet Jacob does come near Edward—he comes to Bella's house, waits in the woods, and confronts Edward directly. While Jacob is angry and tense, the narrative presents this as Jacob deliberately seeking out Edward's presence as 'spokesperson for the pack,' which directly contradicts Edward's assertion that Jacob would avoid him. If the enmity truly prevented Jacob from coming near Edward, he would not have come as spokesperson at all.","[cross_chapter] Bella recalls Jacob saying 'You probably wouldn't like it so much if I killed your friend' from their kitchen conversation, but this line was actually spoken by Jacob about Edward potentially killing Jacob, not about Jacob killing Edward. In Chapter 40, Jacob said: 'I'm not sure that I'm even-tempered enough... You probably wouldn't like it so much if I killed your friend,' referring to himself losing control and killing Edward. Here, Bella misremembers or misapplies the context, making it sound like Jacob was warning about Edward killing him rather than the reverse."
053.txt,"[cross_chapter] The chapter describes Bella watching someone prepare to defend her against multiple attackers with 'black eyes, wild with their fierce craving for my death,' and mentions 'his family was fighting for their lives.' However, the previous chapter summaries indicate this is from Chapter 27 where Bella is racing through an Italian square to save Edward from exposing himself in sunlight. The 'defender' and 'attackers' described here do not match the established plot—Bella is alone in Italy trying to reach Edward before noon, not being defended by someone against multiple attackers with black eyes. The 'black eyes' description matches vampires, but the scenario contradicts Chapter 27's established events where the threat is Edward's suicide exposure, not an attack on Bella.","[cross_chapter] The chapter describes Bella watching someone prepare to defend her against multiple attackers with black eyes craving her death, with his family fighting elsewhere. However, based on previous chapter summaries (Chapter 53), Edward had already returned and Bella was under Charlie's house arrest with Jacob having delivered a treaty warning. This chapter's scenario of imminent death by black-eyed attackers with a protector's family fighting elsewhere does not match any established scene in the narrative progression. The 'black eyes' and 'hunter' description matches James from Chapter 19-23, but those events were resolved. The wolf howl suggests this might be a Jacob/Edward protection scenario, but no such scene exists in the established timeline where Bella is cornered with a single protector while his family fights elsewhere. This appears to be either a misplaced chapter, a dream sequence not marked as such, or a severe continuity break."
053.txt,"[cross_chapter] The chapter mentions 'his family was fighting for their lives' and 'that other fight,' implying a simultaneous battle involving the defender's family. However, according to Chapter 27's summary, Bella is in Italy with Alice trying to stop Edward from exposing himself to sunlight. The Cullen family is scattered—Edward is in Volterra, Alice is with Bella, and the rest of the family is in America per Chapter 47 ('Alice calls Jasper to coordinate the Cullens and explains to Bella why the others cannot help'). There is no 'other fight' involving family members occurring simultaneously; the Cullens are deliberately staying away to avoid triggering Edward's protective instincts.","[cross_chapter] The chapter ends with 'Somewhere, far, far away in the cold forest, a wolf howled.' This directly parallels the ending of Chapter 19 (the baseball game interruption with James), but that event already occurred and was resolved in Chapters 20-25. In the current timeline (post-Volterra, Chapter 50-53), the Cullens are back in Forks, Edward has returned, and the threat is the Volturi's demand that Bella be turned, not an active tracker attack. The werewolves (Jacob's pack) are in La Push and not howling as distant mysterious signals. This chapter appears to be a duplicate, misplaced, or corrupted version of material from the James tracker arc rather than a continuation of the established narrative."
053.txt,"[cross_chapter] The chapter ends with 'Somewhere, far, far away in the cold forest, a wolf howled.' This directly contradicts the established setting and timeline. According to Chapter 27's summary, Bella is in a 'crowded Italian square' in 'Volterra' during 'Saint Marcus Day' celebrations, racing toward a 'clock tower' at 'noon.' There are no cold forests or wolves in Italy—this imagery belongs to Forks/La Push, Washington, where Jacob Black and the werewolf pack are located. The wolf howl appears to be a misplaced atmospheric element from the Washington setting inserted into the Italian sequence, creating a geographical impossibility.",
054.txt,"[cross_chapter] Edward claims he 'just got accepted to the University of Alaska Southeast today,' but earlier in the same chapter Bella received her own acceptance letter from that university and noted 'That was quick.' If Edward was accepted the same day, he wouldn't have had time to receive and bring the acceptance, yet he presents it as a coordinated plan with Bella. More critically, Edward's ability to get 'accepted' to a human university is questionable given he's a vampire who doesn't age and has presumably attended many universities before, making this a suspicious claim to Charlie.","[cross_chapter] Edward claims he and his family 'started crossing paths with the wolves about seventy years ago' and 'had just settled near Hoquiam' before Alice and Jasper joined them. However, in Chapter 17, Edward told Bella that Alice and Jasper joined the family in 1950, and the family had already been established in Forks area. The timeline is inconsistent—if the wolf encounter was seventy years ago (from present day ~2006, so ~1936), this would be before Alice and Jasper joined, but the family's location and timeline don't align with previous established history."
054.txt,"[coherence] Bella claims she can 'almost afford the first semester's tuition' for University of Alaska Southeast, but earlier she told Charlie 'I've got my college fund' and 'There's lots of financial aid out there. It's easy to get loans.' Her financial situation seems contradictory—she simultaneously claims to have money covered and admits she can barely afford one semester. This is further complicated by Edward's wealth; if he's so insistent on her applying to Dartmouth, why doesn't he simply offer to pay for Alaska if that's what she wants?","[coherence] Bella states that 'Edward wasn't here yet; usually my dad reserved this kind of behavior for my boyfriend's benefit,' implying Edward has not arrived. However, just a few paragraphs earlier, Bella is already interacting with Edward at the kitchen table, filling out college applications together. This creates a logical impossibility where Edward is simultaneously not yet arrived and already present in the house."
054.txt,"[cross_chapter] Edward states 'We started crossing paths with the wolves about seventy years ago... We had just settled near Hoquiam' and mentions making a truce with Ephraim Black. However, in Chapter 7 (based on previous summaries), Jacob told Bella about Quileute legends and the treaty with 'the cold ones,' implying this was ancient tribal history passed down through generations. The timeline seems compressed—if the treaty was only seventy years ago (around 1930s-1940s), Jacob's great-grandfather Ephraim would have been alive, which fits, but the way Jacob presented it in Chapter 7 suggested older, more legendary history. More importantly, Edward says 'We thought the line had died out with Ephraim,' yet in Chapter 7 Jacob clearly knew about the Cullens and the treaty, suggesting the knowledge was actively maintained, not lost.",
055.txt,"[cross_chapter] Bella says Charlie un-grounded her 'last night,' but in Chapter 55 she was still grounded and Charlie only conditionally lifted her grounding with conditions about maintaining friendships. There's no indication she was fully un-grounded.","[cross_chapter] Bella says she has 'no immediate plans to change that status' regarding her virginity, but in Chapter 50 and 51, she and Edward had already discussed and agreed she would become a vampire, which would involve physical transformation. More importantly, this directly contradicts her stated desire throughout multiple previous chapters to become a vampire as soon as possible, and her frustration that Edward refuses to transform her. The 'status' conversation with Charlie is misleading about her actual intentions."
055.txt,"[cross_chapter] Bella claims she hasn't seen Esme 'in so long,' but in Chapter 52 she was just at the Cullen house for the family vote on her becoming a vampire, which was very recent.","[coherence] Bella tells Charlie she 'hung out with Alice and Jasper' and 'Edward beat Alice at chess, and then I played Jasper. He buried me.' However, earlier in the chapter, Bella and Edward went to the Cullens' house where she wanted to see Esme, and there was no mention of Jasper being present, playing chess, or Bella playing against him. The activities described to Charlie appear fabricated to cover her actual whereabouts, but the narrative doesn't clarify this as a lie to the reader, creating confusion about whether this actually happened or if Bella is deceiving Charlie."
055.txt,"[coherence] Bella tells Charlie she spent the evening with 'Alice and Jasper' and that Edward beat Alice at chess, but she was actually with Edward alone after leaving Charlie's house, then went to the Cullen house. This is a lie to Charlie, but the narrative presents it as her cover story without clarifying this is deception, and she wasn't with Jasper at all.","[cross_chapter] Edward tells Bella that Alice has been seeing Jasper 'in a strange place, somewhere in the southwest, near his former… family.' However, in Chapter 21 (as referenced in previous summaries), Alice had a vision of James in a mirrored room, and throughout the series Alice's visions are typically of immediate threats or certainties. More significantly, this explanation comes immediately after Alice has a disturbing vision at lunch that sends 'automatic shock of panic' through Bella's body, and Edward deliberately avoids being alone with Bella all afternoon to prevent her asking about it. The Jasper explanation appears to be a cover story to distract from what Alice actually saw, but the narrative later never revisits or confirms what the true vision was, leaving a dangling plot thread."
055.txt,"[emotional] Edward's behavior is manipulative and uncharacteristically selfish—he deliberately provokes Charlie into grounding Bella again, then smirks about it, which contradicts his established 'impossibly selfless' nature that Bella herself notes. This is inconsistent with his previous characterization.","[emotional] Bella's emotional reaction to Edward's manipulation is inconsistent. She recognizes Edward deliberately provoked Charlie into grounding her again by bringing up the Florida trip, calls him out for 'throwing me to the sharks,' and is genuinely angry. Yet moments later, she is easily distracted by his romantic advances, and by the end of the chapter she is opening her window for him to return despite his controlling behavior. This pattern of Edward manipulating her, her briefly recognizing it, then immediately forgiving him repeats throughout their relationship, but the speed of her emotional reversal here (from anger to romantic compliance within hours) strains credibility even within their established dynamic."
056.txt,"[cross_chapter] Bella refers to 'the painful three-day conversion that would set me free from mortality' and 'the painful three-day conversion,' but in previous chapters (particularly Chapter 21), Alice explained that vampire transformation takes three days of burning pain. However, this knowledge was never shared with Bella in the previous summaries provided. Bella learned about vampires from Jacob's legends and Edward's explanations, but the specific three-day duration of transformation was something Alice told Edward/Jasper, not Bella directly.","[cross_chapter] Edward claims 'He didn't tell you anything at all, did you?' and Jacob asks 'Is that why you took her away? So she wouldn't know that—?' implying Edward took Bella to Florida to hide the Victoria threat. However, in Chapter 56's summary, Edward manipulated Charlie into the Florida trip by revealing they had plane tickets, and the stated reason was because Bella talks about her mother in her sleep. The previous chapter summary also mentions Alice had a disturbing vision that Edward later claimed was about Jasper in the southwest, not about Victoria. This creates inconsistency about whether the Florida trip was genuinely about hiding the Victoria threat from Bella or if that was retroactively imposed."
056.txt,"[cross_chapter] Bella thinks about 'the painful three-day conversion that would set me free from mortality, so that I could spend eternity with Edward' and 'the conversion that would make me forever a prisoner to my own thirst.' This implies detailed knowledge of the transformation process and its consequences that Bella shouldn't have yet. In previous chapters, Edward consistently refused to turn her and avoided discussing specifics. The 'prisoner to my own thirst' phrasing suggests knowledge of newborn vampire bloodlust that hasn't been explained to her.","[coherence] Bella has a sudden realization about 'the painful three-day conversion that would set me free from mortality' and worries that Charlie told Billy she vanished for three days, leading Billy to conclude she was turned into a vampire. However, Bella only went to Florida for a weekend (Friday to presumably Sunday/Monday). The text earlier mentions 'one Friday' and Charlie's concern about 'missing a day of school.' A weekend trip is not three days of disappearance, and the 'three-day conversion' refers to vampire transformation duration, not the trip length. Bella's panic conflates these timeframes illogically—she couldn't have been 'converted' during a trip where she was in contact with her mother and flew home."
056.txt,"[coherence] Bella suddenly thinks 'Had Charlie told Billy that I’d vanished for three days? Had Billy jumped to conclusions? Had Jacob really been asking me if I was still human?' This is a major logical leap with no established basis. There's no indication in the chapter that Charlie knew Bella was gone for three days, told Billy, or that Billy would inform Jacob. The narrative presents this as Bella's sudden intuition, but the connection between Jacob's question about school attendance and a three-day vampire transformation is extremely tenuous and requires assumptions not supported by the text.","[cross_chapter] Jacob says 'I think I might have been wrong before, you know, about not being able to be friends. Maybe we could manage it, on my side of the line. Come see me.' This contradicts the established relationship from Chapter 53's summary where Jacob had already delivered a treaty warning and had an 'emotional final parting where both acknowledge they cannot maintain their friendship.' The summary states 'Jacob finally reveals himself by planting Bella's motorcycle in Charlie's driveway to get her further grounded, then confronts Bella and Edward in the woods as the pack's spokesperson' and 'leading to an emotional final parting where both acknowledge they cannot maintain their friendship.' Yet here Jacob is actively inviting Bella to resume friendship, suggesting this chapter occurs before that final confrontation, not after."
056.txt,"[temporal] The chapter contains a significant temporal confusion regarding 'last night.' Bella receives Jacob's call 'last night' after returning from Florida. Then 'The next morning' Edward takes her to school where Jacob confronts them. However, the narrative also states 'You jumped to the wrong conclusion last night' about Jacob's phone call motives. But earlier, Bella thinks about 'This morning we’d gone for a walk along the beach' in Florida, and 'last night' she was apparently already home receiving Jacob's call. The timeline of when she returned from Florida vs. when the beach walk occurred is muddled—the beach walk was 'this morning' in Florida, but she also seems to have been home 'last night' to receive the call.",
056.txt,"[cross_chapter] Jacob says 'I think I might have been wrong before, you know, about not being able to be friends. Maybe we could manage it, on my side of the line.' This contradicts the emotional arc from previous chapters where Jacob was consistently pursuing a romantic relationship, not friendship. In Chapter 53, Jacob was devastated about Bella becoming a vampire and their confrontation was romantic. The phrasing 'on my side of the line' suggests Jacob is accepting friendship boundaries he previously rejected, but this acceptance comes without clear motivation given his ongoing romantic pursuit in previous chapters.",
057.txt,,"[cross_chapter] Bella claims Edward left her 'last fall because he didn't think I should be hanging out with vampires' and that 'he thought it would be healthier for me if he left.' This directly contradicts Chapter 30 where Edward explicitly stated he no longer wanted her and that he and his family were leaving Forks permanently. The actual reason for his departure was his belief that he and his vampire family were dangerous to her, not that she shouldn't hang out with vampires generally. Bella is deliberately misrepresenting or misunderstanding the reason to Jacob."
057.txt,,"[cross_chapter] Bella tells Jacob that 'Edward would have come back anyway' and that 'being apart... It didn't work out so well for either of us.' However, in Chapter 46, Alice's vision revealed that Edward believed Bella was dead and was going to Italy to provoke the Volturi into killing him—he had no intention of returning while she was alive. Edward only returned because he thought she had died (Chapter 51). Bella's assertion that he would have come back anyway is factually incorrect based on previous events."
057.txt,,"[cross_chapter] Jacob claims that if Bella 'had just waited for me like you were supposed to, then the bl—Alice wouldn't have been able to see you jump? Nothing would have changed.' However, in Chapter 43, Bella cliff dived specifically to hallucinate Edward's voice, not because Alice could see her. Alice's vision of Bella jumping was what prompted her to come to Forks, but Jacob's scenario is impossible—Bella was already deeply entangled with the Cullens and Victoria was already hunting her. The 'nothing would have changed' outcome is speculative and ignores that Victoria's vendetta existed independently of Bella's cliff diving."
057.txt,,"[coherence] Bella states she 'had no clue where the boundary line was, but I began to feel safer as I passed the first houses outside La Push. This must be beyond where Alice was allowed to follow.' However, the Cullens' treaty with the Quileutes prohibits them from crossing onto Quileute land, not from following Bella near or around it. Alice's inability to see werewolves in her visions (established in Chapter 45) is her actual limitation, not a physical boundary restriction. Bella's reasoning about 'where Alice was allowed to follow' conflates two different limitations and assumes a geographical boundary that isn't clearly established."
058.txt,"[coherence] Bella says 'I sat back down on our tree,' but immediately after Jacob 'sat on the wet, rocky ground rather than next to me.' This is contradictory—if Bella sat on a tree, Jacob couldn't sit 'next to' her on the ground in the same spot, and the tree is previously described as a 'driftwood bench,' not something two people sit on together in different positions.","[cross_chapter] Jacob says Sam and Jared are the only ones who have imprinted, but this contradicts later established lore where multiple other wolves imprint (Quil on Claire, Jacob on Renesmee). However, within the context of this specific book (New Moon), this is actually accurate at this point in time. The error is that Jacob says 'Sam and Jared are the only ones' when he should technically say 'the only ones so far' or acknowledge it could happen to others, but this is minor. More significantly, Jacob's statement that 'Sam and I are the only ones who ever felt really bitter' about being wolves contradicts his earlier and later characterization where multiple wolves struggle with the transformation."
058.txt,"[cross_chapter] Jacob says 'Laurent was fun' referring to killing him, but in Chapter 41 Jacob reveals the werewolves killed Laurent, and Bella was shocked to learn this. Here Jacob speaks of it casually as a shared memory with Bella, but at that earlier point Bella didn't know Laurent was dead. The timeline of when Jacob tells Bella about Laurent's death is inconsistent with his casual reference here.","[coherence] Bella says 'I sat back down on our tree' but then Jacob 'sat on the wet, rocky ground rather than next to me.' If she sat on a tree, and he sat on the ground, the tree is not a shared seating place. Later Jacob says 'He patted the tree' indicating Bella is sitting on a tree stump or log, but 'our tree' implies it's a known shared spot. The physical arrangement is confusing and inconsistent—Jacob avoids sitting next to her by sitting on the ground, but if she's on a tree stump, he could sit on the stump too. The description makes it sound like they should both be able to sit on the tree/stump."
058.txt,"[cross_chapter] Bella says 'I told you a long story' referring to her telling Jacob about the supernatural world, but in previous chapters (particularly Chapter 7), it was Jacob who told Bella about the Quileute legends and 'the cold ones.' Bella was the one receiving information, not giving it. Their roles in information exchange are reversed here.","[cross_chapter] Jacob mentions that Laurent was 'fun' to hunt and says 'if the Cullens hadn't gotten in our way last Saturday… ugh! We could have had her!' referring to Victoria. However, this contradicts the timeline and events from previous chapters. The Cullens were not present during the Victoria hunt—they had left Forks entirely. The werewolves were hunting Victoria alone, and the Cullens' absence was the whole reason the wolves had to protect Bella. Jacob's statement implies the Cullens interfered in a werewolf hunt, but at this point in the story, the Cullens have not returned to Forks yet (they return later when Alice comes back). This appears to be a confusion with the events of 'Eclipse' rather than 'New Moon'."
059.txt,"[cross_chapter] Bella tells Angela that Edward and his brothers are going hiking, but in previous chapters (Chapter 12 specifically), Edward revealed that he and Emmett go hiking/camping as a cover for hunting. However, in this chapter, Edward later reveals he came back early from hunting because 'Alice saw you disappear.' The hiking cover story is maintained with Angela, but the actual activity is hunting, which creates a minor inconsistency in how Bella presents it. More significantly, Bella tells Angela 'Emmet's home for the weekend. They're supposed to be hiking' - but earlier in Chapter 55, Edward reveals a newborn vampire is causing murders in Seattle, and the Cullens are actively tracking this threat. The 'hiking' excuse seems outdated given the established Seattle newborn plotline.","[cross_chapter] Bella claims Edward is mad at her because he thinks Jacob is 'dangerous' and a 'bad influence,' but in previous chapters (particularly Chapter 53), Jacob explicitly warned Bella that vampire bites break the treaty, and the Cullens are genuinely concerned about werewolf violence due to their nature as volatile young shapeshifters who have accidentally injured each other. Edward's concern is not framed as simple jealousy in the narrative—he has legitimate reasons to fear for Bella's safety around werewolves, given their strength, temper, and recent transformations. Bella's reduction of this to 'jealousy' contradicts established facts about werewolf danger."
059.txt,"[cross_chapter] Bella considers going to 'Alaska, I think. The university there in Juneau' as her college plan. However, in Chapter 52, the Cullens already voted on Bella becoming a vampire, and Edward proposed marriage as a condition. The Alaska plan was originally established as a cover for the Cullens' lifestyle (where they could be in darkness longer), but by this point in the narrative, Bella's future as a vampire seems increasingly certain. The continued discussion of Alaska as if it's a genuine long-term human college plan contradicts the trajectory of her becoming a vampire. Additionally, in Chapter 55, Edward pushes for more college applications including Dartmouth, indicating they were already discussing this.","[coherence] Alice claims Edward paid her off with a Porsche 'exactly like the one I stole in Italy,' but in Chapter 47, Alice stole a yellow Porsche in Florence to get to Volterra. This creates a contradiction: either Alice is referring to a different stolen Porsche (making the comparison inaccurate), or she is conflating two different vehicles. More importantly, the narrative treats this as a straightforward bribe, but Edward purchasing an identical car to one Alice stole while racing to save his life trivializes the original desperate circumstances and creates a logical inconsistency about how such a specific matching vehicle would be acquired so quickly."
059.txt,"[coherence] Alice claims Edward 'paid me off' with a Porsche 'exactly like the one I stole in Italy.' However, in Chapter 47, Alice stole a yellow Porsche in Italy to rush to Volterra. The description here suggests Edward acquired an identical Porsche as a bribe, which is an extravagant and logistically questionable gift (importing a European sports car, finding an exact match). More importantly, this establishes a pattern of Edward using expensive material bribes to control Bella's movements through her friends/family, which contradicts his earlier characterization as respecting her autonomy (even if he is overprotective). The 'every time he's gone' arrangement suggests a systematic pattern of controlling behavior that wasn't previously established.",
059.txt,"[emotional] Bella's emotional reaction to being 'kidnapped' by Alice is notably mild and quickly resolved. She expresses anger but rapidly acquiesces to the situation, even finding it 'not so bad' within hours. This contradicts her established character trait of fierce independence and her recent (in Chapter 56) willingness to sneak out and confront Edward about her freedom. After fighting so hard for autonomy in previous chapters, her rapid acceptance of being held against her will for two days seems emotionally inconsistent. Her declaration 'I am Switzerland' about neutrality between vampires and werewolves also rings hollow when she immediately allows herself to be imprisoned by one side.",
060.txt,"[coherence] Rosalie claims she has never tasted human blood, but then admits to murdering seven humans. While she specifies she was careful not to spill their blood, the act of killing humans without drinking their blood is biologically/physiologically questionable for a vampire—she would still be exposed to blood during violent murders, and her stated motivation for avoiding blood contact ('I didn't want any part of them in me') doesn't align with vampire nature where blood is the sole sustenance. This creates a coherence issue about whether she truly 'never tasted' human blood given the extreme difficulty of killing seven people without any blood contact.","[cross_chapter] Rosalie claims Edward 'so rarely leaves you alone' and that she took advantage of his absence to talk to Bella. However, in the previous chapter (Chapter 60), Edward left early for a hunting trip and Alice 'kidnapped' Bella for a slumber party. Edward is not present at the Cullen house during this chapter—he's on a hunting trip. Rosalie's statement implies Edward is usually hovering around Bella, but the immediate context shows he's away hunting, making her timing comment odd though not impossible. More significantly, this contradicts the established pattern where Edward has been extremely protective and present recently; his absence is the exception that allows this conversation, but Rosalie frames it as a rare opportunity, which aligns with recent events actually."
060.txt,"[cross_chapter] Rosalie says Edward 'so rarely leaves you alone' as her reason for visiting Bella now, but in Chapter 30, Edward broke up with Bella and the Cullens left Forks entirely for months. While they have reconciled, the phrasing 'so rarely leaves you alone' implies a continuous pattern that was dramatically interrupted. More significantly, Rosalie states Edward 'doesn't like to tell other people's stories—he feels like he's betraying confidences, because he hears so much more than just the parts they mean for him to hear,' but in Chapter 15, Edward told Bella extensive details about how Carlisle found Esme, Rosalie, and Emmett, including Rosalie's own backstory about being found dying and Carlisle changing her. Edward has already told Bella Rosalie's story in significant detail, contradicting Rosalie's claim that he withheld information.","[cross_chapter] Rosalie says 'I haven't been fair to you, either, Bella. Did he tell you why? Or was that too confidential?' and reveals Edward lied about her reasons for disliking Bella. However, in Chapter 60's previous summary, there is no indication of this conversation's setup, and more importantly, Bella's reaction suggests this is new information. Yet in earlier chapters (particularly Chapter 53), Jacob confronted Bella and Edward about the treaty, and emotional dynamics were already tense. The specific claim that Edward lied about Rosalie's motivations being 'because I was human' versus jealousy creates a cross-chapter inconsistency with how their hostility was previously portrayed—Edward's explanation was partially true but incomplete, making this a retcon of prior character dynamics rather than a pure contradiction."
060.txt,"[temporal] Rosalie states 'It was nineteen thirty-three. I was eighteen,' but later says she was 'the same age as you' comparing herself to Bella. However, Bella is established as being seventeen (turning eighteen in Chapter 28). This creates either a temporal inconsistency in Rosalie's stated age or her comparison to Bella's age. Additionally, if Rosalie was eighteen in 1933, she would be approximately 75 years old as a vampire by the time of the main story (roughly 2005-2006), which doesn't align with other temporal markers in the series about vampire aging and timeline.","[coherence] Rosalie claims her record is 'almost as clean as Carlisle's' and 'better than Esme,' then states she murdered seven humans (five friends plus Royce plus two guards). However, she initially says 'five humans' then corrects to 'seven murders' adding the guards. This arithmetic inconsistency is within her own dialogue—she first says five, then says seven including guards, but 5 + Royce + 2 guards = 8, not 7. She says 'Oops—seven murders' but the math doesn't work: 5 friends + Royce + 2 guards = 8 victims. Unless she meant 5 total including Royce, then adding 2 guards = 7, but her phrasing 'I did murder five humans... But I was very careful... I saved Royce for last' suggests five friends plus Royce plus guards = 8."
061.txt,"[cross_chapter] Jacob claims he broke the treaty by telling Bella about vampires 'back before I believed any of it,' but in Chapter 7, Jacob told Bella about 'the cold ones' and the Cullens being vampires while fully believing the legends were true. He even said 'we're not supposed to say anything' and was clearly aware of the supernatural nature of what he was revealing. His claim that he broke the treaty 'before I believed any of it' contradicts his earlier behavior where he was cautious about revealing too much but clearly believed the stories.","[cross_chapter] Bella states she hasn't been to Jacob's garage in months since Edward returned, but previous chapters show her visiting Jacob multiple times after Edward's return from Italy (Chapters 53, 55, 56, 58, 59, 60, 61). In Chapter 60, she even helps Jacob work on motorcycles in the garage. This directly contradicts her claim of not having been there in months."
061.txt,"[coherence] Bella states that Jacob 'hadn't been around Emily's place much' until recently, and that Quil 'hadn't been hanging out with us... until just recently.' However, Quil was established as one of Jacob's close friends who was present during earlier interactions with Bella (mentioned in Chapter 34). The timeline of Quil's recent involvement with the pack contradicts his established presence in Jacob's social circle from much earlier in the story.","[cross_chapter] Jacob asks if Bella remembers last Valentine's Day as the last time she was at his house when things were 'normal,' but this contradicts the timeline. Valentine's Day was during Edward's absence (Chapter 37), and Bella has visited Jacob's house multiple times since Edward returned from Italy. The 'last time' she was there was much more recent than Valentine's Day."
062.txt,,"[cross_chapter] Bella says 'Last I'd heard, they weren't big on allowing phone calls from the other side,' referring to Jacob's comment that he'd rather see her dead. However, in the previous chapter (Chapter 62), Jacob said 'I'd rather see you dead' directly to Bella in person at La Push, not in a phone call. This misattributes the medium of the insult and conflates it with an earlier separate incident."
062.txt,,"[coherence] Alice is simultaneously described as having been at Bella's house to get pajamas (implying she was there recently/in the morning) and also being at the Cullen house when Edward and Bella arrive to talk to her. While vampires are fast, the text states Alice was at Bella's house that morning to maintain the 'slumber party charade,' yet she's already at the Cullen house with the family 'waiting for us, on alert after Edward's call.' The timeline suggests Alice would have had to leave Bella's house, return to the Cullens, and have the family assembled in an extremely short window, without explanation of how Edward's call reached her or when she departed."
062.txt,,"[coherence] Edward detects an intruder's scent 'early this morning while Charlie was sleeping' and states 'whoever it was didn't touch him.' However, the intruder apparently went through Bella's room extensively—taking her pillow, possibly her red shirt, and going through her laundry. The vampire was in the house, in Bella's room, moving items around, yet Edward claims they 'didn't touch' Charlie. The phrasing is misleading since the intruder clearly touched and moved Bella's belongings, and was in the house long enough to do substantial searching."
062.txt,,"[cross_chapter] Edward says to Jacob 'I won't be letting Bella out of my sight till I get this taken care of,' yet immediately negotiates to leave Bella and go track the intruder himself. Within minutes of this statement, Edward agrees to Jacob's 'interesting suggestion' and plans to 'go alone' to follow the trail, directly contradicting his claim that he won't let Bella out of his sight. The narrative treats this as a negotiation rather than a contradiction."
062.txt,,"[temporal] Emmett reports the trail went 'East, then South, and disappeared on a side road. Had a car waiting' and that the intruder was 'Long gone, hours ago.' However, Edward detected the scent as fresh enough to be alarmed upon arriving at Bella's house, and the intruder was there 'early this morning while Charlie was sleeping.' The timeline is compressed: if the intruder was there early morning and it's now perhaps mid-morning or noon, 'hours ago' is accurate, but Edward's extreme alarm and the family's defensive posture suggest a more immediate threat. The disconnect between 'hours ago' and Edward's urgent protective behavior creates temporal confusion about when the intrusion actually occurred relative to current events."
063.txt,"[cross_chapter] Edward's acceptance letter from Dartmouth is presented as a surprise, but in Chapter 55, Edward was already pushing Bella to apply to Dartmouth and other colleges while she insisted Alaska was sufficient. The arrival of an acceptance letter should not be surprising given their prior conversation about applications, and Edward's statement 'I sent in your application, that's all' contradicts the earlier implication that this was already a topic of discussion and negotiation between them.","[cross_chapter] Edward says 'I sent in your application, that's all' regarding Dartmouth, but in Chapter 55's summary, it states 'both have been accepted to University of Alaska Southeast.' This creates a contradiction about which universities they applied to or were accepted by. The summary mentions Alaska, but this chapter shows Dartmouth acceptance without any mention of Alaska."
063.txt,"[coherence] Bella's reaction to Jacob's fast healing is portrayed as shocking and unprecedented, but in Chapter 42, Bella already witnessed Jacob and Paul transform into werewolves and fight, and spent an entire day with the pack at Emily's house where werewolf physiology was discussed in detail. She should already be fully aware of their rapid healing abilities, making her stunned reaction here inconsistent with her prior knowledge and experiences.","[coherence] Jacob says 'I can hear him outside' referring to Edward waiting for him to leave, but Edward is a vampire who makes no sound and was described as 'loped off toward the trees' earlier. Werewolves having enhanced hearing is established, but Edward's complete silence and the specific claim Jacob can hear him is questionable given Edward's supernatural stealth. More importantly, Jacob's statement contradicts his later behavior—if he could hear Edward outside, he would know Edward's exact position, yet he acts surprised when Edward leaves quickly after his departure."
063.txt,"[cross_chapter] Alice's 'kidnapping' of Bella with pajamas and pillow is referenced as a past event, but in Chapter 60, Alice kidnapped Bella for a slumber party that was happening concurrently with Edward's hunting trip—this chapter shows Edward present and interacting with Bella throughout, with no indication that the slumber party already occurred. The timeline is confused: Bella mentions Alice taking her things 'when she came to get my pajamas and pillow and stuff to hold me hostage' as if this happened earlier, but Chapter 60 established this was happening while Edward was away hunting, not before.",
064.txt,"[cross_chapter] Bella refers to 'the third wife' as unnamed and wishes they had remembered her name, but in Chapter 64's summary, this bonfire is where Quil first hears the stories. However, more critically, in the actual storytelling, Old Quil explicitly calls her 'the third wife' throughout and never gives her actual name, yet Bella's lament suggests this is a forgotten name rather than a deliberate narrative choice. More significantly, this chapter contains a direct contradiction with Chapter 64's summary which states 'Edward reluctantly agrees to let Bella attend a bonfire at La Push with Jacob, driving her to the treaty line'—but in this chapter, Jacob drives Bella himself in his own car, and Edward is waiting at the boundary line in his Volvo when they arrive. Edward did not drive her.","[cross_chapter] Bella refers to 'whoever had ransacked my hamper' as if it happened previously, but this is the first mention of her hamper being ransacked in any previous chapter summary. The intruder in Chapter 63 stole scented items and disturbed her laundry, but there's no mention of a hamper being ransacked earlier. This appears to be a reference to a previous event that wasn't actually established in prior chapters."
064.txt,"[cross_chapter] In Chapter 64's summary, it states that Edward drives Bella to the treaty line and tensions flare between factions. However, in this chapter, Jacob drives Bella in his own car, and Edward is already waiting at the boundary line in his Volvo. There is no mention of Edward driving Bella or tensions at the treaty line—instead, Jacob has already called Edward for Bella and Edward is simply waiting for her arrival.","[cross_chapter] Bella thinks 'I must have dreamed that part' about Edward sympathizing with Heathcliff, but the text shows Edward explicitly said this to her the previous night. However, she then finds the passage about 'drank his blood' and thinks 'surely I must have dreamt that Edward said anything positive about Heathcliff.' This is contradictory because she heard him say it directly, yet dismisses it as a dream. More importantly, the 'drank his blood' passage she finds is actually consistent with Edward's nature as a vampire, making her dismissal odd, but the core inconsistency is that she treats a direct conversation as potentially dreamed when she was awake and conversing with him."
065.txt,"[cross_chapter] Alice mentions receiving a gift from Bella that she hasn't given yet, referencing her precognitive vision. However, this contradicts the established timeline where Alice's visions are subjective and changeable based on decisions. More importantly, Bella panics trying to remember what she decided to get Alice, but in Chapter 64 (previous summaries), Bella already bought concert tickets for Alice and Edward as their graduation gift, and Edward even confirmed this. Bella should already know what she's getting Alice.","[cross_chapter] Alice mentions receiving a gift from Bella that she hasn't given yet, but in Chapter 64 (previous summaries), the intruder stole Bella's scented items including presumably gifts. However, more directly, Alice says 'I love my gift. You shouldn't have' and 'Oh, I know that. But you will.' This creates confusion about whether Alice has actually received the gift or is predicting she will. But the main inconsistency is that later in the chapter, Bella remembers she's getting Alice concert tickets, and Edward confirms this. Yet Alice's statement implies she already knows about and has received a gift, when the tickets haven't been purchased yet. This is actually consistent with Alice's precognition, but creates a minor logical issue about whether she's 'seen' receiving a gift that hasn't been bought."
065.txt,"[cross_chapter] Bella is shocked to learn the date is June 4th and that graduation is one week away, having lost track of time. However, in Chapter 55 (previous summaries), Edward already told Bella about 'a newborn vampire causing murders in Seattle' and they discussed college applications including Dartmouth. In Chapter 64, Edward surprised Bella with a Dartmouth acceptance letter. The narrative treats her awareness of the impending date as a sudden revelation, but she has been actively discussing post-graduation plans (college, transformation) for multiple chapters, making her complete obliviousness to the date inconsistent with her recent active planning.","[cross_chapter] In Chapter 63 (previous summaries), an intruder (implied to be a vampire) searched Bella's room and stole her scented items. Edward detected an unfamiliar vampire scent. However, in this chapter, when Bella comes home from school with Edward, there is no mention of the intruder threat, no heightened security, and no discussion of the ongoing danger. Bella casually goes about her day reading the newspaper and thinking about graduation gifts, with no apparent concern about the vampire intruder who was in her room just days before. Edward also behaves normally without mentioning the unresolved threat, despite having been so protective previously."
065.txt,"[coherence] Bella claims she doesn't know how to say goodbye to Charlie, Renée, Jacob, and being human, yet she has already 'made her choice' to become a vampire and has been planning this for the entire book series. Her sudden terror and feeling of unreadiness contradicts her consistent, adamant insistence across multiple chapters that she wants to become a vampire immediately. The narrative presents this as a genuine emotional shift, but the extremity of her panic (feeling like she has 'no choice,' being terrified of the 'dark abyss') doesn't align with her previous eager willingness, even accounting for normal pre-transformation nerves.",
065.txt,"[cross_chapter] Edward states that 'not one of us had a choice' regarding becoming a vampire and references Rosalie's struggle. However, in Chapter 61 (previous summaries), Rosalie explicitly told Bella that Carlisle transformed her against her will after finding her dying from Royce King's attack. While Rosalie didn't choose to become a vampire, Edward's framing of 'no choice' as a universal experience is misleading—Alice chose to seek out the Cullens after her visions, and Esme's transformation circumstances differ. More importantly, Edward uses this to argue Bella should have 'a choice,' but Bella has repeatedly made her choice clear across many chapters, making his reframing of her agency disingenuous to their established dynamic.",
066.txt,"[cross_chapter] Jasper says Maria, Nettie, and Lucy 'hadn't been together long—Maria had rounded up the other two—all three were survivors of recently lost battles,' but earlier he describes Maria as already being in charge and the brunette (Maria) giving orders to Nettie and Lucy. If Maria 'rounded up' the other two and they were all recent survivors, it's unclear how Maria established dominance so quickly or why the others would immediately defer to her leadership. More importantly, Jasper later states 'Nettie and Lucy turned on Maria eventually—but that one we won,' implying Maria and Jasper were allied against them, yet earlier Maria is the one who created Jasper and led the army.","[cross_chapter] In Chapter 45, Alice explicitly states she cannot see werewolves in her visions, which is why she missed Jacob rescuing Bella from drowning. However, in this chapter, Edward claims someone is exploiting 'the holes in your vision' by changing decisions quickly, and Alice describes seeing 'flickers' and 'strange flashes' of indecision. The narrative later suggests this is Victoria changing her mind, but if Alice cannot see werewolves at all, the explanation for why she can't see clearly should be consistent. More critically, Edward later says 'Aro knows you as well as you know yourself' and suggests the Volturi are hiding from Alice by not making decisions, but this contradicts the established fact from Chapter 45 that Alice simply cannot see werewolves whatsoever—it's not about decisions being unmade, but about werewolves being invisible to her sight. The chapter attempts to retcon or confuse this established limitation by suggesting rapid decision-changing blocks her vision, when the prior explanation was categorical blindness to werewolves."
066.txt,"[cross_chapter] Jasper describes his ability to control emotions as 'vitally effective' and says 'Even Maria, Nettie, and Lucy were able to work together more easily' because of it. However, earlier in the same chapter when describing his human life, he says 'My father said it was charisma. Of course, now I know it was probably something more.' This implies he had some emotional influence even as a human, yet in previous chapters (particularly Chapter 15), Edward explained Jasper's gift as the ability to 'control the emotional atmosphere around him' without mentioning it had human origins. More significantly, Jasper says his ability was 'as yet undefined' when he first became a vampire, which contradicts his earlier statement that his father noticed his 'charisma' was 'probably something more'—if he suspected it was supernatural as a human, it wouldn't be 'undefined' as a newborn vampire.","[coherence] Edward claims Aro saw him 'at his one side and Alice at his other' with 'virtual omniscience,' and that Aro wanted this 'too much' and would take 'much longer to give up on that plan.' However, Edward also states 'the other thoughts were stronger' and that 'there was also the thought of you, Carlisle, of our family, growing stronger and larger. The jealousy and the fear.' This creates a logical inconsistency: if Aro wanted Edward and Alice at his side with 'virtual omniscience' so intensely that Edward thought he'd never give up, why would Aro simultaneously want to destroy the Cullen coven? The two desires are directly contradictory—Aro cannot both covet Edward and Alice's powers for his own guard and want to eliminate the family that produces them. Edward's explanation that Aro is simultaneously jealous of Carlisle's family yet wants to recruit Edward and Alice lacks coherent motivational logic, especially given that destroying the Cullens would eliminate the very people Aro supposedly covets most."
066.txt,"[coherence] Jasper describes how newborns are 'incredibly powerful physically, for the first year or so' and that 'the massive strength of the newborn began to wane around the year mark,' yet also states that Peter 'had remained useful and survived his first three years, against the odds.' If newborns lose their strength after about a year, Peter's survival to three years being 'against the odds' doesn't fully explain why he remained 'useful'—he would no longer have newborn strength. Additionally, Jasper says Maria 'kept a dozen or so newborns ready' and 'When they outgrew their usefulness, we did dispose of them,' implying they were disposed of at around a year when strength waned, yet Peter survived three years and was still useful enough to be assigned to 'babysit' newborns.",
067.txt,"[cross_chapter] Bella mentions 'the invitations are already sent' for the party and Alice says 'So that puts the party attendance list down to sixty-five' after Renée cancels. However, in Chapter 66, Alice reveals her vision of a graduation party and Bella panics. The timeline is inconsistent—if invitations were already sent and sixty-five people invited, this implies the party planning is well underway, but Chapter 66 presents Alice's vision as a new revelation and Bella's panic as fresh. The chapter numbers suggest Chapter 66 precedes this chapter, yet this chapter shows the party as already planned with invitations sent.","[cross_chapter] Bella says she hasn't been to La Push since the bonfire, but in Chapter 64 she attended a bonfire/council meeting with Jacob, and in Chapter 58 she drove to La Push and walked to First Beach with Jacob. The 'bonfire' reference seems to conflate multiple recent visits, making this statement false."
067.txt,"[cross_chapter] Edward says 'After school tomorrow, I'm going hunting with Carlisle, Esme, and Rosalie' and that 'Alice, Jasper, and Emmett should be able to keep you safe.' However, in Chapter 64, Edward returns from a hunting trip and they discuss the stolen items and Seattle newborn murders. The timeline is confused—this chapter presents a hunting trip as upcoming, but Chapter 64 already had Edward returning from a trip. The chapter ordering appears inconsistent.","[cross_chapter] Alice says Renée canceled and 'that puts the party attendance list down to sixty-five,' but Edward asks 'Who canceled?' and Alice answers 'Renée.' However, earlier in the conversation Alice said 'the invitations are already sent' and Bella didn't know about the party. The math of 65 guests including Renée is odd given Bella's surprise at the number, but more importantly, this contradicts the earlier statement that invitations were already sent—if Renée was going to 'surprise' Bella, she wouldn't have been on an official invitation list to begin with."
067.txt,"[emotional] Bella thinks 'I wanted Edward to come to me. I wanted to make both of them get out of their cars and shake hands and be friends—be Edward and Jacob rather than vampire and werewolf.' This desire for reconciliation contradicts her established pattern of understanding and accepting the deep supernatural enmity between vampires and werewolves. Throughout previous chapters (particularly Chapters 40, 41, 53, 59, 60), Bella has repeatedly witnessed and acknowledged the fundamental incompatibility and danger of vampire-werewolf interaction, even declaring herself 'Switzerland' to avoid choosing sides. Her sudden wish for them to simply 'shake hands and be friends' ignores the treaty tensions, the physical danger, and her own previous pragmatic acceptance of their separation.","[temporal] Bella says 'Tomorrow was the first day of finals, and it was only a half-day,' but later in the chapter she says 'Finals were done, and most of them had been a cakewalk. Calculus, the one exception, was behind me, pass or fail.' This is a significant temporal jump with no clear transition—she goes from the day before finals to having completed them, with the narrative continuing in what appears to be the same day at Jacob's house."
067.txt,,[coherence] Bella thinks 'I wanted Edward to come to me. I wanted to make both of them get out of their cars and shake hands and be friends—be Edward and Jacob rather than vampire and werewolf.' This is internally contradictory because she just left Edward's car to get into Jacob's car—she could have easily asked Edward to come over or stayed to talk. The narrative presents this as an impossible desire when she was literally just with Edward and chose to leave.
067.txt,,"[cross_chapter] Jacob says 'I offered eternal servitude, remember. I'm your slave for life,' referencing his promise in earlier books, but this contradicts his recent behavior in Chapter 53 where he delivered a treaty warning, planted her motorcycle to get her grounded, and had a hostile confrontation with her and Edward. Their relationship was severely fractured, making this casual reference to 'eternal servitude' emotionally inconsistent with their recent conflict."
068.txt,,"[cross_chapter] Bella states that Jacob 'left her once' and references 'the weeks he'd hidden from me, the words he'd said to me in the woods beside his home.' However, in Chapter 39, Jacob's transformation and rejection of Bella was recent and traumatic, not something Jacob chose to do voluntarily to hide from her. The previous chapters show Jacob was forced into werewolf transformation and was controlled by Sam Uley's influence, not that he voluntarily left Bella. Jacob also explicitly denies leaving her in this chapter, claiming 'They told me I couldn't tell you' and 'I never left, never!' This contradicts Bella's framing of events as Jacob abandoning her."
068.txt,,"[coherence] Jacob claims he 'used to run around your house at night—like I do now. Just making sure you were okay.' This implies Jacob has been running around Bella's house at night recently as a werewolf. However, werewolves and vampires have a treaty boundary, and Jacob's wolf form would be detectable by the Cullens. More importantly, in previous chapters, Edward never mentions detecting Jacob near the house, and the Cullens' heightened senses would certainly notice a werewolf patrolling. Additionally, if Jacob was doing this 'now' (during the current timeline with Edward back), it creates a contradiction with Edward's protective presence and the ongoing tension between the groups."
068.txt,,"[emotional] After Jacob forcibly kisses Bella against her will, gripping her neck and forcing her mouth open, Bella's emotional response is inconsistent. She explicitly shuts down emotionally during the assault ('I let my hands drop to my side, and shut down... just waited for him to stop'), then punches him in response. However, she immediately gets into his car and allows him to drive her home, and her anger rapidly dissipates into banter and near-affectionate bickering. This emotional whiplash—going from sexual assault victim to grudging acceptance to joking about murder as 'passion'—undermines the severity of the assault and contradicts realistic trauma responses. Her continued engagement with Jacob as if this were merely a disagreement rather than a violation is emotionally incoherent."
069.txt,"[cross_chapter] Bella refers to her 'good hand' and 'broken knuckle' from punching Jacob, but in Chapter 64 she cut her hand (not knuckle) on a knife while cooking, and in Chapter 36 she got seven stitches in her head from the motorcycle accident. The broken knuckle from punching Jacob was never mentioned in previous chapters—she previously punched Jacob in Chapter 55 but no injury was mentioned, and the specific 'broken knuckle' with a 'dark brace' contradicts the established hand injury from the knife cut.","[cross_chapter] Bella refers to her 'good hand' and later wears a 'dark brace' on her left hand, but the previous chapter summary states she broke her hand punching Jacob and was taken to Carlisle for treatment. There's inconsistency about which hand is injured and whether she's still wearing a brace at graduation, which would presumably have been healed by Carlisle's superior medical care or at least mentioned as still present."
069.txt,"[cross_chapter] Bella says 'I only own one skirt' but in Chapter 64 she was wearing a skirt to school ('I pulled on a skirt and a blouse'), and throughout the series she has worn multiple skirts including to the prom and other occasions. This is an exaggeration but presented as literal fact.","[cross_chapter] Bella refers to her 'kidnapped red blouse' and Alice mentions 'missing your annoying thief,' but in Chapter 63, the intruder stole her 'scented items' including a pillow and laundry, and in Chapter 64, Edward reveals 'the intruder stole Bella's scented items.' The red blouse was mentioned in Chapter 63 as 'a misplaced red shirt,' not explicitly stolen, and the timeline of when Alice was 'missing' this versus when it was discovered is unclear."
069.txt,"[coherence] Alice freezes completely still for 'two minutes straight' while Bella counts in her head. This is extremely unlikely given vampire speed and the urgency of the situation—Alice would process information much faster, and standing completely frozen for two full minutes in the middle of a conversation is bizarre behavior even for a surprised vampire.","[coherence] Alice claims she was 'missing things the way I have been' and feels 'useless' and 'normal,' yet she successfully brought Bella an outfit and knew exactly what was happening with the Seattle situation. This contradicts her earlier established limitation—if she's missing things due to vision holes, she shouldn't be able to pinpoint that the Seattle newborns are connected to Bella's thief while simultaneously claiming to feel useless and missing things."
069.txt,"[cross_chapter] Bella says 'Edward had it wrong' about the thief taking her things to prove he'd found her, but in Chapter 64 it was Edward who first suggested the thief was stealing her scent for others to track her ('He's collecting your scent'). Bella is presenting this as her own deduction that contradicts Edward's theory, when in fact Edward already proposed this exact theory.",
070.txt,"[cross_chapter] Bella's right wrist is described as 'stuck in the brace' and she uses her 'good hand' earlier, but in Chapter 64 Jacob accidentally cut his own hand, not Bella's, and there was no mention of Bella having a wrist brace or hand injury in recent chapters. This appears to be a continuity error with an injury from much earlier (James's attack in Phoenix) that should have healed long ago, or a confusion with a different injury timeline.","[cross_chapter] Bella refers to her 'good hand' and wearing a brace on her right wrist, but in Chapter 69, she broke her hand punching Jacob and Carlisle treated it. However, the narrative treats this as an ongoing injury with a brace still being worn, which is plausible for a recent fracture. More significantly, Bella refers to 'my good hand' when touching Edward's lips, but then later holds out 'my left wrist, since the right was stuck in the brace' for Jacob's bracelet. This is consistent within the chapter. The actual error is that in Chapter 69, Bella broke her hand (specifically mentioned as her hand, not wrist), and here it's described as her right wrist being 'stuck in the brace' - a slight inconsistency in injury description but not a major error. However, the more substantive cross-chapter error is that Bella refers to having 'a lot on my mind right now' and Jacob notes she's distracted, but she had just been frantically searching for Alice and Edward due to Alice's vision. When Jacob gives her the bracelet and she puts it on, she immediately resumes searching for Alice. The bracelet scene interrupts the urgency artificially, but this is more of a pacing issue than a consistency error. The real error: In Chapter 63, Edward detected an unfamiliar vampire scent in Bella's room and determined 'one of the Volturi or an unknown vampire searched Bella's room.' In Chapter 64, Jacob tracks the intruder's scent. But in this chapter (which appears to follow), when the werewolves arrive, Alice says 'Who invited the werewolf?' with disgust, and Bella says 'Guilty. I'd thought I'd rescinded that invitation.' However, in Chapter 64, Jacob had already been to Bella's house, negotiated a truce with Edward, and established werewolf protection. The Cullens and werewolves were already coordinating. Alice's reaction here suggests this is their first interaction, contradicting the established cooperation in Chapter 64."
070.txt,"[cross_chapter] Alice throws 'educational CDs into a box' and discusses music choices, but in Chapter 50 and other previous chapters, the Cullens are established as having very modern tastes and technology. More importantly, Alice's vision of the newborn army coming shows 'one carried your red shirt'—but Bella's red shirt was specifically stolen by someone intruding her room (revealed in Chapter 64 and discussed in Chapter 70). However, the narrative treats this as new information about the newborn army's target, when Bella had already theorized in Chapter 70 that her stolen belongings and the Seattle newborns were connected. The reaction here suggests surprise at a connection already established.","[cross_chapter] In Chapter 64, Edward 'agreed to let Bella attend a bonfire at La Push with werewolf protection, and surprises her with a matching silver motorcycle and safety gear.' In Chapter 65, Bella attends the bonfire and hears the legends. In Chapter 66-70, graduation approaches and happens. But in this chapter, Bella is attending a graduation party at the Cullens' house that Alice has thrown. The chapter describes the party as being 'billed as a joint event for Alice, Edward, and me' - but in Chapter 70, Bella explicitly dreads this party and it is described as Alice's decoration for a party Bella didn't want. The timeline placement is confusing because the previous chapter (70) ended with graduation having just occurred and Edward leaving abruptly after Bella's theory about the army creator. This chapter appears to be the party itself, but the emotional tone doesn't match - Bella was anxious about her theory and Edward left abruptly. Yet here, Edward is present and affectionate, and the party is already in full swing with no mention of the unresolved tension from Chapter 70. More critically, in Chapter 70, Bella tells Edward her theory that the scent thief and Seattle newborn creator are the same person, 'causing him to panic and leave abruptly.' But in this chapter, Edward is present at the party and there's no indication of this recent panic or any resolution of it. The narrative gap suggests missing events or a timeline inconsistency."
070.txt,"[emotional] Bella's emotional reaction to Jacob's gift and presence is inconsistent. She is desperate to find Alice and learn about the vision, repeatedly trying to escape Jacob, yet she suddenly shifts to fake enthusiasm for his present and then genuine appreciation for the wolf charm. While this could show her conflicted feelings, her immediate return to scanning for Edward after smiling at Jacob, followed by her complete lack of reaction when Jacob reveals he made the charm himself, creates an emotional whiplash that doesn't fully track with her established urgent panic about the supernatural threat.",
070.txt,"[coherence] Alice states 'Everything just disappeared, of course' referring to her visions becoming blank when Jacob and the werewolves decided to help. However, this contradicts how Alice's visions actually work—she sees the future of decisions made, and the werewolves' involvement should create a new future path, not a complete blank. More importantly, if 'everything just disappeared,' she wouldn't be able to see that the numbers were 'twenty-one today' or that 'the numbers are going down.' She provides specific information while claiming she can see nothing, which is logically inconsistent.",
071.txt,"[cross_chapter] Bella refers to 'the stranger in my room' as one of three bad things, but in Chapter 70, she realized the stranger was connected to the newborn army (same person behind both). Here she treats them as separate events, which contradicts her earlier deduction that they were the same threat.","[cross_chapter] Bella mentions a brace on her hand that intensifies a memory, but there is no previous mention of her wearing a brace in this chapter or the immediate preceding chapters. While she did break her hand punching Jacob in Chapter 69, the narrative does not establish that she is still wearing a brace in this chapter, making this reference appear without proper setup or explanation."
071.txt,"[cross_chapter] Bella tells Edward 'Well, crap! There goes your graduation present' and Edward responds 'It's the thought that counts... You can give the tickets to someone else.' However, in Chapter 66, Alice revealed the graduation date was June 4th, and in Chapter 70, graduation already happened (Alice brought an outfit, they attended graduation, had dinner with Charlie, and went to the party). This chapter appears to take place after graduation, making the reference to graduation tickets nonsensical.",
071.txt,"[coherence] Bella thinks 'It was at that point that I realized that everyone was watching us, the Cullens and the werewolves' after Jacob licks her face. However, she had already noted earlier that 'everyone was watching' during the fight demonstrations, and the Cullens' reactions were described as 'perplexed and somewhat disgusted.' The phrasing suggests this is a new realization, but the context makes it unclear why she wouldn't have noticed their attention already.",
071.txt,"[cross_chapter] Edward says 'I've not quite figured out all the details yet' in response to Jacob's thoughts, but Alice had already 'kidnapped' Bella for a slumber party until Saturday in Chapter 60, and in Chapter 70-71, the graduation party already happened with Jacob attending. The timeline is confused—this chapter seems to take place before graduation, yet references events that happen after.",
072.txt,"[cross_chapter] Edward says he got a 'fascinating look into the pack's mind last night' and learned about Leah being a werewolf, but in Chapter 72 (previous chapter), Edward was present at the meeting with the werewolves where Jacob revealed himself in wolf form and interacted with Bella. The pack's telepathic communication was already known, and Jacob's pack was present. However, the timeline is confused—Edward claims he learned this 'last night' but the previous chapter's meeting was also 'last night' and he already knew about the pack mind. More importantly, Edward says 'after last night that's all out the window' regarding Jacob keeping secrets, but in Chapter 72, Jacob was already in wolf form and the pack was openly communicating. The 'last night' Edward refers to seems to be a different night than the meeting, yet he learned pack secrets at the meeting.","[cross_chapter] Edward claims Jacob is 'second in command' of the wolf pack, but in Chapter 42, Jacob was clearly subordinate to Sam as Alpha with no indication of a formal second-in-command structure. The pack hierarchy established earlier showed Sam as absolute leader with Jacob as one of the younger members, not second-in-command."
072.txt,"[coherence] Bella says 'I like Jasper's idea' and wants to be in the clearing, but there's no prior explanation in this chapter or the previous chapter summaries of what 'Jasper's idea' actually is. The reader is expected to understand this reference without context, making it appear as if a conversation or explanation is missing.","[cross_chapter] Edward claims Alice's vision shows Bella 'stumbling around lost in the woods' if she tries to find the clearing, but in Chapter 72 (previous chapter), Alice's visions were explicitly blocked by werewolves. Seth Clearwater's presence would make Alice unable to see anything at all, not a vision of Bella lost. Bella actually points this out correctly, but Edward's initial claim contradicts established rules about Alice's vision limitations."
072.txt,"[cross_chapter] Alice tells Bella that Charlie will be home in fifteen minutes, and Bella gets ready. However, in Chapter 72, the meeting with the werewolves was at 3 AM. This chapter begins with Bella waking up in the afternoon after sleeping all day, and Edward mentions 'last night' referring to the meeting. The timeline suggests the meeting was the previous night, and now it's the next afternoon. Yet Alice says Charlie will be home in fifteen minutes—Charlie is a police chief who would normally work during the day. If it's afternoon, why is Charlie coming home now? The timing is inconsistent with a normal work schedule unless it's his day off, which isn't indicated.","[coherence] Edward claims he can ask Sam to give Seth 'certain orders' that Seth 'won’t be able to ignore,' implying Sam's orders are absolute compulsion. However, Jacob later disobeys Sam's orders multiple times in the series, and the pack structure shows Alpha commands can be resisted with sufficient will. The absolute nature of Sam's control over Seth is overstated here, especially since Seth later becomes known for his independent thinking."
072.txt,"[coherence] Bella threatens to use Seth Clearwater to help her find the clearing, saying 'Alice didn't factor in Seth Clearwater.' But Seth is a member of the werewolf pack with telepathic communication—if Seth helps Bella, the entire pack (including Sam and Jacob) would know through their mind link. Edward immediately counters that he'll ask Sam to give Seth orders, and then says Jacob (as second in command) can also give orders. This makes Bella's threat nonsensical because Seth cannot hide his actions from the pack mind, and Edward's counter-proposal of using the pack hierarchy to control Seth confirms that Seth's assistance would be visible to all. Bella's 'gotcha' moment relies on Seth somehow operating in secret, which is impossible given established pack mechanics.",
072.txt,"[emotional] Bella manipulates Edward by threatening to have a breakdown if he leaves her, explicitly thinking 'Cruel, I accused myself. Selfish, selfish, selfish!' and acknowledging she's using emotional blackmail. She compares herself to 'the real kind' of monster 'that hurt people' and 'had no limits.' Yet immediately after Edward capitulates, she feels guilty but confirms 'Not enough that I could fake a smile and tell him to go on ahead without me. Definitely not that much.' This is consistent with her character but creates an emotional inconsistency with her later self-perception as self-sacrificing. More importantly, Edward's reaction is inconsistent—he comforts her rather than recognizing the manipulation, despite his established ability to read minds (except Bella's) and his normally perceptive nature. He should be able to recognize emotional manipulation even without mind-reading, yet he simply accepts her framing.",
073.txt,"[coherence] Edward is described as sitting in the passenger seat of Bella's truck, but earlier Bella's bag was waiting for her on the passenger seat. This creates a physical impossibility unless Edward moved the bag, which is not mentioned.","[cross_chapter] Bella states she has already agreed to marry Edward and that the deal is done, but in this chapter Edward formally proposes and she accepts. This contradicts her earlier statement 'I'm not going back on my word' and 'I said I would marry you, and I will'—if she had already agreed, this formal proposal would be redundant. The chapter treats the proposal as a new event with her saying 'Yes' for the first time, despite earlier dialogue suggesting she had already committed."
073.txt,"[cross_chapter] Bella refers to 'the other night' when discussing compromise with Edward, but the previous chapter summaries do not describe any recent negotiation or compromise between them. The most recent significant interaction was the alliance meeting and argument about battle participation, not a negotiation about their relationship terms.","[coherence] Edward claims his 'virtue is all I have left' and that he has never broken this particular rule, yet he also admits to having killed people during his rebellious period (confirmed in previous chapter summaries). Killing is generally considered a more serious moral violation than premarital sex in virtually all ethical frameworks, making his prioritization of sexual purity over murder logically inconsistent. Additionally, he claims to have coveted, stolen, and lied, but draws the line at sex—despite having committed murder."
073.txt,"[cross_chapter] Edward mentions Jasper and Emmett's bet, which Bella says she had 'plenty of time to think through,' but this bet was never mentioned in any previous chapter summary. This appears to be a reference to an event that was not previously established in the narrative provided.","[cross_chapter] Bella references 'the other night' when they compromised, but the previous chapter summaries do not describe any recent compromise negotiation between Bella and Edward. The most recent interactions involved Edward manipulating Charlie into re-grounding Bella, their argument about her safety, and their trip to Florida. There is no described 'compromise' discussion that would establish this reference, making it appear to reference an off-screen event that contradicts the documented narrative flow."
073.txt,"[coherence] Bella states that Edward 'would never have to make the choice between me and his family again,' referencing a past event where he had to choose. However, based on previous chapters, there is no established incident where Edward explicitly had to choose between Bella and his family. The closest would be his departure in New Moon, but that was his own decision, not a forced choice between two parties.",
074.txt,"[cross_chapter] Bella refers to giving back 'the hand-me-down ring' and her left hand feeling heavier, but in Chapter 74 (previous summaries), Edward proposed with his mother's ring and Bella agreed to marry him. The ring was not 'hand-me-down' in a negative sense, and she had accepted it, not given it back. This contradicts the established engagement.","[cross_chapter] Bella's left hand is described as feeling heavy from a ring she gave back, but in Chapter 74 she accepted Edward's mother's engagement ring. However, earlier in this same chapter she says 'Though I'd given back the hand-me-down ring as soon as I could do it without hurting his feelings' - this contradicts the previous chapter where she had just accepted the proposal and ring. The timeline is confused about whether she has the ring or not."
074.txt,"[cross_chapter] Bella plans to go to Vegas to get married without telling anyone, but in Chapter 74 she already agreed to marry Edward with his mother's ring and Alice was clearly going to be involved. Alice's vision abilities would also make secret-keeping impossible, which Bella acknowledges. This 'Vegas elopement' plan contradicts the established engagement and Alice's involvement.","[cross_chapter] Alice is described as having 'long black eyebrows' but vampires in the series are consistently described as having pale, colorless skin and features. More importantly, this contradicts established descriptions of Alice's appearance from previous chapters where she is depicted with distinctive short, spiky black hair and delicate features, not specifically 'long black eyebrows' as a notable feature."
074.txt,"[coherence] Alice claims she can't see where Edward is exactly because he's 'taking off with that dog this afternoon,' but Alice's visions are based on decisions and futures involving people she knows. Edward's future should be visible to her regardless of Jacob's presence, and she has previously seen futures involving werewolves. This seems like a convenient excuse that doesn't align with established rules of her ability.","[cross_chapter] Jacob refers to 'what happened the other day' regarding a kiss that doesn't count, but the forced kiss described in Chapter 69 was much more recent and traumatic than 'the other day' suggests in casual conversation. Additionally, Bella says 'Edward is the only person I've ever kissed' and Jacob says 'Besides me,' but Bella then says 'But I don't count that as a kiss, Jacob. I think of it more as an assault.' This is consistent with Chapter 69, but Jacob's casual framing of it as 'what happened the other day' understates the severity of the assault that broke her hand."
074.txt,"[cross_chapter] Edward claims he 'got over' his bloodlust reaction to Bella's blood, citing his experience thinking she was dead. However, in Chapter 28-29 (previous summaries), Jasper attacked Bella over a minor paper cut and all the Cullens struggled with bloodlust, indicating Edward's reaction to Bella's blood was still extremely potent. The narrative has consistently shown Bella's blood as uniquely tempting to Edward specifically, making his sudden calmness around her bleeding hand inconsistent with established vampire physiology and their specific dynamic.","[coherence] Edward claims he 'got over' his bloodlust reaction to Bella's blood because he 'lived through an entire twenty-four hours thinking that you were dead' - but this explanation doesn't logically follow. His traumatic experience of thinking she was dead (which happened in Chapter 46-47 when Alice had a vision of her cliff diving) wouldn't naturally cause him to lose his physiological reaction to her blood scent. If anything, nearly losing her would typically intensify protective/vampiric instincts rather than eliminate a fundamental biological response. The causality is unconvincing and seems like a convenient narrative shortcut."
075.txt,"[cross_chapter] Edward states he was able to stay away from Bella for 'over six months' when he left her in New Moon, but in Chapter 30 (New Moon), Bella's depression timeline shows approximately four months passed from September to January before she started hanging out with Jacob. The 'over six months' claim contradicts the established timeline of events in New Moon where Bella's depression and Jacob friendship development occurred over roughly four months.","[cross_chapter] Edward claims he can read Jacob's thoughts, but in previous chapters (Chapter 42, 59), it's established that Edward cannot read werewolf minds. Jacob's thoughts are described as 'loud' and Edward complains about hearing his 'little fantasies,' which directly contradicts the established rule that werewolf minds are blocked to vampire mind-reading abilities."
075.txt,"[coherence] Edward describes four possibilities for his relationship with Bella, but his numbering is logically inconsistent. He says option one is best for Bella (her getting over him), option two was staying with her through human life, option three was leaving her (which he did), and option four is turning her into a vampire. However, he describes option three as 'taking myself out of her world, hoping to force her into the first alternative' - but this is identical to option one, not a separate option. The logic collapses because option three's goal is option one, making them the same strategy rather than distinct possibilities.","[cross_chapter] Jacob mentions 'the third wife' story that Bella was reluctant to tell Edward about, but in Chapter 65, Bella heard this story at the Quileute bonfire/council meeting while Edward was not present. There's no indication in previous chapters that Bella was reluctant to tell Edward this story or that she even had the opportunity to tell him, making this reference inconsistent with established events."
075.txt,"[cross_chapter] Edward tells Jacob that Bella 'jumped off a cliff in March' and that if he had 'waited another six months to check on her,' he might have found her happy. However, in Chapter 32 (New Moon), Bella's cliff jump occurred in early spring (February/March timeframe based on the narrative), and Alice saw her jump in a vision which prompted the Cullens' return. Edward's statement implies he would have checked on her in September (six months after March), but Alice's vision of the cliff jump is what actually triggered their return to Forks, not a routine check. This contradicts the established causation in New Moon where Alice's vision directly caused Edward's return and subsequent misunderstanding about Bella's death.","[coherence] Jacob claims his higher body temperature (108.9°F) is due to being a werewolf, but earlier in the chapter he attributes his thicker fur to having longer hair in human form. The narrative presents his fur thickness as a result of his human hair length, which is biologically incoherent—these are two separate forms with no established causal mechanism connecting human hair length to wolf fur characteristics."
076.txt,"[coherence] Edward claims he wasn't listening to Bella and Jacob's conversation, but he clearly was present and heard everything, including Jacob's howl of pain. He then admits 'I never promised to fight fair,' confirming he deliberately let Jacob overhear their conversation about marriage and best nights. This is a direct contradiction—he was listening and orchestrated the situation, yet claims he 'won't listen, either' when taking Seth away.","[cross_chapter] Edward claims he 'never promised to fight fair' and deliberately let Jacob overhear intimate conversation, but this contradicts his established character as obsessively protective of Bella's wellbeing. In Chapter 69, Edward threatened Jacob with violence for forcibly kissing Bella, yet here he deliberately provokes Jacob knowing it could trigger a violent confrontation with a werewolf inches from Bella in a tent—putting her at extreme physical risk. His calculated cruelty to Jacob overrides his protective instincts in ways inconsistent with established behavior."
076.txt,"[cross_chapter] Bella refers to 'Dr. Jekyll and Mr. Hyde' as a way to differentiate between 'the Jacob I like and the one who annoys the hell out of me,' but this metaphor contradicts her established literary reference pattern. In Chapter 65, Edward was specifically reading 'Wuthering Heights' and Bella compared herself to Cathy. The sudden shift to a different classic literary parallel without narrative setup is inconsistent with the established motif, especially since Bella has never shown familiarity with Stevenson before.","[coherence] Bella claims she would move out of state to avoid Jacob, but this is logically inconsistent with her established inability to function without Edward (shown in Chapter 30-31 when Edward left) and her complete financial/social dependence on Charlie. She has no means to independently relocate, and her previous depression showed she lacks psychological capacity for such drastic independent action."
076.txt,"[emotional] Bella's emotional arc contains a severe contradiction. She explicitly decides to never hurt Edward again ('I had to never hurt him again. That would be my mission in life'), yet moments later she begs Jacob to kiss her and admits to being in love with him—while Edward is actively trying to help her by bringing Jacob back. This emotional whiplash lacks sufficient psychological transition; she moves from absolute commitment to Edward to physical betrayal with Jacob in an implausibly short timeframe, undermining the sincerity of her earlier resolution.","[coherence] Jacob threatens suicide-by-battle as emotional manipulation, but this contradicts werewolf pack dynamics established in previous chapters where pack members cannot simply choose to die—their instinctive self-preservation and telepathic pack bonds would prevent deliberate self-sacrifice. Additionally, Jacob's role as potential Alpha (Chapter 75) makes his willingness to abandon pack responsibility incoherent."
076.txt,,"[emotional] Bella's realization that she loves Jacob romantically directly contradicts her categorical declarations throughout previous chapters (particularly Chapters 51, 58, 62) that her love for Edward is absolute and exclusive. The narrative frames this as genuine epiphany rather than manipulation, yet her subsequent actions (still choosing Edward, still planning transformation) treat it as meaningless—creating either emotional incoherence or suggesting her 'love' for Jacob is situational desperation, which the text refuses to acknowledge."
076.txt,,"[cross_chapter] Edward states 'Truce over' after Jacob's howl of pain, but the 'truce' established in Chapter 76 was explicitly conditional on Jacob warming Bella until morning/first light. The events of this chapter occur the next morning after Jacob has already left the tent once—meaning the truce had already naturally expired by its own terms, making Edward's declaration of 'Truce over' temporally nonsensical as if he's unilaterally ending something already concluded."
077.txt,"[cross_chapter] Edward claims he got a 'fairly comprehensive look' at what happened between Bella and Jacob through Jacob's 'vivid mental pictures,' but in Chapter 40 and earlier chapters, it was established that Edward cannot read Jacob's mind because he is a werewolf. This is a fundamental limitation that is repeatedly emphasized throughout the series.","[coherence] Edward claims Jacob 'would have kissed you anyway—even if you hadn't fallen for it,' but this contradicts the actual events where Jacob manipulated Bella into asking him to kiss her by pretending he was going to die in battle. Jacob explicitly says 'I'm just going to do this one thing, and then I'm—' to make Bella believe he's sacrificing himself, which is what prompts her to ask him to kiss her. Edward's characterization of Jacob as simply taking an opportunity ignores the deliberate deception Jacob employed."
077.txt,"[cross_chapter] Edward says he can hear Seth's thoughts and the pack's reactions, but earlier established lore indicates Edward cannot read any werewolf minds. In Chapter 40 and subsequent chapters, Edward's inability to read Jacob's mind is a major plot point. Seth being a werewolf means Edward should not be able to hear his thoughts either.","[cross_chapter] Edward states 'I can be noble, Bella. I'm not going to make you choose between us,' which directly contradicts his established character and previous behavior. Throughout the series, Edward has been possessive and controlling regarding Bella's relationships, particularly with Jacob. In Chapter 53, Edward explicitly forbids Bella from seeing Jacob due to werewolf danger. His sudden willingness to let Bella have 'whatever part of me you want, or none at all' is inconsistent with his pattern of making decisions for Bella and his intense jealousy regarding Jacob."
077.txt,"[coherence] Bella states she has no silver dagger but would find a way to bleed like the third wife to save them, yet earlier in the chapter she specifically notes her hand is bandaged and she has a stone shard. The narrative sets up her later self-injury with the stone shard, but this thought about having 'no silver dagger' is oddly specific and doesn't match her actual plan—she uses the stone to cut her arm, not a dagger. This is minor but the 'no silver dagger' reference seems to forget she has a usable sharp object already in hand.","[coherence] Bella's internal logic about Seth's safety contains a contradiction. She thinks 'there was no one Seth could run to for help' and that 'Victoria had timed her decision perfectly,' yet simultaneously thinks 'at least Seth was safe' because she 'couldn't see the huge sandy wolf in my head when I thought his name—just the gangly fifteen-year-old boy.' This is nonsensical—Seth's physical form doesn't change based on Bella's mental image of him, and he's demonstrably not safe since he's actively fighting Riley and gets severely injured. Her relief about his safety is immediately proven false by events."
077.txt,"[cross_chapter] Bella refers to a 'long scar' at her elbow 'from my last birthday' where her 'flowing blood had been enough to catch every vampire's attention.' However, in Chapter 28-29, Bella's birthday injury was a paper cut on her finger that caused Jasper to attack her, not a cut at her elbow. The scar she refers to seems to conflate or misremember the location and nature of her birthday injury.",
078.txt,"[coherence] Edward and Seth are described as burning vampire remains with a butane lighter, but vampire bodies are established to be extremely durable and difficult to destroy. The text states they merely used dry pine needles and a lighter, yet earlier in the series vampire destruction requires extreme measures. More significantly, the narrative states 'Seth handled the pieces with his teeth' and 'occasionally tossing small lumps of white stone into the blaze' - but vampire bodies are described as marble-like and indestructible to normal fire. The 'white stone' description contradicts established vampire physiology where their bodies are not stone-like when destroyed.",
078.txt,"[cross_chapter] Edward expresses fear that Bella will be afraid of him after witnessing him dismember Victoria, claiming 'I just beheaded and dismembered a sentient creature not twenty yards from you.' However, in Chapter 24 (implied by previous summaries), Bella already witnessed the Cullens tearing James apart and was present during violent vampire destruction. In Chapter 28-29, she witnessed Jasper attack her at her birthday party and the Cullens restraining him. Edward's extreme fear that Bella would reject him for seeing violence is inconsistent with her prior exposure to vampire violence and her established acceptance of his nature. Additionally, Edward's statement that 'I won't hurt you' and his hands-up approach treats Bella as if she's never seen his violent capabilities before, despite their extensive history.",
079.txt,,"[cross_chapter] Jacob claims he saved Leah and missed the fight, but in Chapter 77, Jacob was present at the tent with Bella and Edward, and in Chapter 78, Seth fought alongside Edward against Victoria and Riley. The battle involved the entire pack, and Jacob was not injured saving Leah during the main battle—he was at the campsite until leaving for battle, then kissing Bella, then fighting. This contradicts Jacob's account here."
079.txt,,"[cross_chapter] Bella says Edward 'wasn't even mad at you' to Jacob, but in Chapter 77, Edward explicitly called Jacob's manipulation 'a trick' and was furious enough to nearly attack Jacob physically. Edward also deliberately caused Jacob emotional pain by revealing intimate details. This characterization of Edward as 'not even mad' contradicts the intense hostility shown in the previous chapter."
079.txt,,"[coherence] Jacob claims he 'always knew this was a long shot' and accepts defeat gracefully, yet in Chapter 77 he manipulated Bella into kissing him by threatening suicide, and here he admits he'd 'do it again.' His sudden mature acceptance contradicts his desperate, manipulative behavior literally hours earlier in narrative time."
079.txt,,"[cross_chapter] Jacob tells Bella 'I'll be your friend' and 'I won't ask for more than that,' but in Chapter 77 he explicitly threatened suicide to force a kiss and declared he would keep fighting for her. The timeline is compressed—this conversation happens the same day/night as the battle—and Jacob's sudden transformation to mature acceptance is inconsistent with his recent behavior."
079.txt,,"[temporal] Charlie describes Jacob as awake and cursing loudly when he saw him, and Carlisle was still there. But earlier in this same chapter, Alice tells Bella that 'Carlisle or Edward will call when he's awake,' implying Jacob was still unconscious when Bella left Alice's house. The timeline is confused—if Jacob was awake enough to curse and tease Charlie while Carlisle was still there, why didn't Carlisle call? And how much time passed between Bella leaving Alice and arriving at Billy's?"
080.txt,"[cross_chapter] Alice claims she had a 'distinct possibility' that things would turn out this way and ordered a wedding dress in advance, yet in previous chapters Alice's visions of Bella's future were consistently blocked by Jacob's presence. Alice could not see Bella becoming a vampire or marrying Edward while Jacob remained in the picture, making it impossible for her to have foreseen this outcome clearly enough to order a custom designer dress with a waiting list.","[coherence] Alice claims she has 'until August thirteenth at the latest' for wedding planning, but Bella later says 'That gives me a month till my birthday' which would make her birthday September 13th. However, in Chapter 28 (previous summaries), Bella's 18th birthday was clearly established as occurring, and the timeline throughout the series consistently places her birthday in September. The August 13th date for the wedding would actually be before her birthday, not giving her 'a month till my birthday' - it would be about a month before her birthday, but the phrasing suggests the wedding is after her birthday. This is mathematically inconsistent."
080.txt,"[coherence] Edward claims he 'hasn't forgotten the rest of your demands' and implies he will turn Bella into a vampire immediately ('Tonight. Today. The sooner the better'), yet moments later he is kissing her intensely and she has to stop him. This is inconsistent with Edward's established character—he has always been the one resisting Bella's transformation, and his sudden willingness to turn her without any of their negotiated conditions (marriage first) contradicts his entire arc. The narrative presents this as Edward being impulsive due to love, but it fundamentally breaks his established motivation and the careful bargaining structure built across multiple chapters.","[cross_chapter] Bella quotes Wuthering Heights and references Cathy and Heathcliff's famous lines, but in Chapter 65 (previous summaries), Edward was reading Wuthering Heights and Bella found 'an unsettling passage about drinking blood in the book.' The specific quotes Bella uses here about 'If all else perished, and he remained' and 'I cannot live without my life! I cannot live without my soul!' are the actual famous lines from Wuthering Heights, not passages about drinking blood. This creates inconsistency with what was supposedly disturbing about the book in the previous chapter - unless Edward was reading a different passage, but the narrative framing suggests this is the same book with disturbing parallels to vampire nature."
080.txt,,"[emotional] Bella has an extreme emotional breakdown over choosing Edward and rejecting Jacob, sobbing uncontrollably, needing to be carried, and requiring Edward to hold her through the night. Yet the very next morning, she is calm enough to joke with Alice, plan wedding details, banter with Edward about seduction, and make lighthearted quips about Alice being a psychic. This emotional recovery is implausibly rapid given the intensity of grief described - she goes from 'hysteria which frightened Edward' and 'the worst night' to functional enough for social niceties and strategic wedding planning in a matter of hours, with no realistic processing time shown."
081.txt,"[cross_chapter] Jacob references controlling his temper and phasing as something new and easy, but this contradicts earlier chapters where he has already been a werewolf for months and has struggled with control. The narrative treats his emotional control as a recent achievement, but he phased long ago and has been dealing with pack dynamics throughout.","[cross_chapter] Jacob references a 'motorcycle accident' as cover for his injury, but in previous chapters (Chapter 36), Jacob was the one teaching Bella to ride motorcycles and Bella was the one who crashed and needed stitches. There is no established 'motorcycle accident' involving Jacob that Charlie would have witnessed and spread word about. This appears to be a fabricated cover story, but the narrative presents it as something Charlie actually saw and reported, which contradicts established events where Jacob was never injured in a motorcycle crash."
081.txt,"[cross_chapter] Jacob uses crutches and a sling from a fake 'motorcycle accident,' but this is inconsistent with previous chapters where he was never injured in a motorcycle accident. The motorcycles were Bella's project that she crashed, not Jacob's. Charlie saw Bella's injuries, not Jacob's, making this cover story nonsensical for Jacob.","[cross_chapter] Jacob receives a wedding invitation from Bella and Edward, with a note from Edward. However, in Chapter 80, Jacob had already surrendered his romantic claim on Bella and accepted their situation, even comparing it to King Solomon's judgment. The emotional devastation of receiving a wedding invitation would make sense, but Jacob's internal monologue here suggests he is still in active, acute grief about Bella choosing Edward, without acknowledging the recent resolution and acceptance he had reached. Additionally, the invitation's arrival seems sudden given that in Chapter 81, Bella had only just agreed to wedding planning with Alice and they were preparing to tell Charlie. The timeline of the wedding invitation being already printed, addressed, and mailed seems compressed."
081.txt,"[emotional] Jacob's emotional reaction to Edward's note is inconsistent with his established character. After months of hostility toward Edward and the Cullens, and after having developed genuine feelings for Bella, Jacob's immediate response to reading Edward's polite note is to phase and run away indefinitely—an extreme overreaction that doesn't align with his previous more measured (if bitter) responses to Edward.",
